HIERARCHY
ROOT Hips
{
    OFFSET 0.000000 91.430000 0.000000
    CHANNELS 6 Xposition Yposition Zposition Zrotation Yrotation Xrotation
    JOINT RightUpLeg
    {
        OFFSET -9.250000 -0.000000 0.000000
        CHANNELS 3 Zrotation Yrotation Xrotation
        JOINT RightLeg
        {
            OFFSET 0.000000 -41.869999 0.000000
            CHANNELS 3 Zrotation Yrotation Xrotation
            JOINT RightFoot
            {
                OFFSET 0.000000 -41.869999 0.000000
                CHANNELS 3 Zrotation Yrotation Xrotation
                End Site
                {
                    OFFSET 0.000000 -7.690000 14.000000
                }
            }
        }
    }
    JOINT LeftUpLeg
    {
        OFFSET 9.250000 -0.000000 0.000000
        CHANNELS 3 Zrotation Yrotation Xrotation
        JOINT LeftLeg
        {
            OFFSET 0.000000 -41.869999 0.000000
            CHANNELS 3 Zrotation Yrotation Xrotation
            JOINT LeftFoot
            {
                OFFSET 0.000000 -41.869999 0.000000
                CHANNELS 3 Zrotation Yrotation Xrotation
                End Site
                {
                    OFFSET 0.000000 -7.690000 14.000000
                }
            }
        }
    }
    JOINT Spine
    {
        OFFSET 0.000000 7.818000 0.000000
        CHANNELS 3 Zrotation Yrotation Xrotation
        JOINT Spine1
        {
            OFFSET 0.000000 17.309999 0.000000
            CHANNELS 3 Zrotation Yrotation Xrotation
            JOINT Spine2
            {
                OFFSET 0.000000 12.285000 0.000000
                CHANNELS 3 Zrotation Yrotation Xrotation
                JOINT Neck
                {
                    OFFSET 0.000000 18.427000 0.000000
                    CHANNELS 3 Zrotation Yrotation Xrotation
                    JOINT Neck1
                    {
                        OFFSET 0.000000 4.735000 0.000000
                        CHANNELS 3 Zrotation Yrotation Xrotation
                        JOINT Head
                        {
                            OFFSET 0.000000 4.735000 0.000000
                            CHANNELS 3 Zrotation Yrotation Xrotation
                            End Site
                            {
                                OFFSET 0.000000 15.950000 0.000000
                            }
                        }
                    }
                }
                JOINT RightShoulder
                {
                    OFFSET -2.792000 12.843000 0.000000
                    CHANNELS 3 Zrotation Yrotation Xrotation
                    JOINT RightArm
                    {
                        OFFSET -13.208000 0.000000 0.000000
                        CHANNELS 3 Zrotation Yrotation Xrotation
                        JOINT RightForeArm
                        {
                            OFFSET -26.500000 0.000000 0.000000
                            CHANNELS 3 Zrotation Yrotation Xrotation
                            JOINT RightHand
                            {
                                OFFSET -26.000000 0.000000 0.000000
                                CHANNELS 3 Zrotation Yrotation Xrotation
                                JOINT RightHandThumb1
                                {
                                    OFFSET -1.842000 -0.461000 2.395000
                                    CHANNELS 3 Zrotation Yrotation Xrotation
                                    JOINT RightHandThumb2
                                    {
                                        OFFSET -3.682000 0.000000 0.000000
                                        CHANNELS 3 Zrotation Yrotation Xrotation
                                        JOINT RightHandThumb3
                                        {
                                            OFFSET -2.559000 0.000000 0.000000
                                            CHANNELS 3 Zrotation Yrotation Xrotation
                                            End Site
                                            {
                                                OFFSET -2.413000 0.000000 0.000000
                                            }
                                        }
                                    }
                                }
                                JOINT RightInHandIndex
                                {
                                    OFFSET -3.224000 0.508000 1.978000
                                    CHANNELS 3 Zrotation Yrotation Xrotation
                                    JOINT RightHandIndex1
                                    {
                                        OFFSET -5.217000 -0.091000 0.999000
                                        CHANNELS 3 Zrotation Yrotation Xrotation
                                        JOINT RightHandIndex2
                                        {
                                            OFFSET -3.620000 0.000000 0.000000
                                            CHANNELS 3 Zrotation Yrotation Xrotation
                                            JOINT RightHandIndex3
                                            {
                                                OFFSET -2.052000 0.000000 0.000000
                                                CHANNELS 3 Zrotation Yrotation Xrotation
                                                End Site
                                                {
                                                    OFFSET -1.805000 0.000000 0.000000
                                                }
                                            }
                                        }
                                    }
                                }
                                JOINT RightInHandMiddle
                                {
                                    OFFSET -3.382000 0.518000 0.757000
                                    CHANNELS 3 Zrotation Yrotation Xrotation
                                    JOINT RightHandMiddle1
                                    {
                                        OFFSET -5.174000 -0.084000 0.314000
                                        CHANNELS 3 Zrotation Yrotation Xrotation
                                        JOINT RightHandMiddle2
                                        {
                                            OFFSET -3.949000 0.000000 0.000000
                                            CHANNELS 3 Zrotation Yrotation Xrotation
                                            JOINT RightHandMiddle3
                                            {
                                                OFFSET -2.476000 0.000000 0.000000
                                                CHANNELS 3 Zrotation Yrotation Xrotation
                                                End Site
                                                {
                                                    OFFSET -1.975000 0.000000 0.000000
                                                }
                                            }
                                        }
                                    }
                                }
                                JOINT RightInHandRing
                                {
                                    OFFSET -3.366000 0.538000 -0.129000
                                    CHANNELS 3 Zrotation Yrotation Xrotation
                                    JOINT RightHandRing1
                                    {
                                        OFFSET -4.635000 -0.022000 -0.479000
                                        CHANNELS 3 Zrotation Yrotation Xrotation
                                        JOINT RightHandRing2
                                        {
                                            OFFSET -3.442000 0.000000 0.000000
                                            CHANNELS 3 Zrotation Yrotation Xrotation
                                            JOINT RightHandRing3
                                            {
                                                OFFSET -2.388000 0.000000 0.000000
                                                CHANNELS 3 Zrotation Yrotation Xrotation
                                                End Site
                                                {
                                                    OFFSET -1.857000 0.000000 0.000000
                                                }
                                            }
                                        }
                                    }
                                }
                                JOINT RightInHandPinky
                                {
                                    OFFSET -3.161000 0.470000 -1.202000
                                    CHANNELS 3 Zrotation Yrotation Xrotation
                                    JOINT RightHandPinky1
                                    {
                                        OFFSET -4.141000 -0.022000 -1.091000
                                        CHANNELS 3 Zrotation Yrotation Xrotation
                                        JOINT RightHandPinky2
                                        {
                                            OFFSET -2.757000 0.000000 0.000000
                                            CHANNELS 3 Zrotation Yrotation Xrotation
                                            JOINT RightHandPinky3
                                            {
                                                OFFSET -1.742000 0.000000 0.000000
                                                CHANNELS 3 Zrotation Yrotation Xrotation
                                                End Site
                                                {
                                                    OFFSET -1.645000 0.000000 0.000000
                                                }
                                            }
                                        }
                                    }
                                }
                            }
                        }
                    }
                }
                JOINT LeftShoulder
                {
                    OFFSET 2.792000 12.843000 0.000000
                    CHANNELS 3 Zrotation Yrotation Xrotation
                    JOINT LeftArm
                    {
                        OFFSET 13.208000 0.000000 0.000000
                        CHANNELS 3 Zrotation Yrotation Xrotation
                        JOINT LeftForeArm
                        {
                            OFFSET 26.500000 0.000000 0.000000
                            CHANNELS 3 Zrotation Yrotation Xrotation
                            JOINT LeftHand
                            {
                                OFFSET 26.000000 0.000000 0.000000
                                CHANNELS 3 Zrotation Yrotation Xrotation
                                JOINT LeftHandThumb1
                                {
                                    OFFSET 1.842000 -0.461000 2.395000
                                    CHANNELS 3 Zrotation Yrotation Xrotation
                                    JOINT LeftHandThumb2
                                    {
                                        OFFSET 3.682000 0.000000 0.000000
                                        CHANNELS 3 Zrotation Yrotation Xrotation
                                        JOINT LeftHandThumb3
                                        {
                                            OFFSET 2.559000 0.000000 0.000000
                                            CHANNELS 3 Zrotation Yrotation Xrotation
                                            End Site
                                            {
                                                OFFSET 2.413000 0.000000 0.000000
                                            }
                                        }
                                    }
                                }
                                JOINT LeftInHandIndex
                                {
                                    OFFSET 3.224000 0.508000 1.978000
                                    CHANNELS 3 Zrotation Yrotation Xrotation
                                    JOINT LeftHandIndex1
                                    {
                                        OFFSET 5.217000 -0.091000 0.999000
                                        CHANNELS 3 Zrotation Yrotation Xrotation
                                        JOINT LeftHandIndex2
                                        {
                                            OFFSET 3.620000 0.000000 0.000000
                                            CHANNELS 3 Zrotation Yrotation Xrotation
                                            JOINT LeftHandIndex3
                                            {
                                                OFFSET 2.052000 0.000000 0.000000
                                                CHANNELS 3 Zrotation Yrotation Xrotation
                                                End Site
                                                {
                                                    OFFSET 1.805000 0.000000 0.000000
                                                }
                                            }
                                        }
                                    }
                                }
                                JOINT LeftInHandMiddle
                                {
                                    OFFSET 3.382000 0.518000 0.757000
                                    CHANNELS 3 Zrotation Yrotation Xrotation
                                    JOINT LeftHandMiddle1
                                    {
                                        OFFSET 5.174000 -0.084000 0.314000
                                        CHANNELS 3 Zrotation Yrotation Xrotation
                                        JOINT LeftHandMiddle2
                                        {
                                            OFFSET 3.949000 0.000000 0.000000
                                            CHANNELS 3 Zrotation Yrotation Xrotation
                                            JOINT LeftHandMiddle3
                                            {
                                                OFFSET 2.476000 0.000000 0.000000
                                                CHANNELS 3 Zrotation Yrotation Xrotation
                                                End Site
                                                {
                                                    OFFSET 1.975000 0.000000 0.000000
                                                }
                                            }
                                        }
                                    }
                                }
                                JOINT LeftInHandRing
                                {
                                    OFFSET 3.366000 0.538000 -0.129000
                                    CHANNELS 3 Zrotation Yrotation Xrotation
                                    JOINT LeftHandRing1
                                    {
                                        OFFSET 4.635000 -0.022000 -0.479000
                                        CHANNELS 3 Zrotation Yrotation Xrotation
                                        JOINT LeftHandRing2
                                        {
                                            OFFSET 3.442000 0.000000 0.000000
                                            CHANNELS 3 Zrotation Yrotation Xrotation
                                            JOINT LeftHandRing3
                                            {
                                                OFFSET 2.388000 0.000000 0.000000
                                                CHANNELS 3 Zrotation Yrotation Xrotation
                                                End Site
                                                {
                                                    OFFSET 1.857000 0.000000 0.000000
                                                }
                                            }
                                        }
                                    }
                                }
                                JOINT LeftInHandPinky
                                {
                                    OFFSET 3.161000 0.470000 -1.202000
                                    CHANNELS 3 Zrotation Yrotation Xrotation
                                    JOINT LeftHandPinky1
                                    {
                                        OFFSET 4.141000 -0.022000 -1.091000
                                        CHANNELS 3 Zrotation Yrotation Xrotation
                                        JOINT LeftHandPinky2
                                        {
                                            OFFSET 2.757000 0.000000 0.000000
                                            CHANNELS 3 Zrotation Yrotation Xrotation
                                            JOINT LeftHandPinky3
                                            {
                                                OFFSET 1.742000 0.000000 0.000000
                                                CHANNELS 3 Zrotation Yrotation Xrotation
                                                End Site
                                                {
                                                    OFFSET 1.645000 0.000000 0.000000
                                                }
                                            }
                                        }
                                    }
                                }
                            }
                        }
                    }
                }
            }
        }
    }
}
MOTION
Frames: 439
Frame Time: 0.008333
45.075684 91.117874 -495.615967 1.695634 0.970137 -0.618251 177.736633 -175.845779 -176.511536 0.202496 -12.795372 4.806654 0.447681 5.215604 -8.156741 1.221128 10.997056 5.560962 179.917740 -172.078705 -178.752548 179.101700 -172.599167 174.751938 179.493393 -179.871155 -179.100754 179.157150 -179.876175 -179.118118 178.894745 -179.396591 -179.368225 1.543661 0.150363 -5.562280 1.596065 0.181585 -6.489162 1.115967 -1.622421 -4.770879 8.376165 7.831555 2.287869 64.684143 -5.890755 -13.265245 90.582024 54.533867 87.595123 174.815659 163.715347 -177.088562 21.122334 31.516090 71.830948 10.625669 -0.000000 0.000000 7.076702 -0.000000 0.000001 180.000000 180.000000 -180.000000 65.477188 6.346008 13.619484 52.951572 -0.000000 0.000000 37.066113 -0.000003 -0.000001 180.000000 180.000000 -180.000000 79.094215 -0.000001 0.000004 79.094185 0.000002 -0.000003 52.676746 0.000002 -0.000003 180.000000 180.000000 -180.000000 85.146263 -0.854762 -9.963769 85.071732 -0.000000 0.000000 56.657764 -0.000006 -0.000003 180.000000 180.000000 -180.000000 89.060295 -0.342006 -19.997196 109.999992 0.000005 0.000001 80.000008 -0.000002 0.000003 172.277771 -177.164200 -179.094315 118.528114 178.885574 178.364319 86.726318 -116.149223 -84.540314 19.617954 -15.540909 -6.408832 155.839584 -146.263687 -108.247757 169.947128 180.000000 -179.999985 173.304794 -179.999985 180.000000 0.000000 -0.000000 0.000000 90.965935 -179.741196 -165.002182 95.376831 -179.999985 -179.999985 120.763779 -179.999985 180.000000 0.000000 -0.000000 0.000000 91.000000 -180.000000 -179.999985 75.077286 -179.999985 -179.999985 110.121468 -179.999985 -179.999985 0.000000 -0.000000 0.000000 90.984802 179.826355 170.001495 70.000008 -179.999985 -179.999985 104.596413 -179.999985 180.000000 0.000000 -0.000000 0.000000 90.939705 179.657990 160.002792 70.000008 179.999985 180.000000 100.000023 180.000000 180.000000
45.048004 91.108162 -495.548828 1.712670 1.023003 -0.643253 177.778976 -175.731293 -176.522110 0.111042 -12.579040 5.034173 0.515219 5.053214 -8.454108 1.221835 10.850717 5.587570 179.900803 -172.227615 -178.682999 179.091064 -172.531067 174.649216 179.490494 -179.860184 -179.077637 179.152451 -179.865372 -179.095459 178.887634 -179.345322 -179.352448 1.547427 0.150661 -5.559688 1.599962 0.181945 -6.486140 1.116652 -1.603348 -4.768511 8.378608 7.832480 2.306950 64.639084 -5.952148 -13.300787 91.518082 54.386211 88.424355 174.709076 163.419662 -177.151718 21.463467 31.189472 72.117928 10.777630 0.000184 -0.000240 7.177893 0.000146 -0.000144 0.000000 0.000003 0.000000 66.386383 6.127760 13.717311 53.712345 0.001352 0.000573 37.598625 0.000507 0.000894 0.000000 0.000003 0.000000 80.018829 0.001745 -0.000546 80.018852 0.000829 0.001637 53.292526 -0.000551 0.001084 0.000000 0.000003 0.000000 86.053848 -0.693422 -9.976398 85.993477 0.000453 0.001763 57.271656 -0.000827 0.000879 0.000000 0.000003 0.000000 89.060295 -0.342008 -19.997198 110.000015 -0.000011 -0.000004 80.000000 0.000002 0.000001 172.280258 -177.175858 -179.077820 118.535942 178.939133 178.400543 85.678627 -116.290802 -83.466942 20.072748 -15.694060 -6.600882 155.510757 -146.842300 -107.906342 169.687546 -179.999908 179.999878 173.131897 -179.999924 179.999939 180.000000 179.999985 179.999985 90.965919 -179.741196 -165.002197 94.718994 -179.999695 -179.998932 120.303307 179.999466 -179.999435 180.000000 179.999985 179.999985 91.000000 -179.999985 -179.999985 74.262077 179.999985 -179.998672 109.578552 179.999146 -179.999725 180.000000 179.999985 179.999985 90.984818 179.826355 170.001495 70.000023 -179.999985 -179.999985 103.813492 179.998734 -179.999756 180.000000 179.999985 179.999985 90.939728 179.657990 160.002808 69.999985 179.999985 179.999985 100.000008 -179.999985 179.999985
45.016350 91.097214 -495.477051 1.727200 1.079522 -0.667405 177.825607 -175.592743 -176.545242 0.013442 -12.324935 5.303445 0.592258 4.866718 -8.805584 1.230752 10.659456 5.607925 179.869995 -172.439316 -178.593765 179.086563 -172.438324 174.520630 179.488693 -179.848160 -179.054947 179.149658 -179.853485 -179.073196 178.882874 -179.289139 -179.336990 1.550622 0.150913 -5.557461 1.603269 0.182249 -6.483543 1.116737 -1.581199 -4.766460 8.378785 7.833768 2.328481 64.592606 -6.013836 -13.339097 92.419617 54.229698 89.205772 174.631302 163.140823 -177.220978 21.770411 30.741879 72.313431 11.008705 0.000379 -0.000412 7.331806 0.000293 -0.000239 0.000000 -0.000000 0.000000 67.272514 5.913040 13.809436 54.454426 0.002394 0.000967 38.118099 0.000888 0.001571 0.000000 -0.000000 0.000000 80.941147 0.003068 -0.001023 80.941147 0.001471 0.002885 53.906784 -0.000984 0.001921 0.000000 -0.000000 0.000000 86.954353 -0.533553 -9.986413 86.907990 0.000823 0.003123 57.880718 -0.001483 0.001553 0.000000 -0.000000 0.000000 89.060295 -0.342005 -19.997198 110.000000 -0.000004 -0.000006 80.000000 -0.000002 -0.000002 172.281174 -177.187012 -179.061111 118.539574 178.991928 178.428207 84.664101 -116.459030 -82.427475 20.486162 -15.831820 -6.784967 155.138382 -147.026016 -107.644379 169.602570 -179.999802 179.999664 173.075333 -179.999847 179.999802 0.000000 0.000007 0.000000 90.965904 -179.741196 -165.002182 94.086952 -179.999466 -179.998474 119.860855 179.999268 -179.999161 0.000000 0.000007 0.000000 91.000000 179.999985 179.999985 73.532600 -179.999985 -179.997940 109.092697 179.998703 -179.999542 0.000000 0.000007 0.000000 90.984779 179.826355 170.001495 69.999992 179.999985 179.999985 103.112755 179.998154 -179.999649 0.000000 0.000007 0.000000 90.939713 179.657990 160.002808 69.999969 -179.999985 -179.999985 100.000038 -179.999985 179.999985
44.980949 91.084259 -495.402191 1.737650 1.132419 -0.685477 177.867798 -175.429504 -176.581665 179.923676 -167.917297 -174.411407 0.666884 4.716879 -9.182417 1.250171 10.535211 5.621374 179.836273 -172.575455 -178.503296 179.088287 -172.356277 174.384735 179.487686 -179.836899 -179.037384 179.148132 -179.842331 -179.055969 178.879852 -179.236542 -179.325119 1.553454 0.151121 -5.554955 1.606197 0.182500 -6.480612 1.117116 -1.565470 -4.764199 8.380883 7.832387 2.351876 64.545639 -6.058492 -13.354513 93.168152 54.090664 89.832062 174.584320 162.919876 -177.285477 22.005352 30.124228 72.335915 11.359665 0.000130 -0.000066 7.565532 0.000088 -0.000034 0.000000 -0.000000 0.000000 67.999519 5.736587 13.882233 55.063526 0.003824 0.001781 38.544464 0.001296 0.002656 0.000000 -0.000000 0.000000 81.677422 0.005281 -0.001647 81.677437 0.002314 0.005020 54.397137 -0.001862 0.003182 0.000000 -0.000000 0.000000 87.956245 -0.357053 -9.994210 87.617477 0.001299 0.005577 58.353214 -0.002744 0.002638 0.000000 -0.000000 0.000000 89.060287 -0.342005 -19.997187 110.000015 0.000007 0.000004 79.999985 0.000001 -0.000004 172.278503 -177.194275 -179.045029 118.540596 179.048660 178.480179 83.833961 -116.604431 -81.572128 20.838783 -15.917016 -6.939953 154.886612 -147.462662 -107.577713 169.350281 -179.999832 179.999680 172.907288 -179.999847 179.999802 180.000000 -179.999985 -179.999985 90.965958 -179.741196 -165.002182 93.691414 -179.998856 -179.997528 119.584045 179.998901 -179.998444 180.000000 -179.999985 -179.999985 91.000000 -179.999985 179.999985 73.048264 -179.999786 -179.996445 108.770119 179.997787 -179.999115 180.000000 -179.999985 -179.999985 90.984825 179.826355 170.001511 70.000008 -179.999985 -179.999985 102.687355 179.996658 -179.999298 180.000000 -179.999985 -179.999985 90.939751 179.658005 160.002808 70.000008 -179.999985 -180.000000 100.000000 179.999985 -179.999985
44.941441 91.069275 -495.323944 1.742227 1.188372 -0.698057 177.924973 -175.319641 -176.650909 179.814636 -168.241272 -174.052475 0.756497 4.425269 -9.626758 1.282535 10.373853 5.616174 179.796021 -172.707581 -178.375793 179.098465 -172.309036 174.206314 179.487930 -179.824249 -179.020645 179.148697 -179.829773 -179.039551 178.879440 -179.177460 -179.313873 1.555738 0.151333 -5.554546 1.608559 0.182755 -6.480131 1.117540 -1.553436 -4.763762 8.382523 7.829618 2.372884 64.495995 -6.106228 -13.366752 93.894005 53.930405 90.434639 174.492310 162.719574 -177.355438 22.358797 29.898447 73.024109 11.352600 0.000318 -0.000195 7.560831 0.000233 -0.000101 180.000000 -180.000000 179.999985 69.045784 5.478143 13.984780 55.941345 0.003526 0.001981 39.158951 0.001017 0.002645 180.000000 -180.000000 179.999985 82.800888 0.005323 -0.001349 82.800850 0.001942 0.005145 55.145397 -0.002107 0.002995 180.000000 -180.000000 179.999985 89.015167 -0.173637 -9.998506 88.790062 0.000974 0.005522 59.134132 -0.002854 0.002421 180.000000 -180.000000 179.999985 89.060249 -0.342002 -19.997200 110.000015 -0.000003 0.000002 80.000000 0.000001 0.000005 172.274612 -177.195755 -179.029541 118.536919 179.095596 178.523010 82.989830 -116.763573 -80.707214 21.086956 -15.981680 -7.079395 154.459686 -147.656586 -107.310295 169.253571 -179.999847 179.999771 172.842880 -179.999863 179.999863 0.000000 -0.000000 0.000000 90.965919 -179.741180 -165.002182 93.044296 -179.999146 -179.998413 119.131042 179.999313 -179.998932 0.000000 -0.000000 0.000000 90.999977 -179.999985 179.999985 72.211044 -179.999832 -179.997482 108.212547 179.998444 -179.999359 0.000000 -0.000000 0.000000 90.984802 179.826370 170.001480 70.000008 179.999985 -179.999985 101.908279 179.997406 -179.999481 0.000000 -0.000000 0.000000 90.939743 179.657990 160.002808 70.000000 -179.999985 179.999985 100.000008 -179.999985 180.000000
44.891899 91.049911 -495.242126 1.740333 1.250925 -0.700625 177.998871 -175.349472 -176.758545 179.700180 -168.421951 -173.645233 0.818240 4.129229 -10.065178 1.328384 10.255357 5.586919 179.759125 -172.754547 -178.217514 179.108017 -172.296448 174.007095 179.488724 -179.809143 -179.004471 179.150269 -179.814728 -179.023666 178.880051 -179.106903 -179.303146 1.558484 0.151728 -5.559270 1.611393 0.183234 -6.485650 1.119099 -1.549026 -4.767722 8.388403 7.825116 2.375767 64.455612 -6.163164 -13.366048 94.485489 53.767586 90.956421 174.353043 162.572006 -177.414062 22.597849 29.719826 73.341545 11.399486 0.000003 -0.000001 7.592058 -0.000003 -0.000000 0.000000 -0.000000 0.000000 69.668434 5.318888 14.045589 56.464966 -0.000005 0.000001 39.525475 0.000003 0.000001 0.000000 -0.000000 0.000000 83.510033 0.000005 -0.000000 83.510017 0.000005 -0.000000 55.617672 -0.000003 -0.000002 0.000000 -0.000000 0.000000 89.015182 -0.173636 -9.998512 89.513313 -0.000002 -0.000002 59.615845 0.000003 0.000002 0.000000 -0.000000 0.000000 89.060295 -0.341999 -19.997210 110.000015 -0.000005 -0.000001 79.999977 -0.000001 -0.000001 172.269730 -177.185669 -179.028351 118.542221 179.114792 178.570511 82.234756 -116.838539 -79.947968 21.124588 -16.041121 -7.161178 154.310883 -147.835083 -107.055344 169.211563 180.000000 -180.000000 172.814880 179.999985 180.000000 0.000000 -0.000000 0.000000 90.965935 -179.741196 -165.002182 92.836670 180.000000 179.999985 118.985664 179.999985 179.999985 0.000000 -0.000000 0.000000 91.000000 179.999985 179.999985 71.916336 179.999985 179.999985 108.016296 -180.000000 -179.999985 0.000000 -0.000000 0.000000 90.984818 179.826355 170.001495 70.000008 -179.999985 -179.999985 101.594940 -179.999985 -180.000000 0.000000 -0.000000 0.000000 90.939743 179.657990 160.002792 70.000015 -179.999985 179.999985 100.000008 179.999985 -179.999985
44.843327 91.031090 -495.160736 1.738764 1.313214 -0.704013 178.070892 -175.369003 -176.863495 179.589188 -168.611877 -173.240219 0.884497 3.834956 -10.508512 1.373422 10.129451 5.559031 179.720856 -172.810608 -178.060852 179.119232 -172.282410 173.808655 179.489563 -179.794312 -178.988556 179.151871 -179.799988 -179.008072 178.880722 -179.037659 -179.292587 1.561207 0.152108 -5.563458 1.614203 0.183693 -6.490532 1.120660 -1.545081 -4.771228 8.393683 7.820350 2.381152 64.413612 -6.218199 -13.366154 95.087677 53.598747 91.482254 174.219254 162.420532 -177.473297 22.855961 29.548586 73.677147 11.439796 0.000076 -0.000026 7.618905 0.000052 -0.000010 0.000000 -0.000000 0.000000 70.295738 5.162926 14.102631 56.991749 0.000466 0.000330 39.894245 0.000090 0.000374 0.000000 -0.000000 0.000000 84.237488 0.000690 -0.000131 84.237457 0.000189 0.000677 56.102150 -0.000306 0.000356 0.000000 -0.000000 0.000000 89.015205 -0.173638 -9.998513 90.258430 0.000088 0.000698 60.112114 -0.000372 0.000274 0.000000 -0.000000 0.000000 89.060303 -0.342014 -19.997198 110.000000 0.000002 0.000003 80.000000 0.000002 -0.000003 172.265167 -177.175980 -179.024963 118.545830 179.137039 178.619568 81.477684 -116.915558 -79.185730 21.166327 -16.103964 -7.245677 154.157135 -148.025467 -106.817482 169.158524 180.000000 -179.999985 172.779587 -179.999985 179.999985 0.000000 -0.000000 0.000007 90.965912 -179.741196 -165.002167 92.612198 -179.999908 -179.999847 118.828545 179.999939 -179.999878 0.000000 -0.000000 0.000007 91.000000 -179.999985 -179.999985 71.600143 -179.999985 -179.999725 107.805695 179.999832 -179.999939 0.000000 -0.000000 0.000007 90.984802 179.826355 170.001511 70.000008 -179.999985 -179.999985 101.265709 179.999695 -179.999954 0.000000 -0.000000 0.000007 90.939720 179.657990 160.002823 69.999992 180.000000 180.000000 100.000008 -179.999985 -179.999985
44.791416 91.010628 -495.078705 1.734879 1.377459 -0.704215 178.150894 -175.423508 -176.981110 179.474701 -168.780945 -172.824966 0.944925 3.527360 -10.941759 1.422284 10.021471 5.523149 179.685837 -172.833832 -177.897827 179.127136 -172.281845 173.608063 179.490677 -179.778534 -178.972305 179.153992 -179.784286 -178.992142 178.881973 -178.963943 -179.281845 1.565496 0.152693 -5.569565 1.618633 0.184400 -6.497658 1.121555 -1.520236 -4.776274 8.400064 7.815673 2.378121 64.377159 -6.279014 -13.363194 95.632988 53.438766 91.975327 174.067261 162.283997 -177.527634 23.040354 29.364332 73.966537 11.486365 0.000201 -0.000040 7.649921 0.000134 -0.000009 0.000000 -0.000000 0.000000 70.902061 5.011614 14.156226 57.501137 0.000877 0.000730 40.250793 0.000128 0.000792 0.000000 -0.000000 0.000000 84.884125 0.001356 -0.000185 84.884140 0.000301 0.001335 56.532860 -0.000635 0.000647 0.000000 -0.000000 0.000000 89.015190 -0.173636 -9.998512 90.906433 0.000141 0.001366 60.543705 -0.000742 0.000532 0.000000 -0.000000 0.000000 89.060280 -0.342009 -19.997190 109.999992 -0.000003 0.000002 80.000015 -0.000006 0.000013 172.258865 -177.163483 -179.029709 118.554420 179.143677 178.659958 80.730972 -117.028404 -78.433563 21.191469 -16.145523 -7.319576 154.026077 -148.169556 -106.496742 169.159317 179.999985 -179.999985 172.780106 179.999985 -179.999985 180.000000 179.999985 179.999985 90.965912 -179.741196 -165.002197 92.449181 -179.999863 -179.999741 118.714401 179.999893 -179.999847 180.000000 179.999985 179.999985 91.000000 -179.999985 -179.999985 71.365273 -179.999985 -179.999557 107.649284 179.999725 -179.999893 180.000000 179.999985 179.999985 90.984810 179.826355 170.001480 70.000008 179.999985 179.999985 100.990211 179.999451 -179.999908 180.000000 179.999985 179.999985 90.939743 179.658005 160.002792 69.999992 180.000000 179.999985 100.000023 -180.000000 179.999985
44.736973 90.987221 -494.995117 1.731273 1.441928 -0.701192 178.234467 -175.577484 -177.105453 179.362152 -168.849304 -172.404892 0.995163 3.225266 -11.356402 1.471833 9.952408 5.485133 179.658234 -172.823532 -177.732559 179.129639 -172.276291 173.405289 179.491074 -179.761856 -178.955048 179.154892 -179.767700 -178.975204 178.881531 -178.886139 -179.270432 1.565825 0.152980 -5.578681 1.618963 0.184746 -6.508294 1.124369 -1.547170 -4.784164 8.412167 7.812941 2.365052 64.341980 -6.348393 -13.358037 96.133987 53.276791 92.444618 173.887161 162.164917 -177.578018 23.169104 29.117353 74.103615 11.596663 0.000324 -0.000011 7.723378 0.000214 0.000024 0.000000 -0.000003 0.000000 71.532539 4.853508 14.210235 58.031132 0.001262 0.001118 40.621792 0.000161 0.001159 0.000000 -0.000003 0.000000 85.517540 0.001996 -0.000303 85.517525 0.000452 0.001976 56.954681 -0.000950 0.000934 0.000000 -0.000003 0.000000 89.015205 -0.173645 -9.998502 91.534981 0.000260 0.002015 60.962257 -0.001095 0.000790 0.000000 -0.000003 0.000000 89.060280 -0.342008 -19.997204 110.000008 0.000003 -0.000002 79.999969 -0.000000 0.000004 172.252823 -177.151855 -179.041336 118.569641 179.150085 178.712357 80.031937 -117.096039 -77.739212 21.209333 -16.191816 -7.381534 153.897263 -148.307251 -106.139450 169.175156 -179.999969 179.999969 172.790649 -179.999985 179.999985 0.000000 -0.000000 0.000000 90.965912 -179.741196 -165.002197 92.343819 -179.999847 -179.999634 118.640671 179.999832 -179.999786 0.000000 -0.000000 0.000000 91.000000 179.999985 179.999985 71.194023 179.999985 -179.999374 107.535271 179.999588 -179.999863 0.000000 -0.000000 0.000000 90.984802 179.826355 170.001480 69.999985 -179.999985 -179.999985 100.782219 179.999146 -179.999924 0.000000 -0.000000 0.000000 90.939705 179.657990 160.002808 70.000023 -179.999985 -179.999985 100.000008 -180.000000 179.999985
44.679737 90.963158 -494.909332 1.727629 1.507549 -0.699507 178.324951 -175.697418 -177.239532 179.240204 -168.997055 -171.964554 1.045248 2.880122 -11.761164 1.526050 9.942193 5.449978 179.637634 -172.749985 -177.556625 179.123764 -172.272400 173.187088 179.491135 -179.743515 -178.933807 179.155304 -179.749466 -178.954391 178.880188 -178.800446 -179.256302 1.566051 0.153289 -5.588966 1.619187 0.185118 -6.520298 1.127774 -1.581411 -4.793076 8.425333 7.814523 2.345175 64.314217 -6.430870 -13.363286 96.617035 53.100800 92.917740 173.696350 162.030197 -177.630295 23.296982 28.591467 74.028862 11.906533 -0.000087 -0.000004 7.929760 -0.000058 -0.000010 0.000000 -0.000000 0.000003 72.337761 4.649282 14.277001 58.708626 0.000980 0.000814 41.096016 0.000136 0.000883 0.000000 -0.000000 0.000003 86.220367 0.001947 -0.000465 86.220413 0.000566 0.001914 57.422813 -0.000877 0.001003 0.000000 -0.000000 0.000003 89.015205 -0.173639 -9.998515 92.226204 0.000490 0.002017 61.422623 -0.001041 0.000923 0.000000 -0.000000 0.000003 89.060226 -0.342017 -19.997183 110.000015 -0.000001 0.000005 80.000000 -0.000008 0.000007 172.248291 -177.142700 -179.060242 118.591103 179.152054 178.752060 79.348862 -117.140953 -77.060730 21.205257 -16.267725 -7.441721 153.760971 -148.433289 -105.814789 169.185944 -179.999924 179.999832 172.797836 -179.999939 179.999893 180.000000 179.999985 179.999985 90.965912 -179.741196 -165.002182 92.251259 -179.999847 -179.999573 118.575920 179.999786 -179.999756 180.000000 179.999985 179.999985 91.000000 -179.999985 179.999985 71.020622 179.999969 -179.999374 107.419731 179.999588 -179.999908 180.000000 179.999985 179.999985 90.984802 179.826370 170.001480 70.000000 179.999985 180.000000 100.590790 179.998856 -179.999969 180.000000 179.999985 179.999985 90.939743 179.658005 160.002792 69.999977 179.999985 179.999985 100.000038 179.999985 -179.999985
44.618755 90.938370 -494.814240 1.732307 1.560971 -0.697602 178.387787 -175.666595 -177.336060 179.147690 -169.134964 -171.604828 1.065657 2.706694 -12.097864 1.570920 9.902662 5.422733 179.620651 -172.780624 -177.390808 179.097977 -172.205688 172.983398 179.490433 -179.726318 -178.910904 179.154434 -179.732391 -178.931931 178.877075 -178.720078 -179.240952 1.565001 0.153321 -5.593756 1.618096 0.185156 -6.525882 1.130448 -1.619519 -4.797322 8.436620 7.816344 2.328920 64.295853 -6.497492 -13.344305 96.957596 52.978050 93.238197 173.507278 161.913635 -177.685410 23.410959 28.512953 74.295303 11.892735 0.000005 0.000000 7.920566 0.000003 0.000001 0.000000 -0.000003 0.000000 72.703842 4.554809 14.306883 59.017002 0.000003 0.000002 41.311882 -0.000006 -0.000002 0.000000 -0.000003 0.000000 86.697113 0.000001 -0.000004 86.697113 -0.000002 -0.000002 57.740295 0.000002 -0.000003 0.000000 -0.000003 0.000000 89.015182 -0.173636 -9.998513 92.712929 0.000000 -0.000005 61.746803 -0.000002 0.000003 0.000000 -0.000003 0.000000 89.060280 -0.342004 -19.997198 110.000015 -0.000005 -0.000001 80.000000 -0.000005 0.000000 172.241989 -177.134247 -179.072632 118.619949 179.169449 178.774170 78.833710 -117.201004 -76.515083 21.266911 -16.334307 -7.505508 153.629303 -148.522537 -105.697876 169.153137 -180.000000 179.999985 172.775986 180.000000 -180.000000 0.000000 -0.000000 0.000000 90.965927 -179.741196 -165.002182 92.180168 -179.999985 180.000000 118.526100 -180.000000 179.999985 0.000000 -0.000000 0.000000 91.000000 -179.999985 179.999985 70.921761 180.000000 180.000000 107.353905 -179.999985 -179.999985 0.000000 -0.000000 0.000000 90.984810 179.826370 170.001480 69.999992 179.999985 180.000000 100.408859 -180.000000 179.999985 0.000000 -0.000000 0.000000 90.939713 179.657990 160.002792 70.000008 179.999985 -179.999985 100.000008 -179.999985 -179.999985
44.558178 90.913597 -494.720795 1.735149 1.615237 -0.695853 178.453339 -175.633835 -177.436386 179.053635 -169.278839 -171.243073 1.087580 2.528715 -12.432907 1.616823 9.860166 5.394707 179.602814 -172.808121 -177.227478 179.073669 -172.144302 172.783569 179.489944 -179.709213 -178.888580 179.153915 -179.715424 -178.910034 178.874481 -178.640228 -179.225998 1.563965 0.153366 -5.599020 1.617020 0.185209 -6.532021 1.133151 -1.657152 -4.801960 8.448081 7.818578 2.311881 64.276596 -6.565052 -13.327713 97.303841 52.851257 93.569000 173.315186 161.796844 -177.739914 23.512259 28.397707 74.559288 11.896358 -0.000081 0.000017 7.922977 -0.000051 0.000002 0.000000 0.000000 -0.000003 73.038399 4.469944 14.333058 59.298576 0.000221 0.000130 41.508984 0.000055 0.000163 0.000000 0.000000 -0.000003 87.143394 0.000344 -0.000154 87.143402 0.000175 0.000336 58.037468 -0.000133 0.000219 0.000000 0.000000 -0.000003 89.015213 -0.173641 -9.998506 93.168076 0.000166 0.000365 62.049946 -0.000163 0.000205 0.000000 0.000000 -0.000003 89.060310 -0.342007 -19.997198 109.999992 -0.000004 -0.000006 80.000000 0.000004 -0.000002 172.235611 -177.126617 -179.086273 118.649002 179.183228 178.795395 78.314728 -117.258873 -75.966782 21.321119 -16.405241 -7.568226 153.489548 -148.632095 -105.570251 169.112213 -179.999985 -179.999985 172.748734 -179.999985 -180.000000 0.000000 -0.000000 0.000000 90.965919 -179.741180 -165.002182 92.104462 -179.999985 -179.999939 118.473129 179.999985 -179.999985 0.000000 -0.000000 0.000000 91.000000 -179.999985 -179.999985 70.815201 179.999985 -179.999939 107.282936 179.999954 -179.999985 0.000000 -0.000000 0.000000 90.984810 179.826370 170.001511 69.999992 -179.999985 -179.999985 100.217659 179.999847 -179.999985 0.000000 -0.000000 0.000000 90.939728 179.658005 160.002792 69.999992 -179.999985 -179.999985 100.000023 180.000000 179.999985
44.496212 90.888611 -494.622620 1.743645 1.666973 -0.693362 178.512512 -175.609238 -177.527634 178.966995 -169.408127 -170.879974 1.109104 2.360538 -12.780661 1.661200 9.829272 5.368520 179.588470 -172.850937 -177.052963 179.043137 -172.057327 172.565933 179.488907 -179.691483 -178.863403 179.152512 -179.697830 -178.885345 178.870544 -178.557404 -179.209061 1.563009 0.153372 -5.602734 1.616029 0.185216 -6.536356 1.135997 -1.696401 -4.805259 8.459594 7.819932 2.295829 64.258110 -6.631201 -13.300249 97.630745 52.731796 93.865242 173.123779 161.678589 -177.800446 23.703796 28.536253 74.881378 11.768017 0.000007 -0.000002 7.837496 0.000003 0.000000 0.000000 -0.000000 0.000000 73.600121 4.326684 14.375984 59.771587 0.000354 0.000117 41.840092 0.000124 0.000230 0.000000 -0.000000 0.000000 87.809509 0.000512 -0.000365 87.809547 0.000379 0.000493 58.481140 -0.000151 0.000389 0.000000 -0.000000 0.000000 89.015182 -0.173640 -9.998518 93.851044 0.000390 0.000547 62.504753 -0.000206 0.000398 0.000000 -0.000000 0.000000 89.060280 -0.342007 -19.997198 110.000000 -0.000008 -0.000011 80.000015 -0.000009 0.000006 172.229309 -177.116928 -179.096924 118.679100 179.208771 178.816879 77.808952 -117.341118 -75.418175 21.411572 -16.464863 -7.638856 153.357239 -148.598038 -105.466614 169.139893 -180.000000 179.999924 172.767166 -179.999985 179.999954 0.000000 0.000007 0.000000 90.965904 -179.741196 -165.002182 92.043678 -179.999969 -179.999939 118.430565 179.999969 -179.999969 0.000000 0.000007 0.000000 90.999992 -179.999985 179.999985 70.735611 179.999985 -179.999893 107.229912 179.999939 -179.999985 0.000000 0.000007 0.000000 90.984772 179.826370 170.001495 70.000008 -179.999985 -179.999985 100.000053 180.000000 180.000000 0.000000 0.000007 0.000000 90.939690 179.657990 160.002808 69.999985 -179.999985 179.999985 100.000023 -179.999985 180.000000
44.433666 90.863892 -494.519135 1.757994 1.712264 -0.692240 178.559006 -175.620895 -177.603302 178.894012 -169.502167 -170.536575 1.130637 2.198380 -13.117733 1.702085 9.825424 5.346844 179.575699 -172.899719 -176.873627 179.014709 -171.942642 172.343887 179.487228 -179.674484 -178.836792 179.150055 -179.681000 -178.859253 178.865219 -178.477890 -179.191086 1.559683 0.153117 -5.605553 1.612588 0.184909 -6.539642 1.139666 -1.763117 -4.807904 8.469957 7.819551 2.283463 64.242371 -6.689824 -13.265686 97.921051 52.623383 94.108238 172.956299 161.563339 -177.860474 23.817301 28.431866 75.030602 11.798469 -0.000067 0.000001 7.857788 -0.000030 -0.000007 0.000003 -0.000000 0.000000 73.991570 4.226547 14.405019 60.101299 0.000468 0.000077 42.070904 0.000211 0.000250 0.000003 -0.000000 0.000000 88.393585 0.000432 -0.000452 88.274109 0.000703 0.000644 58.790565 -0.000136 0.000617 0.000003 -0.000000 0.000000 89.015167 -0.173639 -9.998508 94.324226 0.000743 0.000736 62.819901 -0.000220 0.000662 0.000003 -0.000000 0.000000 89.060310 -0.342004 -19.997206 109.999969 0.000005 0.000001 79.999985 -0.000001 -0.000010 172.222885 -177.104080 -179.102921 118.707962 179.249115 178.849319 77.350403 -117.417892 -74.917961 21.516649 -16.510136 -7.707389 153.322052 -148.696640 -105.482071 169.078171 179.999985 179.999878 172.726074 -179.999985 179.999924 0.000000 0.000003 0.000003 90.965950 -179.741196 -165.002182 92.016510 -179.999924 -179.999847 118.411522 179.999939 -179.999908 0.000000 0.000003 0.000003 91.000015 179.999985 -179.999985 70.704391 -179.999985 -179.999817 107.209152 179.999863 -179.999954 0.000000 0.000003 0.000003 90.984810 179.826355 170.001495 70.000031 -179.999985 -179.999985 99.999985 -179.999985 179.999985 0.000000 0.000003 0.000003 90.939720 179.657990 160.002823 69.999977 -179.999985 179.999985 100.000038 -179.999985 179.999985
44.369816 90.840462 -494.410370 1.779423 1.762744 -0.692295 178.591415 -175.496948 -177.662781 178.831253 -169.691330 -170.217743 1.149940 2.072900 -13.448109 1.736738 9.810598 5.328320 179.568283 -172.870453 -176.695969 178.974487 -171.910431 172.120850 179.484573 -179.656555 -178.809906 179.146011 -179.663254 -178.832886 178.857651 -178.394150 -179.173019 1.560783 0.153206 -5.604868 1.613725 0.185016 -6.538839 1.141930 -1.782067 -4.807327 8.478574 7.814619 2.278951 64.234505 -6.741615 -13.233416 98.177002 52.516739 94.304741 172.817078 161.451401 -177.909714 23.978931 28.369225 75.251778 11.795024 -0.000157 -0.000041 7.855487 -0.000100 -0.000042 180.000000 -179.999985 180.000000 74.319435 4.142422 14.428805 60.377533 0.000536 -0.000024 42.264301 0.000274 0.000256 180.000000 -179.999985 180.000000 89.000000 -0.000001 -0.000016 88.802299 0.000885 0.000556 59.142292 -0.000011 0.000704 180.000000 -179.999985 180.000000 89.015236 -0.173631 -9.998503 94.862122 0.001006 0.000681 63.178165 -0.000104 0.000782 180.000000 -179.999985 180.000000 89.060295 -0.342002 -19.997200 109.999992 -0.000004 -0.000018 79.999969 0.000001 -0.000004 172.218094 -177.085770 -179.100876 118.733261 179.297485 178.880829 76.922607 -117.517899 -74.459511 21.632063 -16.528307 -7.768577 153.311676 -148.797348 -105.490227 169.021820 179.999985 179.999832 172.688522 -180.000000 179.999878 0.000000 -0.000000 0.000000 90.965927 -179.741196 -165.002182 91.974144 -179.999847 -179.999802 118.381905 179.999924 -179.999847 0.000000 -0.000000 0.000000 91.000023 179.999985 -179.999985 70.646729 -179.999954 -179.999725 107.170692 179.999832 -179.999924 0.000000 -0.000000 0.000000 90.984802 179.826370 170.001495 70.000023 -179.999985 -179.999985 100.000023 -180.000000 179.999985 0.000000 -0.000000 0.000000 90.939728 179.658005 160.002777 69.999985 179.999985 -180.000000 100.000038 -179.999985 -179.999985
44.302372 90.816032 -494.287384 1.809061 1.809187 -0.682553 178.606857 -175.505875 -177.695572 178.798615 -169.658554 -169.937256 1.155572 2.038166 -13.781259 1.747535 9.738934 5.304417 179.569489 -172.965881 -176.519272 178.951050 -171.818924 171.899902 179.480774 -179.638397 -178.788940 179.140045 -179.645264 -178.812332 178.847580 -178.309280 -179.159225 1.562374 0.153335 -5.603944 1.615371 0.185172 -6.537759 1.142645 -1.778872 -4.806484 8.485031 7.811835 2.284203 64.241058 -6.795197 -13.216149 98.349457 52.426334 94.416412 172.698151 161.360001 -177.940048 24.085493 28.374668 75.481468 11.745461 0.000002 -0.000000 7.822476 -0.000000 0.000001 0.000000 0.000000 -0.000003 74.615875 4.065973 14.450607 60.627403 -0.000002 0.000003 42.439201 0.000003 0.000001 0.000000 0.000000 -0.000003 89.000008 -0.000004 -0.000004 89.199219 -0.000000 0.000000 59.406677 0.000003 0.000002 0.000000 0.000000 -0.000003 89.015190 -0.173641 -9.998507 95.270332 -0.000000 0.000005 63.450047 0.000003 -0.000002 0.000000 0.000000 -0.000003 89.060295 -0.342006 -19.997196 109.999992 -0.000000 0.000000 80.000000 0.000004 0.000003 172.216614 -177.063171 -179.091263 118.745842 179.347824 178.919876 76.548462 -117.601143 -74.090027 21.695147 -16.525654 -7.794234 153.260864 -148.885788 -105.452850 168.978912 -179.999985 180.000000 172.659958 -180.000000 180.000000 0.000000 -0.000000 0.000000 90.965950 -179.741196 -165.002182 91.916885 -179.999985 -179.999985 118.341827 180.000000 179.999985 0.000000 -0.000000 0.000000 91.000000 179.999985 -179.999985 70.579712 179.999985 179.999985 107.126076 179.999985 -179.999985 0.000000 -0.000000 0.000000 90.984802 179.826355 170.001495 70.000023 179.999985 -179.999985 100.000008 179.999985 -179.999985 0.000000 -0.000000 0.000000 90.939705 179.657990 160.002792 70.000015 179.999985 179.999985 100.000023 179.999985 -179.999985
44.235447 90.791748 -494.165955 1.838662 1.857570 -0.673750 178.623001 -175.507431 -177.730377 178.763977 -169.629074 -169.653381 1.160838 2.005600 -14.114964 1.759977 9.662922 5.279744 179.569122 -173.055618 -176.340424 178.926193 -171.734421 171.677017 179.477051 -179.620071 -178.767212 179.134201 -179.627090 -178.791016 178.837677 -178.223633 -179.144913 1.563953 0.153460 -5.602814 1.617006 0.185323 -6.536444 1.143424 -1.776657 -4.805470 8.491235 7.809995 2.288753 64.245773 -6.847755 -13.197045 98.529716 52.334637 94.534599 172.575623 161.267059 -177.972321 24.198803 28.377111 75.705444 11.699977 -0.000036 -0.000017 7.792190 -0.000023 -0.000015 0.000000 -0.000000 0.000000 74.935600 3.983727 14.472997 60.896923 0.000042 -0.000011 42.627831 0.000028 0.000022 0.000000 -0.000000 0.000000 88.999985 -0.000005 0.000005 89.617012 0.000116 0.000048 59.684917 0.000008 0.000075 0.000000 -0.000000 0.000000 89.015182 -0.173647 -9.998510 95.700157 0.000135 0.000062 63.736320 0.000005 0.000099 0.000000 -0.000000 0.000000 89.060295 -0.342010 -19.997190 110.000015 0.000005 0.000001 79.999985 -0.000002 -0.000002 172.214142 -177.040619 -179.081665 118.760437 179.399185 178.958527 76.171638 -117.686676 -73.715439 21.763483 -16.524977 -7.823887 153.216583 -148.978470 -105.425247 168.932114 180.000000 179.999985 172.628784 179.999985 179.999985 0.000000 -0.000000 0.000000 90.965912 -179.741196 -165.002182 91.859764 -179.999969 -179.999985 118.301857 179.999985 -179.999985 0.000000 -0.000000 0.000000 91.000000 -179.999985 179.999985 70.512207 -179.999985 -179.999954 107.081123 179.999985 -179.999985 0.000000 -0.000000 0.000000 90.984810 179.826355 170.001480 70.000008 179.999985 179.999985 100.000008 -179.999985 179.999985 0.000000 -0.000000 0.000000 90.939743 179.657990 160.002792 70.000008 -180.000000 179.999985 100.000000 -179.999985 179.999985
44.166927 90.767166 -494.038879 1.871193 1.904170 -0.660875 178.634659 -175.518250 -177.757996 178.735428 -169.611923 -169.375229 1.172094 1.954004 -14.456358 1.765242 9.614352 5.255827 179.576263 -173.158142 -176.161255 178.907898 -171.614304 171.450470 179.472626 -179.601456 -178.747086 179.127197 -179.608643 -178.771286 178.826279 -178.136703 -179.131775 1.566359 0.153696 -5.602779 1.619494 0.185608 -6.536407 1.144359 -1.769571 -4.805345 8.498335 7.802407 2.295142 64.255524 -6.902668 -13.181210 98.687721 52.243469 94.630989 172.468506 161.179352 -177.999146 24.268925 28.373100 75.971649 11.639892 -0.000098 -0.000033 7.752166 -0.000056 -0.000031 0.000000 -0.000000 0.000000 75.132164 3.933088 14.486506 61.062561 0.000079 -0.000040 42.743793 0.000062 0.000020 0.000000 -0.000000 0.000000 89.000000 0.000004 -0.000006 89.920517 0.000244 0.000041 59.887035 0.000058 0.000152 0.000000 -0.000000 0.000000 89.015205 -0.173638 -9.998514 96.007133 0.000310 0.000079 63.940788 0.000046 0.000194 0.000000 -0.000000 0.000000 89.060295 -0.342008 -19.997189 109.999992 -0.000002 0.000010 80.000008 0.000002 0.000006 172.215393 -177.015152 -179.071503 118.768860 179.448105 178.996902 75.801865 -117.781807 -73.359215 21.824858 -16.512177 -7.841020 153.140213 -149.070221 -105.376091 168.887222 179.999985 -179.999985 172.598892 179.999985 -179.999985 0.000000 -0.000000 0.000000 90.965958 -179.741196 -165.002182 91.793182 -179.999969 -179.999969 118.255219 179.999985 -179.999954 0.000000 -0.000000 0.000000 91.000015 -179.999985 179.999985 70.439041 -179.999985 -179.999939 107.032425 179.999969 -179.999985 0.000000 -0.000000 0.000000 90.984802 179.826370 170.001511 70.000015 179.999985 179.999985 100.000008 -179.999985 -179.999985 0.000000 -0.000000 0.000000 90.939743 179.658005 160.002792 70.000008 -179.999985 -179.999985 100.000008 179.999985 -180.000000
44.097462 90.742294 -493.909363 1.898591 1.942001 -0.649900 178.644531 -175.623856 -177.774323 178.718094 -169.473907 -169.135834 1.175250 1.936765 -14.756901 1.766560 9.559774 5.234191 179.584930 -173.295990 -176.000702 178.899139 -171.476776 171.253967 179.468887 -179.584930 -178.730576 179.121307 -179.592270 -178.755081 178.816559 -178.059555 -179.121078 1.566984 0.153762 -5.602931 1.620140 0.185688 -6.536579 1.144357 -1.764782 -4.805453 8.505364 7.796029 2.304300 64.270683 -6.957088 -13.178711 98.802727 52.150089 94.699745 172.359802 161.105865 -178.019989 24.378174 28.384401 76.184868 11.591854 -0.000263 -0.000101 7.720169 -0.000175 -0.000091 180.000000 -180.000000 179.999985 75.331299 3.881694 14.500015 61.230469 0.000107 -0.000100 42.861359 0.000094 -0.000007 180.000000 -180.000000 179.999985 88.999985 0.000003 0.000012 90.226257 0.000466 0.000008 60.090698 0.000153 0.000254 180.000000 -180.000000 179.999985 89.015213 -0.173638 -9.998503 96.326202 0.000598 0.000069 64.153198 0.000133 0.000382 180.000000 -180.000000 179.999985 89.060295 -0.341996 -19.997196 110.000015 0.000005 0.000001 80.000000 0.000009 -0.000001 172.218842 -176.992569 -179.062866 118.771309 179.487122 179.036545 75.481812 -117.855614 -73.063492 21.852304 -16.498018 -7.837782 153.080338 -149.149567 -105.292305 168.862274 179.999924 -179.999817 172.582275 179.999939 -179.999878 0.000000 -0.000000 0.000000 90.965958 -179.741196 -165.002182 91.751846 -179.999954 -179.999924 118.226311 179.999969 -179.999954 0.000000 -0.000000 0.000000 91.000038 179.999985 179.999985 70.389496 179.999985 -179.999908 106.999458 179.999924 -179.999985 0.000000 -0.000000 0.000000 90.984795 179.826370 170.001495 70.000015 -179.999985 -179.999985 100.000023 -179.999985 179.999985 0.000000 -0.000000 0.000000 90.939751 179.657990 160.002808 70.000031 -179.999985 -179.999985 100.000015 179.999985 -179.999985
44.025166 90.716629 -493.776215 1.919976 1.967642 -0.634256 178.663254 -175.699036 -177.792953 178.701584 -169.374573 -168.884521 1.174645 1.922902 -15.076450 1.773365 9.481820 5.217020 179.600708 -173.421753 -175.847488 178.884064 -171.386566 171.058594 179.466354 -179.568451 -178.716888 179.117386 -179.575882 -178.741669 178.809418 -177.982513 -179.112335 1.566727 0.153728 -5.602547 1.619872 0.185646 -6.536130 1.143405 -1.755657 -4.805110 8.515542 7.792019 2.318236 64.290916 -7.024559 -13.182124 98.892036 52.066753 94.750023 172.261322 161.015305 -178.032806 24.493549 28.521782 76.469948 11.460080 -0.000259 -0.000177 7.632411 -0.000152 -0.000138 0.000000 0.000003 0.000007 75.590080 3.814775 14.517361 61.448734 0.000109 -0.000177 43.014114 0.000139 -0.000026 0.000000 0.000003 0.000007 89.000000 0.000001 0.000006 90.679344 0.000541 -0.000093 60.392418 0.000220 0.000302 0.000000 0.000003 0.000007 89.015205 -0.173637 -9.998503 96.817917 0.000707 -0.000016 64.480713 0.000207 0.000437 0.000000 0.000003 0.000007 89.060272 -0.342002 -19.997183 110.000008 0.000010 0.000002 80.000000 -0.000004 -0.000003 172.225540 -176.976013 -179.053925 118.766472 179.529846 179.091339 75.159935 -117.894051 -72.747726 21.837589 -16.496607 -7.823348 152.915863 -149.081207 -105.045158 168.947647 179.999985 -179.999924 172.639145 179.999985 -179.999954 0.000000 -0.000000 0.000007 90.965958 -179.741196 -165.002182 91.660332 179.999985 179.999954 118.162247 -179.999985 179.999985 0.000000 -0.000000 0.000007 91.000015 -179.999985 -179.999985 70.282387 -179.999985 179.999969 106.928055 -179.999985 -179.999985 0.000000 -0.000000 0.000007 90.984818 179.826355 170.001495 69.999985 180.000000 179.999985 100.000053 179.999985 179.999985 0.000000 -0.000000 0.000007 90.939758 179.657990 160.002777 69.999977 179.999985 179.999985 100.000008 179.999985 179.999985
43.948906 90.687920 -493.631836 1.939770 1.947153 -0.608235 178.681671 -175.782486 -177.818665 178.694992 -169.351761 -168.631958 1.183027 1.872490 -15.403376 1.774304 9.401275 5.219050 179.623352 -173.614075 -175.743713 178.872803 -171.285324 170.906189 179.463196 -179.557159 -178.712082 179.112320 -179.564682 -178.736938 178.801605 -177.929810 -179.109680 1.565630 0.153582 -5.601104 1.618741 0.185469 -6.534452 1.141676 -1.744017 -4.803870 8.524004 7.792070 2.333723 64.324471 -7.108384 -13.195659 98.917984 52.020489 94.743767 172.193466 160.909485 -178.045197 24.586201 28.640038 76.667473 11.358124 0.000002 -0.000000 7.564513 0.000003 0.000000 180.000000 180.000000 -180.000000 75.811501 3.757657 14.532180 61.635475 0.000005 -0.000001 43.144821 0.000003 0.000001 180.000000 180.000000 -180.000000 89.000000 0.000000 0.000005 90.969788 0.000005 0.000000 60.585876 0.000004 0.000006 180.000000 180.000000 -180.000000 89.015205 -0.173642 -9.998505 97.115753 0.000002 0.000003 64.679115 0.000001 0.000001 180.000000 180.000000 -180.000000 89.060280 -0.342003 -19.997198 109.999992 -0.000000 0.000000 80.000000 0.000004 -0.000006 172.233032 -176.971939 -179.046387 118.756035 179.574844 179.140762 74.912895 -117.903542 -72.457062 21.797804 -16.514275 -7.803800 152.892532 -149.094498 -104.950714 168.966095 179.999985 180.000000 172.651428 179.999985 -180.000000 0.000000 -0.000000 0.000000 90.965958 -179.741196 -165.002182 91.675125 -179.999985 180.000000 118.172569 179.999985 -180.000000 0.000000 -0.000000 0.000000 91.000000 180.000000 180.000000 70.292366 179.999985 179.999985 106.934708 -179.999985 179.999985 0.000000 -0.000000 0.000000 90.984825 179.826355 170.001495 69.999985 179.999985 180.000000 100.000000 180.000000 179.999985 0.000000 -0.000000 0.000000 90.939728 179.657990 160.002808 70.000015 -180.000000 179.999985 100.000000 179.999985 -180.000000
43.873032 90.659637 -493.489136 1.958575 1.931668 -0.583153 178.701675 -175.871445 -177.844269 178.687042 -169.317673 -168.379776 1.190070 1.822395 -15.728476 1.776526 9.316753 5.216874 179.645233 -173.810791 -175.631180 178.862854 -171.178146 170.747711 179.460373 -179.545380 -178.706314 179.107834 -179.552948 -178.731277 178.794434 -177.874741 -179.106369 1.564556 0.153438 -5.599716 1.617632 0.185296 -6.532830 1.139948 -1.732337 -4.802679 8.532518 7.792169 2.348959 64.356598 -7.190492 -13.208178 98.950806 51.973804 94.744606 172.122910 160.804749 -178.057510 24.685312 28.767893 76.884338 11.246932 -0.000006 -0.000025 7.490458 0.000001 -0.000017 0.000003 -0.000000 0.000000 76.041855 3.698022 14.547114 61.829720 0.000007 -0.000032 43.280819 0.000023 -0.000013 0.000003 -0.000000 0.000000 88.999985 0.000001 0.000001 91.256012 0.000102 -0.000038 60.776512 0.000050 0.000049 0.000003 -0.000000 0.000000 89.015182 -0.173638 -9.998501 97.410950 0.000134 -0.000008 64.875702 0.000049 0.000076 0.000003 -0.000000 0.000000 89.060280 -0.342006 -19.997200 110.000000 -0.000006 -0.000008 79.999985 0.000005 -0.000000 172.240738 -176.966171 -179.038910 118.745697 179.619141 179.191757 74.656487 -117.913834 -72.161690 21.756548 -16.531263 -7.784651 152.865067 -149.106949 -104.845207 168.988007 180.000000 -179.999985 172.666000 180.000000 -179.999985 0.000000 -0.000000 0.000000 90.965912 -179.741196 -165.002182 91.690247 179.999985 179.999985 118.183174 -179.999985 -180.000000 0.000000 -0.000000 0.000000 91.000000 -179.999985 179.999985 70.300751 -180.000000 179.999985 106.940300 -179.999985 179.999985 0.000000 -0.000000 0.000000 90.984802 179.826370 170.001495 70.000008 -179.999985 -179.999985 100.000008 180.000000 179.999985 0.000000 -0.000000 0.000000 90.939705 179.658005 160.002808 70.000015 -179.999985 -179.999985 100.000008 179.999985 180.000000
43.796574 90.630142 -493.342224 1.977462 1.899227 -0.556586 178.717819 -175.923996 -177.869354 178.684937 -169.365768 -168.129532 1.205686 1.746200 -16.055542 1.776042 9.242721 5.226473 179.669983 -174.016342 -175.543106 178.853455 -171.070999 170.608765 179.457184 -179.535034 -178.703110 179.102707 -179.542664 -178.728149 178.786697 -177.826447 -179.104813 1.563609 0.153301 -5.598130 1.616655 0.185130 -6.530977 1.138031 -1.717409 -4.801303 8.541452 7.790459 2.364950 64.391441 -7.277021 -13.219841 98.962097 51.930302 94.724770 172.061722 160.694458 -178.070755 24.775631 28.864550 77.022537 11.171745 0.000004 -0.000055 7.440370 0.000002 -0.000034 0.000000 0.000000 -0.000007 76.261307 3.641124 14.561151 62.014881 0.000031 -0.000065 43.410431 0.000041 -0.000020 0.000000 0.000000 -0.000007 88.999985 0.000011 -0.000009 91.585411 0.000231 -0.000096 60.995926 0.000141 0.000091 0.000000 0.000000 -0.000007 89.015182 -0.173630 -9.998510 97.748398 0.000278 -0.000071 65.100449 0.000117 0.000147 0.000000 0.000000 -0.000007 89.060280 -0.342000 -19.997196 110.000015 -0.000005 -0.000001 79.999969 0.000001 0.000001 172.248123 -176.968246 -179.032120 118.733604 179.665253 179.238586 74.430313 -117.927177 -71.876167 21.721502 -16.549463 -7.764417 152.854462 -149.109512 -104.769806 169.008362 -179.999985 179.999954 172.679565 -179.999985 179.999969 0.000000 -0.000007 0.000000 90.965935 -179.741196 -165.002182 91.706276 179.999985 179.999985 118.194405 -179.999985 -180.000000 0.000000 -0.000007 0.000000 91.000023 179.999985 179.999985 70.321083 -180.000000 179.999985 106.953835 -179.999985 -179.999985 0.000000 -0.000007 0.000000 90.984825 179.826370 170.001495 69.999992 -179.999985 -179.999985 100.000008 179.999985 -180.000000 0.000000 -0.000007 0.000000 90.939743 179.657990 160.002808 70.000015 -180.000000 179.999985 100.000008 179.999985 -179.999985
43.718628 90.599480 -493.189301 2.002093 1.852786 -0.526631 178.724380 -176.010330 -177.890839 178.692871 -169.294922 -167.875305 1.210358 1.769679 -16.396374 1.770458 9.185120 5.250663 179.697220 -174.149109 -175.485367 178.834671 -171.034241 170.489471 179.452606 -179.526398 -178.702927 179.095215 -179.534103 -178.727982 178.776138 -177.786118 -179.105408 1.561831 0.153066 -5.595973 1.614820 0.184846 -6.528466 1.135808 -1.705403 -4.799457 8.550088 7.792398 2.380675 64.430916 -7.373393 -13.241220 98.952469 51.880253 94.684990 172.007034 160.581512 -178.089020 24.798199 28.921057 77.128365 11.116893 0.000018 -0.000062 7.403858 0.000030 -0.000041 0.000000 0.000003 0.000000 76.380844 3.610049 14.568667 62.115723 0.000018 -0.000136 43.480972 0.000081 -0.000056 0.000000 0.000003 0.000000 89.000000 -0.000008 0.000006 91.851547 0.000455 -0.000217 61.173149 0.000285 0.000188 0.000000 0.000003 0.000000 89.015228 -0.173648 -9.998497 97.998650 0.000534 -0.000166 65.267075 0.000256 0.000278 0.000000 0.000003 0.000000 89.060295 -0.342007 -19.997211 109.999992 -0.000015 -0.000015 80.000008 -0.000008 0.000002 172.254547 -176.974228 -179.025909 118.722427 179.716431 179.286011 74.237389 -117.928299 -71.612885 21.686182 -16.575556 -7.742659 152.842682 -149.137833 -104.743912 168.999802 179.999985 179.999863 172.673859 -179.999985 179.999908 0.000000 -0.000000 0.000000 90.965912 -179.741196 -165.002182 91.718735 180.000000 179.999985 118.203087 180.000000 179.999985 0.000000 -0.000000 0.000000 90.999977 180.000000 179.999985 70.331215 -179.999985 179.999985 106.960617 -179.999985 180.000000 0.000000 -0.000000 0.000000 90.984779 179.826370 170.001495 69.999977 -179.999985 -179.999985 100.000053 180.000000 180.000000 0.000000 -0.000000 0.000000 90.939713 179.657990 160.002808 69.999985 -179.999985 179.999985 100.000031 -179.999985 179.999985
43.637787 90.566948 -493.027893 2.035324 1.791897 -0.485794 178.726303 -175.969559 -177.917191 178.694153 -169.441071 -167.605850 1.245862 1.721180 -16.777061 1.758868 9.131168 5.288878 179.729630 -174.238281 -175.457031 178.803207 -171.050232 170.378036 179.445755 -179.520645 -178.708160 179.083847 -179.528412 -178.733109 178.761032 -177.759232 -179.109833 1.558993 0.152709 -5.593097 1.611888 0.184414 -6.525111 1.134115 -1.708252 -4.797092 8.556348 7.794259 2.402036 64.482750 -7.480239 -13.287147 98.914764 51.841297 94.607918 171.970551 160.454819 -178.106918 24.841856 28.997053 77.211838 11.060822 0.000005 -0.000014 7.366498 0.000001 -0.000009 0.000000 -0.000000 0.000000 76.544334 3.567612 14.578902 62.253723 0.000003 -0.000158 43.577595 0.000071 -0.000067 0.000000 -0.000000 0.000000 89.000000 -0.000001 0.000004 92.128517 0.000655 -0.000432 61.357590 0.000454 0.000245 0.000000 -0.000000 0.000000 89.015182 -0.173637 -9.998506 98.270599 0.000784 -0.000331 65.448189 0.000423 0.000369 0.000000 -0.000000 0.000000 89.060280 -0.342014 -19.997194 110.000000 0.000006 0.000008 80.000015 -0.000000 0.000000 172.258698 -176.972519 -179.011841 118.714836 179.777924 179.327499 74.076225 -117.925537 -71.365051 21.660532 -16.604685 -7.719105 152.855911 -149.229568 -104.751343 168.952026 179.999954 179.999802 172.642044 179.999985 179.999847 0.000000 -0.000000 0.000000 90.965904 -179.741196 -165.002182 91.742195 180.000000 -179.999969 118.219536 179.999985 -179.999985 0.000000 -0.000000 0.000000 91.000000 179.999985 -179.999985 70.364273 179.999969 -179.999954 106.982643 179.999969 179.999985 0.000000 -0.000000 0.000000 90.984779 179.826340 170.001495 70.000015 -179.999985 -180.000000 100.000000 -180.000000 179.999985 0.000000 -0.000000 0.000000 90.939690 179.657990 160.002808 69.999977 179.999985 179.999985 100.000076 179.999985 179.999985
43.551010 90.530655 -492.853607 2.091496 1.711173 -0.438435 178.718124 -176.152283 -177.958862 178.690582 -169.337372 -167.335480 1.269154 1.718288 -17.117466 1.732937 9.124732 5.358082 179.756134 -174.316101 -175.480911 178.762253 -171.048172 170.306000 179.432953 -179.516281 -178.718994 179.062515 -179.524170 -178.743713 178.733353 -177.738785 -179.118484 1.558631 0.152688 -5.593616 1.611511 0.184390 -6.525716 1.134555 -1.716010 -4.797581 8.557193 7.801540 2.421356 64.539497 -7.580382 -13.324347 98.833572 51.788620 94.481689 171.936539 160.359253 -178.127502 24.884315 29.001854 77.241592 11.055799 -0.000003 0.000001 7.363163 -0.000000 0.000001 0.000000 -0.000000 0.000000 76.611107 3.550435 14.583137 62.310013 -0.000001 -0.000005 43.616985 -0.000003 0.000006 0.000000 -0.000000 0.000000 89.000000 -0.000004 0.000001 92.368858 -0.000000 0.000000 61.517654 -0.000000 0.000000 0.000000 -0.000000 0.000000 89.015205 -0.173639 -9.998506 98.503273 0.000002 0.000003 65.603165 -0.000001 -0.000001 0.000000 -0.000000 0.000000 89.060310 -0.342008 -19.997196 110.000015 -0.000000 0.000000 79.999969 -0.000004 0.000005 172.259094 -176.975006 -178.995117 118.720955 179.820694 179.327011 73.983238 -117.941246 -71.196106 21.628492 -16.617058 -7.697309 152.860489 -149.298874 -104.814415 168.897293 179.999985 -180.000000 172.605606 180.000000 -180.000000 0.000000 -0.000003 0.000000 90.965935 -179.741196 -165.002182 91.724899 179.999985 179.999985 118.207436 179.999985 180.000000 0.000000 -0.000003 0.000000 91.000000 -179.999985 -179.999985 70.341248 -180.000000 179.999985 106.967293 179.999985 179.999985 0.000000 -0.000003 0.000000 90.984825 179.826355 170.001495 70.000008 -179.999985 -179.999985 99.999985 -179.999985 179.999985 0.000000 -0.000003 0.000000 90.939720 179.658005 160.002808 70.000008 -179.999985 -180.000000 100.000008 -180.000000 -180.000000
43.465202 90.494926 -492.681061 2.144058 1.634339 -0.392182 178.711578 -176.341232 -177.997345 178.687622 -169.226791 -167.070038 1.294462 1.712135 -17.457684 1.707569 9.112612 5.422715 179.782883 -174.394775 -175.501205 178.724213 -171.048004 170.232239 179.420990 -179.511871 -178.729294 179.042618 -179.519882 -178.753830 178.707489 -177.718216 -179.126755 1.558268 0.152650 -5.593508 1.611137 0.184345 -6.525593 1.134822 -1.722010 -4.797521 8.558185 7.809515 2.441019 64.595825 -7.680385 -13.366349 98.759132 51.735947 94.363991 171.904221 160.261047 -178.148285 24.940041 29.017479 77.283844 11.043516 -0.000011 0.000020 7.354984 -0.000004 0.000009 0.000000 -0.000000 0.000007 76.692322 3.529330 14.588145 62.378532 -0.000008 -0.000001 43.664982 -0.000005 -0.000006 0.000000 -0.000000 0.000007 89.000000 0.000002 -0.000002 92.604767 0.000128 -0.000103 61.674786 0.000104 0.000046 0.000000 -0.000000 0.000007 89.015182 -0.173646 -9.998505 98.734375 0.000148 -0.000073 65.757088 0.000090 0.000066 0.000000 -0.000000 0.000007 89.060280 -0.342008 -19.997187 109.999992 -0.000000 0.000000 80.000000 -0.000000 -0.000005 172.259827 -176.977203 -178.978210 118.725761 179.866196 179.328949 73.886757 -117.956108 -71.022285 21.599930 -16.630417 -7.675914 152.866440 -149.382553 -104.877785 168.835220 -180.000000 179.999985 172.564255 179.999985 179.999985 0.000000 0.000003 0.000000 90.965935 -179.741180 -165.002197 91.714394 -180.000000 -179.999985 118.200096 179.999985 -180.000000 0.000000 0.000003 0.000000 91.000000 -180.000000 -180.000000 70.325577 179.999985 -179.999985 106.956879 179.999985 -179.999985 0.000000 0.000003 0.000000 90.984802 179.826355 170.001480 69.999992 -179.999985 -179.999985 100.000023 -179.999985 179.999985 0.000000 0.000003 0.000000 90.939713 179.657990 160.002777 70.000008 -180.000000 179.999985 100.000000 179.999985 -179.999985
43.376736 90.457489 -492.503204 2.209525 1.542619 -0.341759 178.698959 -176.503296 -178.048279 178.681595 -169.135834 -166.781403 1.312746 1.728452 -17.802862 1.679277 9.126629 5.507569 179.808029 -174.471848 -175.539886 178.677505 -171.033951 170.165695 179.406052 -179.507294 -178.741501 179.017715 -179.515396 -178.765808 178.675201 -177.696655 -179.136581 1.558134 0.152705 -5.595984 1.610995 0.184412 -6.528477 1.135679 -1.731984 -4.799681 8.558249 7.817715 2.459854 64.654068 -7.783387 -13.390948 98.660286 51.677990 94.216019 171.851212 160.171021 -178.173187 24.887730 28.955446 77.230713 11.083086 0.000006 -0.000008 7.381330 0.000004 -0.000004 0.000000 -0.000000 0.000000 76.665543 3.536187 14.586460 62.355930 -0.000007 -0.000088 43.649189 0.000037 -0.000055 0.000000 -0.000000 0.000000 88.999985 0.000004 -0.000001 92.855164 0.000317 -0.000296 61.841545 0.000277 0.000102 0.000000 -0.000000 0.000000 89.015182 -0.173640 -9.998498 98.950562 0.000411 -0.000271 65.901054 0.000271 0.000184 0.000000 -0.000000 0.000000 89.060280 -0.342002 -19.997202 110.000023 -0.000003 -0.000010 80.000008 0.000003 0.000003 172.258514 -176.981873 -178.961685 118.736717 179.905472 179.325699 73.801239 -117.971138 -70.860123 21.557917 -16.639381 -7.653255 152.839951 -149.396057 -104.939186 168.804825 179.999985 179.999985 172.544022 179.999985 179.999985 179.999985 180.000000 -179.999985 90.965919 -179.741196 -165.002182 91.647606 -180.000000 -179.999985 118.153313 -179.999985 -179.999985 179.999985 180.000000 -179.999985 90.999977 179.999985 -180.000000 70.249626 180.000000 180.000000 106.906258 179.999985 179.999985 179.999985 180.000000 -179.999985 90.984779 179.826340 170.001495 70.000008 179.999985 179.999985 100.000008 179.999985 -179.999985 179.999985 180.000000 -179.999985 90.939705 179.657990 160.002808 70.000015 -179.999985 -179.999985 100.000000 -179.999985 179.999985
43.284546 90.418510 -492.319733 2.281996 1.442486 -0.291686 178.681458 -176.680054 -178.103607 178.676575 -169.001205 -166.485550 1.316124 1.781747 -18.147156 1.652330 9.163398 5.606207 179.833542 -174.509140 -175.591507 178.617249 -171.042404 170.110886 179.389053 -179.505356 -178.754440 178.989334 -179.513626 -178.778503 178.638641 -177.687576 -179.146912 1.556420 0.152658 -5.600338 1.609217 0.184356 -6.533555 1.137750 -1.767269 -4.803567 8.558378 7.807660 2.474507 64.712692 -7.884424 -13.406779 98.542717 51.631123 94.045860 171.818558 160.089325 -178.194016 24.976927 28.941864 77.266968 11.091856 0.000045 -0.000052 7.387177 0.000040 -0.000033 180.000000 179.999985 -180.000000 76.755142 3.512858 14.591947 62.431564 -0.000016 -0.000145 43.702099 0.000068 -0.000068 180.000000 179.999985 -180.000000 89.000000 -0.000000 -0.000014 93.175499 0.000430 -0.000425 62.054863 0.000382 0.000134 180.000000 179.999985 -180.000000 89.015228 -0.173636 -9.998511 99.273888 0.000600 -0.000402 66.116447 0.000407 0.000236 180.000000 179.999985 -180.000000 89.060287 -0.342008 -19.997206 110.000000 -0.000001 0.000005 80.000000 0.000002 -0.000007 172.258148 -176.971329 -178.945129 118.751389 179.933701 179.314972 73.726112 -117.992416 -70.715103 21.502228 -16.646955 -7.631080 152.879166 -149.401764 -105.022308 168.782379 180.000000 179.999985 172.529068 -179.999985 179.999985 0.000000 -0.000003 0.000000 90.965950 -179.741196 -165.002197 91.628250 179.999985 179.999985 118.139763 -179.999985 179.999985 0.000000 -0.000003 0.000000 91.000000 179.999985 -179.999985 70.221329 -180.000000 179.999985 106.887390 -179.999985 -179.999985 0.000000 -0.000003 0.000000 90.984795 179.826355 170.001495 70.000015 -179.999985 -179.999985 100.000000 180.000000 180.000000 0.000000 -0.000003 0.000000 90.939766 179.657990 160.002808 69.999947 179.999985 180.000000 100.000038 -179.999985 -179.999985
43.189732 90.377907 -492.131744 2.361341 1.337152 -0.240736 178.661911 -176.819656 -178.164093 178.660995 -169.064194 -166.190063 1.353244 1.688667 -18.480032 1.625793 9.196486 5.708756 179.854111 -174.569397 -175.644043 178.553802 -171.036072 170.064514 179.370483 -179.500122 -178.769302 178.958344 -179.508545 -178.793091 178.598526 -177.663010 -179.158936 1.556159 0.152747 -5.604534 1.608943 0.184463 -6.538452 1.139465 -1.787552 -4.807211 8.558239 7.816163 2.495718 64.772530 -7.980204 -13.414615 98.409981 51.589039 93.861000 171.811996 160.015564 -178.209366 25.016115 28.967491 77.309029 11.072319 0.000084 -0.000084 7.374170 0.000065 -0.000047 0.000000 0.000007 0.000000 76.801842 3.500545 14.594731 62.470982 -0.000022 -0.000293 43.729694 0.000137 -0.000166 0.000000 0.000007 0.000000 89.000000 -0.000004 0.000006 93.422966 0.000553 -0.000554 62.219772 0.000501 0.000135 0.000000 0.000007 0.000000 89.015213 -0.173649 -9.998516 99.535789 0.000780 -0.000575 66.290840 0.000564 0.000323 0.000000 0.000007 0.000000 89.060257 -0.342001 -19.997211 109.999985 -0.000001 -0.000008 80.000000 0.000003 -0.000011 172.255051 -176.982391 -178.931610 118.768845 179.946869 179.292404 73.656044 -118.025261 -70.583618 21.444817 -16.646835 -7.605308 152.944656 -149.383148 -105.070404 168.787689 179.999985 179.999969 172.532593 179.999985 179.999985 0.000000 -0.000007 0.000000 90.965912 -179.741180 -165.002182 91.636887 179.999954 179.999985 118.145813 180.000000 179.999969 0.000000 -0.000007 0.000000 91.000000 180.000000 180.000000 70.227127 -179.999985 179.999985 106.891220 -179.999985 179.999985 0.000000 -0.000007 0.000000 90.984779 179.826370 170.001495 69.999985 180.000000 180.000000 100.000023 -179.999985 179.999985 0.000000 -0.000007 0.000000 90.939705 179.657990 160.002808 69.999977 179.999985 -180.000000 100.000023 179.999985 -179.999985
43.086788 90.332916 -491.933716 2.459706 1.212924 -0.178954 178.618988 -176.907883 -178.230240 178.663498 -169.127945 -165.913803 1.350278 1.675437 -18.784306 1.582943 9.156754 5.770856 179.874756 -174.739365 -175.614365 178.478546 -171.010666 169.966843 179.348007 -179.493820 -178.789017 178.920898 -179.502426 -178.812393 178.550156 -177.633575 -179.174652 1.557346 0.152959 -5.608019 1.610167 0.184720 -6.542516 1.140337 -1.787227 -4.810155 8.557713 7.821032 2.510567 64.828262 -8.067442 -13.391861 98.251350 51.547348 93.651337 171.847717 159.953674 -178.209915 25.077599 29.014719 77.381920 11.036027 0.000003 0.000000 7.349997 0.000003 -0.000000 180.000000 -180.000000 179.999985 76.886414 3.478896 14.600015 62.542328 0.000002 0.000009 43.779610 0.000006 -0.000005 180.000000 -180.000000 179.999985 89.000008 -0.000000 0.000000 93.596603 -0.000000 0.000000 62.335346 0.000001 -0.000008 180.000000 -180.000000 179.999985 89.015182 -0.173644 -9.998502 99.742325 -0.000000 0.000000 66.428398 -0.000000 0.000004 180.000000 -180.000000 179.999985 89.060280 -0.342005 -19.997198 110.000015 0.000003 -0.000002 80.000000 -0.000002 0.000003 172.256027 -177.006821 -178.921005 118.775352 179.936401 179.231277 73.663811 -118.076401 -70.557510 21.395969 -16.658470 -7.577049 153.013596 -149.409607 -105.111893 168.772430 -180.000000 180.000000 172.522430 -180.000000 179.999985 0.000000 0.000003 0.000000 90.965919 -179.741180 -165.002182 91.679428 -180.000000 -179.999985 118.175606 -179.999985 180.000000 0.000000 0.000003 0.000000 91.000000 -179.999985 180.000000 70.268341 180.000000 180.000000 106.918739 179.999985 179.999985 0.000000 0.000003 0.000000 90.984802 179.826370 170.001495 70.000008 -179.999985 -179.999985 100.000008 179.999985 179.999985 0.000000 0.000003 0.000000 90.939705 179.657990 160.002808 70.000008 180.000000 180.000000 100.000008 179.999985 180.000000
42.985073 90.288544 -491.737091 2.556222 1.090836 -0.118940 178.578613 -176.999756 -178.297150 178.663498 -169.188660 -165.633911 1.349820 1.657882 -19.089619 1.542655 9.127892 5.841271 179.893188 -174.895477 -175.600159 178.405090 -170.985596 169.878860 179.325912 -179.487259 -178.808182 178.884094 -179.496017 -178.831192 178.502548 -177.602844 -179.190048 1.558635 0.153192 -5.611926 1.611496 0.185001 -6.547076 1.141327 -1.787278 -4.813465 8.557189 7.826298 2.526216 64.883453 -8.155087 -13.370426 98.094711 51.505070 93.443382 171.881027 159.890213 -178.212021 25.141422 29.059727 77.452225 11.001872 0.000019 -0.000016 7.327245 0.000018 -0.000010 0.000000 -0.000000 0.000000 76.972122 3.456557 14.605183 62.614639 -0.000010 -0.000050 43.830246 0.000025 -0.000027 0.000000 -0.000000 0.000000 89.000015 0.000002 0.000002 93.780205 0.000077 -0.000077 62.457615 0.000066 0.000016 0.000000 -0.000000 0.000000 89.015182 -0.173640 -9.998512 99.958664 0.000099 -0.000074 66.572441 0.000083 0.000042 0.000000 -0.000000 0.000000 89.060295 -0.342008 -19.997190 110.000000 0.000004 0.000006 80.000023 0.000011 -0.000005 172.256409 -177.031342 -178.910690 118.783302 179.927414 179.173080 73.658356 -118.130348 -70.515022 21.344852 -16.667046 -7.548974 153.081741 -149.432114 -105.158142 168.757568 179.999985 179.999985 172.512527 179.999985 180.000000 0.000000 -0.000000 0.000000 90.965927 -179.741196 -165.002182 91.718346 179.999985 -180.000000 118.202858 179.999985 179.999985 0.000000 -0.000000 0.000000 91.000000 -179.999985 -179.999985 70.305588 -180.000000 179.999985 106.943535 179.999985 179.999985 0.000000 -0.000000 0.000000 90.984810 179.826355 170.001480 69.999992 180.000000 -179.999985 100.000008 -179.999985 179.999985 0.000000 -0.000000 0.000000 90.939713 179.658005 160.002808 70.000008 -179.999985 -179.999985 100.000008 180.000000 180.000000
42.880283 90.242332 -491.536133 2.662369 0.960528 -0.051790 178.524933 -177.067352 -178.365814 178.673523 -169.279236 -165.358612 1.342317 1.648714 -19.394934 1.493595 9.059271 5.892089 179.913269 -175.104050 -175.548874 178.323425 -170.954803 169.766342 179.301895 -179.480408 -178.830414 178.843994 -179.489319 -178.853027 178.450836 -177.570770 -179.207855 1.559914 0.153402 -5.615047 1.612817 0.185253 -6.550709 1.142024 -1.784330 -4.816077 8.557002 7.832117 2.539312 64.937958 -8.243610 -13.339535 97.926369 51.465164 93.222794 171.922195 159.831268 -178.208679 25.206751 29.124607 77.538521 10.953218 0.000027 -0.000034 7.294844 0.000029 -0.000022 0.000000 -0.000003 -0.000007 77.069626 3.431165 14.611021 62.696972 -0.000001 -0.000057 43.887871 0.000022 -0.000035 0.000000 -0.000003 -0.000007 89.000000 -0.000002 0.000002 93.931442 0.000106 -0.000127 62.558346 0.000110 0.000023 0.000000 -0.000003 -0.000007 89.015205 -0.173645 -9.998511 100.147118 0.000168 -0.000145 66.698013 0.000132 0.000066 0.000000 -0.000003 -0.000007 89.060257 -0.342008 -19.997190 110.000023 -0.000001 0.000005 79.999985 0.000006 -0.000004 172.258911 -177.059433 -178.901596 118.785294 179.910843 179.103851 73.689240 -118.182518 -70.519485 21.302633 -16.683456 -7.518540 153.167480 -149.472595 -105.169556 168.747055 179.999985 179.999985 172.505539 179.999985 179.999985 0.000000 -0.000000 0.000000 90.965950 -179.741196 -165.002197 91.791496 179.999985 -179.999985 118.254044 179.999985 179.999985 0.000000 -0.000000 0.000000 91.000000 -179.999985 179.999985 70.380455 179.999985 -180.000000 106.993370 180.000000 179.999985 0.000000 -0.000000 0.000000 90.984802 179.826355 170.001495 70.000008 180.000000 -179.999985 100.000008 -180.000000 179.999985 0.000000 -0.000000 0.000000 90.939705 179.657990 160.002792 70.000023 -179.999985 -179.999985 100.000000 180.000000 179.999985
42.773266 90.194832 -491.333069 2.766758 0.837955 0.017036 178.465393 -177.169769 -178.427826 178.690750 -169.318619 -165.121078 1.331182 1.651297 -19.670746 1.431084 8.920938 5.912000 179.936478 -175.368393 -175.471954 178.246994 -170.932816 169.643982 179.278473 -179.475235 -178.854446 178.804886 -179.484253 -178.876602 178.400635 -177.546524 -179.226776 1.559649 0.153401 -5.615952 1.612541 0.185252 -6.551774 1.142146 -1.787295 -4.816863 8.556845 7.831125 2.548893 64.986450 -8.323630 -13.313315 97.766266 51.423187 93.017372 171.984421 159.782242 -178.200241 25.243954 29.182226 77.649345 10.897928 0.000036 -0.000023 7.258007 0.000015 -0.000013 0.000000 -0.000000 0.000000 77.125435 3.416648 14.614363 62.744045 -0.000022 -0.000069 43.920837 0.000023 -0.000039 0.000000 -0.000000 0.000000 89.000000 -0.000000 -0.000010 94.013252 0.000239 -0.000274 62.612850 0.000236 0.000039 0.000000 -0.000000 0.000000 89.015228 -0.173634 -9.998506 100.253906 0.000349 -0.000301 66.769081 0.000280 0.000131 0.000000 -0.000000 0.000000 89.060310 -0.342000 -19.997206 109.999992 0.000002 0.000003 80.000015 -0.000004 0.000005 172.263046 -177.080597 -178.889603 118.779884 179.893112 179.020752 73.759766 -118.224648 -70.577217 21.268145 -16.713612 -7.486862 153.223495 -149.465118 -105.156342 168.764099 179.999771 179.999954 172.516861 179.999863 179.999954 0.000000 -0.000000 0.000003 90.965912 -179.741196 -165.002182 91.840179 -179.999985 179.999985 118.288109 -179.999985 179.999985 0.000000 -0.000000 0.000003 90.999992 179.999985 -180.000000 70.428703 -179.999985 179.999985 107.025513 -180.000000 -179.999985 0.000000 -0.000000 0.000003 90.984795 179.826355 170.001495 69.999977 179.999985 179.999985 100.000038 180.000000 -179.999985 0.000000 -0.000000 0.000003 90.939705 179.657974 160.002808 70.000015 179.999985 179.999985 100.000008 -179.999985 -179.999985
42.660789 90.145264 -491.126740 2.879184 0.690301 0.091297 178.404068 -177.247314 -178.481827 178.717438 -169.317673 -164.879440 1.287063 1.743012 -19.971834 1.351374 8.828434 5.893463 179.990860 -175.609116 -175.295090 178.160278 -170.914795 169.454880 179.253464 -179.471573 -178.879822 178.763092 -179.480713 -178.901505 178.347107 -177.529327 -179.246628 1.561143 0.153501 -5.614188 1.614088 0.185371 -6.549710 1.141414 -1.768149 -4.815269 8.554435 7.839469 2.559005 65.046700 -8.415257 -13.291441 97.595772 51.366756 92.809875 172.035675 159.736053 -178.188751 25.247192 29.139950 77.651535 10.919531 0.000113 -0.000108 7.272401 0.000062 -0.000061 0.000000 -0.000000 0.000000 77.161758 3.407196 14.616525 62.774662 -0.000005 -0.000083 43.942280 0.000024 -0.000042 0.000000 -0.000000 0.000000 89.000000 0.000003 0.000012 94.158112 0.000261 -0.000326 62.709347 0.000275 0.000060 0.000000 -0.000000 0.000000 89.015236 -0.173630 -9.998500 100.440659 0.000378 -0.000346 66.893532 0.000318 0.000145 0.000000 -0.000000 0.000000 89.060287 -0.341996 -19.997194 110.000000 0.000004 0.000006 80.000008 -0.000001 -0.000010 172.268036 -177.107422 -178.870148 118.774887 179.879974 178.932556 73.905136 -118.238045 -70.710922 21.231638 -16.760237 -7.458116 153.226212 -149.605682 -105.289093 168.650879 179.999756 -179.999985 172.441498 179.999847 179.999985 0.000003 -0.000003 -0.000000 90.965935 -179.741196 -165.002182 91.805252 -179.999985 -179.999969 118.263687 179.999969 -179.999985 0.000003 -0.000003 -0.000000 91.000046 180.000000 180.000000 70.381409 179.999985 -179.999954 106.994019 179.999985 -179.999985 0.000003 -0.000003 -0.000000 90.984756 179.826355 170.001495 70.000015 -179.999985 -179.999985 100.000008 -180.000000 179.999985 0.000003 -0.000003 -0.000000 90.939728 179.658005 160.002792 70.000031 -179.999985 -179.999985 99.999985 179.999985 179.999985
42.526817 90.087975 -490.902374 2.965251 0.512055 0.150510 178.375793 -177.297394 -178.505051 178.737656 -169.405991 -164.657654 1.241021 1.809461 -20.288212 1.299898 8.755307 5.772327 0.067542 -4.130291 5.162017 178.064316 -170.884018 169.111893 179.233292 -179.479919 -178.894638 178.729263 -179.489182 -178.915985 178.304489 -177.568146 -179.257660 1.560138 0.153259 -5.609058 1.613056 0.185078 -6.543726 1.141658 -1.781410 -4.810953 8.547978 7.825610 2.563518 65.132729 -8.497995 -13.279676 97.426643 51.329758 92.621834 172.088455 159.694351 -178.162964 25.279226 29.204277 77.720184 10.871604 -0.000000 0.000001 7.240489 0.000000 -0.000001 0.000000 -0.000000 0.000000 77.182709 3.401815 14.617797 62.792400 -0.000008 -0.000001 43.954666 0.000003 0.000001 0.000000 -0.000000 0.000000 89.000015 -0.000000 0.000000 94.252403 0.000000 -0.000005 62.772102 0.000002 -0.000003 0.000000 -0.000000 0.000000 89.015205 -0.173636 -9.998513 100.552910 -0.000003 0.000002 66.968254 0.000001 0.000005 0.000000 -0.000000 0.000000 89.060295 -0.342002 -19.997194 110.000000 0.000009 0.000006 80.000015 -0.000001 -0.000001 172.273880 -177.099030 -178.842377 118.786087 179.865021 178.869003 74.144081 -118.183800 -70.943275 21.196180 -16.808632 -7.448144 153.284470 -149.694733 -105.400719 168.580154 -180.000000 180.000000 172.394379 180.000000 -180.000000 0.000000 -0.000000 0.000000 90.965958 -179.741196 -165.002182 91.825516 179.999985 -180.000000 118.277840 180.000000 180.000000 0.000000 -0.000000 0.000000 91.000023 -179.999985 180.000000 70.401863 179.999985 -179.999985 107.007637 -179.999985 180.000000 0.000000 -0.000000 0.000000 90.984818 179.826370 170.001495 69.999992 180.000000 180.000000 100.000023 -180.000000 -180.000000 0.000000 -0.000000 0.000000 90.939728 179.658005 160.002792 70.000008 -179.999985 -180.000000 99.999985 179.999985 179.999985
42.396034 90.031830 -490.680359 3.054524 0.337515 0.211544 178.342163 -177.357315 -178.531662 178.759308 -169.495941 -164.433319 1.199960 1.859562 -20.603609 1.244080 8.673837 5.666271 0.142999 -3.867018 5.577733 177.969543 -170.853714 168.791870 179.212448 -179.487717 -178.911118 178.694321 -179.497101 -178.932190 178.260376 -177.604446 -179.270081 1.558680 0.152992 -5.604518 1.611553 0.184755 -6.538435 1.141983 -1.798800 -4.807157 8.542192 7.808913 2.567734 65.215286 -8.583611 -13.269666 97.256828 51.289043 92.431229 172.143784 159.651352 -178.137527 25.316126 29.263783 77.795944 10.824848 0.000030 -0.000022 7.209341 0.000018 -0.000013 0.000007 0.000003 0.000000 77.203758 3.396322 14.619046 62.810146 -0.000007 -0.000008 43.967091 -0.000001 -0.000008 0.000007 0.000003 0.000000 89.000008 -0.000000 0.000000 94.353172 0.000033 -0.000035 62.839211 0.000032 0.000007 0.000007 0.000003 0.000000 89.015205 -0.173645 -9.998514 100.671089 0.000045 -0.000042 67.046982 0.000046 0.000010 0.000007 0.000003 0.000000 89.060295 -0.342005 -19.997200 109.999992 -0.000011 -0.000004 80.000000 -0.000002 0.000003 172.280594 -177.087814 -178.813629 118.793846 179.851318 178.801697 74.375900 -118.135498 -71.166084 21.161072 -16.857145 -7.436062 153.342667 -149.790039 -105.505882 168.508163 179.999954 -179.999985 172.346420 179.999969 180.000000 0.000003 -0.000000 0.000000 90.965935 -179.741196 -165.002182 91.848267 179.999985 -179.999985 118.293777 179.999985 -180.000000 0.000003 -0.000000 0.000000 91.000023 -180.000000 -179.999985 70.424507 180.000000 -179.999985 107.022743 180.000000 180.000000 0.000003 -0.000000 0.000000 90.984802 179.826370 170.001495 70.000031 179.999985 179.999985 100.000000 179.999985 -179.999985 0.000003 -0.000000 0.000000 90.939728 179.657990 160.002823 69.999992 -179.999985 -179.999985 100.000008 179.999985 -179.999985
42.256134 89.972977 -490.451294 3.133340 0.151066 0.264129 178.324036 -177.391022 -178.543594 178.776947 -169.554764 -164.218903 1.136961 1.981133 -20.919374 1.201326 8.640570 5.523135 0.228441 -3.645292 6.105609 177.873230 -170.825409 168.410751 179.193741 -179.495575 -178.922318 178.662933 -179.505096 -178.943176 178.220673 -177.641006 -179.278580 1.559161 0.152840 -5.597337 1.612059 0.184571 -6.530051 1.141748 -1.795888 -4.800963 8.534982 7.809778 2.573160 65.305054 -8.663569 -13.249929 97.091042 51.261059 92.252937 172.190430 159.614670 -178.109421 25.335690 29.338636 77.838989 10.776918 0.000057 -0.000062 7.177433 0.000047 -0.000035 0.000000 0.000003 0.000000 77.228661 3.389825 14.620521 62.831158 -0.000002 -0.000017 43.981812 0.000010 -0.000015 0.000000 0.000003 0.000000 89.000000 -0.000006 -0.000001 94.418236 0.000088 -0.000101 62.882545 0.000081 0.000005 0.000000 0.000003 0.000000 89.015182 -0.173645 -9.998504 100.756668 0.000120 -0.000112 67.103928 0.000095 0.000055 0.000000 0.000003 0.000000 89.060295 -0.342011 -19.997185 110.000000 -0.000005 -0.000001 79.999985 0.000002 -0.000003 172.285538 -177.094894 -178.788742 118.808952 179.832932 178.740234 74.640099 -118.066757 -71.425056 21.123226 -16.907150 -7.431689 153.396729 -149.881241 -105.651917 168.425110 179.999939 -179.999985 172.291122 179.999969 -179.999985 180.000000 -180.000000 179.999985 90.965942 -179.741180 -165.002167 91.857742 179.999985 -179.999985 118.300407 179.999985 -179.999985 180.000000 -180.000000 179.999985 91.000000 -179.999985 179.999985 70.433327 179.999985 -179.999985 107.028595 179.999985 179.999985 180.000000 -180.000000 179.999985 90.984818 179.826355 170.001495 69.999977 179.999985 179.999985 100.000038 179.999985 -180.000000 180.000000 -180.000000 179.999985 90.939751 179.657990 160.002808 69.999985 179.999985 180.000000 100.000038 -179.999985 179.999985
42.104416 89.910545 -490.214630 3.201826 -0.046564 0.307344 178.327637 -177.271774 -178.548248 178.778046 -169.721588 -164.005112 1.057030 2.159804 -21.249006 1.176546 8.621058 5.337586 0.316681 -3.427329 6.762793 177.775177 -170.791901 167.956665 179.177551 -179.498413 -178.927353 178.635910 -179.508072 -178.948135 178.185837 -177.654175 -179.283066 1.564655 0.153089 -5.587568 1.617751 0.184874 -6.518653 1.139400 -1.728158 -4.792196 8.522499 7.862741 2.587050 65.409019 -8.735901 -13.233185 96.926811 51.239922 92.085457 172.231110 159.581146 -178.080643 25.342922 29.434584 77.874672 10.718594 0.000121 -0.000115 7.138568 0.000090 -0.000066 0.000003 0.000007 0.000000 77.238335 3.387287 14.621078 62.839344 -0.000008 -0.000033 43.987514 0.000011 -0.000018 0.000003 0.000007 0.000000 89.000000 -0.000004 0.000001 94.488190 0.000154 -0.000170 62.929142 0.000147 0.000054 0.000003 0.000007 0.000000 89.015205 -0.173640 -9.998504 100.852386 0.000212 -0.000167 67.167694 0.000169 0.000079 0.000003 0.000007 0.000000 89.060295 -0.342008 -19.997202 110.000015 -0.000001 0.000005 80.000000 0.000011 -0.000017 172.280746 -177.154633 -178.773224 118.842453 179.819702 178.716797 74.930344 -117.970894 -71.722481 21.088554 -16.951941 -7.431002 153.459076 -149.925735 -105.783318 168.372177 -179.999985 -179.999985 172.255875 179.999985 179.999985 180.000000 179.999985 -180.000000 90.965935 -179.741180 -165.002182 91.868134 179.999985 -179.999969 118.307701 179.999985 -179.999985 180.000000 179.999985 -180.000000 90.999992 -179.999985 -179.999985 70.450294 179.999969 -179.999954 107.039879 179.999969 -179.999985 180.000000 179.999985 -180.000000 90.984802 179.826370 170.001480 70.000008 179.999985 179.999985 100.000023 -179.999985 179.999985 180.000000 179.999985 -180.000000 90.939743 179.658005 160.002792 69.999985 -179.999985 -179.999985 100.000038 -179.999985 -179.999985
41.940010 89.843422 -489.969391 3.266031 -0.268830 0.344735 178.346344 -177.211716 -178.544800 178.769211 -169.888947 -163.778992 0.981474 2.309711 -21.605497 1.167742 8.567036 5.088127 0.409316 -3.138771 7.609329 177.664688 -170.737091 167.386032 179.160278 -179.527847 -178.927673 178.606705 -179.537704 -178.948471 178.150131 -177.791458 -179.281799 1.559409 0.152383 -5.580063 1.612331 0.184022 -6.509893 1.141913 -1.803427 -4.786154 8.513770 7.769760 2.582246 65.532097 -8.800305 -13.217005 96.752602 51.226612 91.912338 172.273819 159.543137 -178.046707 25.343132 29.551947 77.939857 10.640219 0.000191 -0.000133 7.086389 0.000141 -0.000071 0.000000 -0.000003 -0.000003 77.240410 3.386676 14.621137 62.841164 0.000001 -0.000100 43.988773 0.000057 -0.000051 0.000000 -0.000003 -0.000003 89.000000 -0.000001 -0.000001 94.555023 0.000313 -0.000280 62.973614 0.000251 0.000106 0.000000 -0.000003 -0.000003 89.015228 -0.173652 -9.998507 100.936661 0.000382 -0.000235 67.223778 0.000246 0.000176 0.000000 -0.000003 -0.000003 89.060272 -0.342006 -19.997219 110.000023 -0.000010 -0.000014 79.999969 0.000001 -0.000004 172.281708 -177.066299 -178.739136 118.891411 179.791550 178.698517 75.240448 -117.882942 -72.055359 21.049810 -16.991543 -7.435216 153.518036 -149.890106 -105.913490 168.360519 -179.999954 179.999985 172.248123 -179.999969 179.999985 0.000000 -0.000000 0.000003 90.965919 -179.741196 -165.002182 91.868111 179.999985 -179.999863 118.307648 179.999893 -179.999985 0.000000 -0.000000 0.000003 91.000000 180.000000 180.000000 70.453445 179.999924 -179.999863 107.041992 179.999893 179.999985 0.000000 -0.000000 0.000003 90.984802 179.826355 170.001511 70.000031 179.999985 179.999985 100.000008 179.999985 -179.999985 0.000000 -0.000000 0.000003 90.939705 179.657990 160.002808 70.000023 179.999985 179.999985 100.000008 180.000000 180.000000
41.760193 89.760048 -489.713531 3.291812 -0.490226 0.403952 178.390640 -177.424057 -178.561722 178.787369 -169.848709 -163.595703 0.877128 2.391457 -21.906139 1.222904 8.433663 4.617734 0.468554 -2.713286 8.894264 177.540833 -170.614609 166.640167 179.152100 -179.564026 -178.926758 178.592606 -179.574005 -178.947571 178.134796 -177.960281 -179.278442 1.555843 0.151932 -5.575839 1.608648 0.183476 -6.504972 1.146429 -1.889930 -4.782867 8.493945 7.677783 2.577864 65.674202 -8.811296 -13.198266 96.581917 51.233913 91.735451 172.294617 159.514435 -178.024292 25.333820 29.655746 77.938828 10.585899 -0.000000 0.000001 7.050211 0.000003 -0.000001 0.000000 -0.000000 0.000000 77.269836 3.379124 14.622942 62.865963 0.000002 -0.000003 44.006161 0.000004 -0.000002 0.000000 -0.000000 0.000000 89.000000 -0.000002 0.000002 94.650818 0.000005 0.000000 63.037426 -0.000006 -0.000004 0.000000 -0.000000 0.000000 89.015205 -0.173642 -9.998505 101.035782 0.000005 -0.000004 67.289825 -0.000000 0.000004 0.000000 -0.000000 0.000000 89.060280 -0.342008 -19.997204 110.000008 -0.000000 -0.000012 79.999969 -0.000007 0.000008 172.276306 -176.971054 -178.711090 118.957390 179.742676 178.675003 75.516571 -117.819984 -72.401001 21.016094 -17.035818 -7.436117 153.581543 -149.846832 -105.989281 168.370377 -180.000000 180.000000 172.254669 180.000000 180.000000 0.000000 -0.000000 0.000000 90.965919 -179.741196 -165.002182 91.895447 -179.999985 -179.999985 118.326797 180.000000 179.999985 0.000000 -0.000000 0.000000 91.000000 180.000000 180.000000 70.484612 180.000000 180.000000 107.062752 180.000000 180.000000 0.000000 -0.000000 0.000000 90.984810 179.826355 170.001495 70.000023 179.999985 179.999985 100.000000 179.999985 -179.999985 0.000000 -0.000000 0.000000 90.939705 179.657990 160.002808 69.999985 -180.000000 179.999985 100.000008 -179.999985 179.999985
41.582138 89.679070 -489.458740 3.324337 -0.708737 0.457075 178.430588 -177.631180 -178.575348 178.796600 -169.844589 -163.408997 0.792074 2.441751 -22.205101 1.271185 8.306993 4.192628 0.533426 -2.315502 10.091960 177.423538 -170.506699 165.922104 179.142105 -179.598785 -178.925308 178.575485 -179.608917 -178.946152 178.115189 -178.122543 -179.274918 1.552048 0.151448 -5.571445 1.604728 0.182892 -6.499848 1.150936 -1.976095 -4.779439 8.476537 7.587091 2.572414 65.811615 -8.828932 -13.178124 96.413277 51.240799 91.561630 172.318008 159.483994 -178.000458 25.331793 29.765285 77.956367 10.524346 0.000025 -0.000013 7.009216 0.000007 -0.000006 0.000000 -0.000000 0.000000 77.298134 3.371727 14.624604 62.889835 0.000008 -0.000019 44.022877 0.000014 0.000002 0.000000 -0.000000 0.000000 89.000000 -0.000005 0.000000 94.737724 0.000083 -0.000067 63.095314 0.000056 0.000026 0.000000 -0.000000 0.000000 89.015205 -0.173639 -9.998505 101.126152 0.000097 -0.000054 67.350014 0.000054 0.000040 0.000000 -0.000000 0.000000 89.060295 -0.342004 -19.997194 110.000000 -0.000004 -0.000006 80.000000 0.000002 -0.000003 172.271469 -176.878250 -178.685364 119.020966 179.694092 178.652390 75.792053 -117.754555 -72.739380 20.981573 -17.076307 -7.439080 153.643402 -149.784683 -106.056313 168.392456 179.999969 -179.999985 172.269379 179.999985 -179.999985 0.000000 -0.000000 0.000000 90.965919 -179.741196 -165.002182 91.921646 -179.999985 -179.999969 118.345161 179.999985 -179.999985 0.000000 -0.000000 0.000000 90.999992 -180.000000 179.999985 70.513077 179.999985 -179.999969 107.081718 179.999985 179.999985 0.000000 -0.000000 0.000000 90.984802 179.826370 170.001495 70.000008 -179.999985 179.999985 100.000000 -180.000000 -179.999985 0.000000 -0.000000 0.000000 90.939705 179.657990 160.002792 69.999992 -180.000000 -179.999985 100.000000 -180.000000 179.999985
41.397240 89.590637 -489.199829 3.340754 -0.946414 0.529459 178.482590 -177.848389 -178.599045 178.833267 -169.644455 -163.233887 0.608548 2.683904 -22.505671 1.353226 8.181537 3.621259 0.602464 -1.860648 11.610320 177.298248 -170.322357 165.056992 179.136292 -179.637543 -178.925201 178.565292 -179.647766 -178.946060 178.104950 -178.303467 -179.271790 1.550242 0.151169 -5.567430 1.602863 0.182553 -6.495157 1.155924 -2.052926 -4.776244 8.451175 7.499616 2.571041 65.968597 -8.824595 -13.157563 96.232224 51.247662 91.370850 172.330307 159.459183 -177.981079 25.270208 29.843460 77.837616 10.508833 0.000072 -0.000034 6.998884 0.000045 -0.000014 180.000000 180.000000 -180.000000 77.323898 3.364961 14.626083 62.911568 0.000011 -0.000077 44.038094 0.000038 -0.000029 180.000000 180.000000 -180.000000 89.000015 -0.000000 0.000000 94.876701 0.000184 -0.000118 63.187889 0.000118 0.000069 180.000000 180.000000 -180.000000 89.015213 -0.173637 -9.998512 101.265732 0.000207 -0.000103 67.442993 0.000116 0.000102 180.000000 180.000000 -180.000000 89.060310 -0.342012 -19.997192 109.999992 -0.000003 0.000002 79.999985 -0.000003 -0.000003 172.263550 -176.787842 -178.656845 119.094933 179.637985 178.626083 76.078888 -117.703217 -73.117798 20.948536 -17.129135 -7.438179 153.736664 -149.842972 -106.231689 168.324600 -179.999985 179.999985 172.224197 -179.999985 179.999985 0.000007 0.000003 0.000000 90.965935 -179.741196 -165.002182 91.962166 -179.999985 -179.999969 118.373489 179.999985 -180.000000 0.000007 0.000003 0.000000 91.000000 180.000000 180.000000 70.567497 179.999985 -179.999969 107.117966 179.999969 180.000000 0.000007 0.000003 0.000000 90.984779 179.826370 170.001495 70.000008 179.999985 179.999985 100.000008 179.999985 180.000000 0.000007 0.000003 0.000000 90.939713 179.657990 160.002792 70.000008 -179.999985 -179.999985 100.000038 -180.000000 179.999985
41.208847 89.494446 -488.937866 3.335094 -1.183241 0.617235 178.541306 -178.111908 -178.628845 178.893677 -169.474045 -163.072067 0.425925 2.845069 -22.813799 1.457129 8.022882 2.937565 0.683203 -1.352065 13.336406 177.150360 -170.107269 164.147934 179.135681 -179.683350 -178.927216 178.563705 -179.693542 -178.948044 178.106415 -178.517319 -179.269257 1.546535 0.150725 -5.564541 1.599036 0.182018 -6.491794 1.162288 -2.158626 -4.774171 8.420717 7.386465 2.573916 66.137741 -8.799827 -13.151615 96.047691 51.252251 91.174568 172.336365 159.437897 -177.966400 25.267841 29.936640 77.824371 10.464062 0.000120 -0.000034 6.969069 0.000079 -0.000013 0.000003 -0.000000 0.000000 77.369164 3.353111 14.628679 62.949749 0.000038 -0.000133 44.064854 0.000085 -0.000065 0.000003 -0.000000 0.000000 89.000015 -0.000010 0.000005 94.995750 0.000311 -0.000197 63.267197 0.000197 0.000129 0.000003 -0.000000 0.000000 89.015205 -0.173646 -9.998508 101.381363 0.000382 -0.000185 67.520004 0.000214 0.000196 0.000003 -0.000000 0.000000 89.060280 -0.342011 -19.997185 110.000023 0.000006 0.000008 79.999969 0.000006 -0.000008 172.257324 -176.661987 -178.615250 119.172485 179.589615 178.608932 76.366211 -117.650787 -73.516998 20.920509 -17.191141 -7.427244 153.777267 -149.810791 -106.243225 168.344711 -179.999985 179.999985 172.237579 -179.999985 179.999985 0.000000 -0.000003 0.000000 90.965912 -179.741196 -165.002182 91.984825 -179.999985 -179.999985 118.389389 179.999985 -179.999985 0.000000 -0.000003 0.000000 91.000023 179.999985 180.000000 70.591644 179.999985 -179.999969 107.134094 179.999985 179.999985 0.000000 -0.000003 0.000000 90.984818 179.826355 170.001511 69.999969 -179.999985 -179.999985 100.000023 -179.999985 180.000000 0.000000 -0.000003 0.000000 90.939743 179.657990 160.002792 69.999962 -180.000000 -179.999985 100.000038 -179.999985 179.999985
41.016865 89.389870 -488.672882 3.296681 -1.413039 0.722306 178.609512 -178.400330 -178.653015 178.985947 -169.314667 -162.931244 0.238596 2.959440 -23.136951 1.597841 7.807700 2.127802 0.772077 -0.729493 15.275622 176.973541 -169.836884 163.250153 179.142380 -179.745010 -178.933014 178.574097 -179.755096 -178.953735 178.124619 -178.805252 -179.267700 1.534295 0.149443 -5.561796 1.586382 0.180475 -6.488602 1.171862 -2.364146 -4.772864 8.387128 7.185640 2.578096 66.313232 -8.752237 -13.155149 95.863907 51.264572 90.975220 172.342987 159.425018 -177.956009 25.290564 30.019756 77.817047 10.426029 0.000157 -0.000032 6.943737 0.000110 -0.000007 0.000000 -0.000000 0.000000 77.443161 3.333825 14.632987 63.012299 0.000033 -0.000132 44.108593 0.000083 -0.000051 0.000000 -0.000000 0.000000 88.999985 -0.000004 0.000006 95.121681 0.000402 -0.000233 63.351036 0.000249 0.000162 0.000000 -0.000000 0.000000 89.015205 -0.173646 -9.998510 101.518883 0.000538 -0.000259 67.611549 0.000286 0.000270 0.000000 -0.000000 0.000000 89.060265 -0.342003 -19.997194 110.000023 0.000008 0.000011 79.999985 0.000005 0.000000 172.260681 -176.439087 -178.541138 119.242577 179.543839 178.559586 76.641617 -117.624001 -73.915237 20.880707 -17.268484 -7.402738 153.786713 -149.781250 -106.202736 168.373978 -179.999985 179.999985 172.257065 -179.999985 179.999985 180.000000 -179.999985 -179.999985 90.965897 -179.741196 -165.002167 91.995216 -179.999985 179.999985 118.396591 -179.999985 179.999985 180.000000 -179.999985 -179.999985 90.999992 -179.999985 -179.999985 70.609993 -179.999985 179.999985 107.146202 -179.999985 179.999985 180.000000 -179.999985 -179.999985 90.984726 179.826370 170.001511 70.000061 -179.999985 -180.000000 100.000038 179.999985 -179.999985 180.000000 -179.999985 -179.999985 90.939667 179.657990 160.002808 70.000023 179.999985 179.999985 100.000053 -180.000000 -179.999985
40.820774 89.274445 -488.406647 3.157011 -1.596047 0.871656 178.736313 -178.653412 -178.708054 179.137177 -169.188416 -162.769867 0.018122 3.009448 -23.503563 1.886455 7.458346 1.016574 0.861720 0.060399 17.601158 176.778351 -169.582321 162.670700 179.176208 -179.784012 -178.942520 178.629868 -179.793549 -178.963135 178.200775 -178.987839 -179.270630 1.536454 0.149601 -5.560037 1.588616 0.180666 -6.486545 1.175151 -2.388823 -4.771353 8.339586 7.142213 2.582678 66.466995 -8.699264 -13.151386 95.719261 51.297421 90.825996 172.358643 159.425827 -177.947739 25.335127 30.090109 77.895760 10.373711 0.000004 -0.000001 6.908896 0.000003 -0.000001 0.000000 -0.000000 0.000000 77.479652 3.324438 14.635222 63.043064 -0.000001 -0.000005 44.130146 -0.000000 0.000000 0.000000 -0.000000 0.000000 89.000000 -0.000001 -0.000001 95.220383 0.000000 -0.000005 63.416790 0.000001 0.000005 0.000000 -0.000000 0.000000 89.015182 -0.173645 -9.998508 101.650772 -0.000005 -0.000000 67.699425 -0.000000 0.000000 0.000000 -0.000000 0.000000 89.060295 -0.342005 -19.997196 110.000015 -0.000009 -0.000006 80.000000 -0.000007 0.000008 172.248581 -176.370255 -178.468292 119.325073 179.528244 178.517456 76.925957 -117.621933 -74.290878 20.869854 -17.364937 -7.338084 153.761932 -149.802734 -106.142929 168.376984 -180.000000 -180.000000 172.259079 -179.999985 -180.000000 0.000000 -0.000000 0.000000 90.965912 -179.741196 -165.002182 91.993073 -179.999985 180.000000 118.395157 -180.000000 179.999985 0.000000 -0.000000 0.000000 91.000000 179.999985 179.999985 70.606911 180.000000 180.000000 107.144188 180.000000 180.000000 0.000000 -0.000000 0.000000 90.984802 179.826355 170.001495 70.000015 180.000000 180.000000 99.999985 179.999985 -179.999985 0.000000 -0.000000 0.000000 90.939690 179.657990 160.002808 70.000015 179.999985 179.999985 100.000008 -179.999985 180.000000
40.625057 89.160065 -488.140503 3.028208 -1.783024 1.018109 178.854706 -178.915802 -178.756866 179.283386 -169.042618 -162.616119 179.798248 176.924667 156.133087 2.165108 7.122037 -0.062278 0.982321 0.821454 19.894918 176.578247 -169.314774 162.044617 179.207123 -179.822586 -178.952301 178.680878 -179.831665 -178.972733 178.270233 -179.168228 -179.273529 1.538632 0.149746 -5.557409 1.590870 0.180841 -6.483479 1.178607 -2.414957 -4.769136 8.291762 7.100269 2.593042 66.625343 -8.643783 -13.149979 95.568459 51.327187 90.667717 172.374725 159.425568 -177.939072 25.379732 30.159588 77.968239 10.323510 0.000031 -0.000000 6.875460 0.000014 0.000001 0.000000 0.000007 0.000003 77.517494 3.314559 14.637398 63.074993 0.000010 -0.000022 44.152493 0.000013 -0.000006 0.000000 0.000007 0.000003 89.000000 -0.000007 0.000002 95.323776 0.000050 -0.000027 63.485653 0.000033 0.000005 0.000000 0.000007 0.000003 89.015205 -0.173639 -9.998503 101.791054 0.000054 -0.000031 67.792854 0.000033 0.000043 0.000000 0.000007 0.000003 89.060310 -0.342010 -19.997189 110.000015 0.000001 -0.000005 80.000000 0.000002 -0.000003 172.238297 -176.302063 -178.395172 119.404411 179.512802 178.475937 77.210579 -117.614311 -74.674103 20.856985 -17.460266 -7.276967 153.738373 -149.815018 -106.074562 168.387558 179.999985 -179.999985 172.266113 180.000000 -180.000000 179.999985 180.000000 180.000000 90.965912 -179.741196 -165.002197 91.991470 180.000000 180.000000 118.394035 -179.999985 180.000000 179.999985 180.000000 180.000000 90.999992 179.999985 179.999985 70.604584 180.000000 179.999985 107.142647 -180.000000 -179.999985 179.999985 180.000000 180.000000 90.984818 179.826355 170.001480 70.000015 179.999985 179.999985 100.000008 180.000000 180.000000 179.999985 180.000000 180.000000 90.939728 179.657990 160.002792 70.000008 -179.999985 179.999985 100.000023 -180.000000 179.999985
40.425823 89.041176 -487.874420 2.857502 -1.955567 1.184585 179.000626 -179.108276 -178.822754 179.453064 -168.965958 -162.448120 179.556610 176.884094 155.747543 2.528199 6.790217 -1.269231 1.123546 1.648029 22.381073 176.377487 -168.993652 161.543869 179.248566 -179.863266 -178.964264 178.749405 -179.871765 -178.984421 178.362595 -179.358368 -179.277649 1.540024 0.149863 -5.556663 1.592310 0.180981 -6.482607 1.181531 -2.439541 -4.768546 8.241897 7.051110 2.594234 66.777435 -8.590453 -13.148613 95.434540 51.362259 90.533226 172.392776 159.430969 -177.929672 25.433222 30.249371 78.086861 10.251245 0.000034 0.000001 6.827328 0.000017 0.000004 0.000007 -0.000000 0.000000 77.553230 3.305239 14.639446 63.105183 -0.000006 -0.000023 44.173630 0.000009 -0.000004 0.000007 -0.000000 0.000000 89.000015 -0.000004 0.000011 95.415710 0.000071 -0.000023 63.546856 0.000053 0.000025 0.000007 -0.000000 0.000000 89.015205 -0.173643 -9.998509 101.893005 0.000097 -0.000048 67.860756 0.000057 0.000059 0.000007 -0.000000 0.000000 89.060295 -0.342005 -19.997198 110.000023 -0.000006 0.000004 79.999969 -0.000004 0.000005 172.226364 -176.227417 -178.312057 119.489105 179.503922 178.427948 77.499107 -117.635490 -75.045578 20.857035 -17.562489 -7.197004 153.686081 -149.840454 -105.985123 168.392883 179.999908 -179.999954 172.269669 179.999924 -179.999985 0.000000 -0.000000 0.000000 90.965935 -179.741180 -165.002197 91.982635 -179.999985 -179.999985 118.387833 179.999985 -179.999985 0.000000 -0.000000 0.000000 91.000000 -179.999985 179.999985 70.592796 -179.999985 -179.999985 107.134796 179.999985 180.000000 0.000000 -0.000000 0.000000 90.984795 179.826355 170.001480 70.000015 179.999985 179.999985 99.999985 -179.999985 -179.999985 0.000000 -0.000000 0.000000 90.939728 179.657990 160.002792 70.000015 180.000000 180.000000 100.000008 179.999985 -179.999985
40.223576 88.920746 -487.612976 2.664330 -2.088513 1.357013 179.158173 -179.334457 -178.911713 179.629364 -168.975540 -162.274948 179.365799 177.004593 155.393112 2.957160 6.339232 -2.482922 1.270552 2.503873 24.752012 176.114029 -168.798431 161.309525 179.295471 -179.900864 -178.978394 178.827164 -179.908737 -178.998199 178.466507 -179.533936 -179.283554 1.541753 0.150116 -5.559628 1.594095 0.181285 -6.486067 1.183884 -2.452325 -4.771103 8.197414 6.998405 2.577322 66.900383 -8.554232 -13.140067 95.335854 51.410385 90.443527 172.416245 159.433075 -177.919418 25.480486 30.316624 78.224754 10.184508 -0.000003 -0.000002 6.782888 -0.000003 -0.000001 0.000007 0.000003 0.000003 77.563690 3.302486 14.640010 63.113960 0.000009 -0.000067 44.179775 0.000037 -0.000018 0.000007 0.000003 0.000003 89.000000 -0.000005 -0.000014 95.463600 0.000125 -0.000076 63.578728 0.000076 0.000039 0.000007 0.000003 0.000003 89.015236 -0.173637 -9.998506 101.986916 0.000153 -0.000071 67.923294 0.000094 0.000068 0.000007 0.000003 0.000003 89.060303 -0.342003 -19.997213 109.999985 0.000002 -0.000010 80.000000 -0.000007 0.000008 172.213013 -176.153137 -178.235336 119.569756 179.503143 178.378006 77.758629 -117.670540 -75.343544 20.860048 -17.658300 -7.110738 153.667389 -149.865784 -105.958473 168.384705 179.999207 -179.999649 172.264221 179.999451 -179.999847 0.000000 -0.000000 0.000000 90.965935 -179.741196 -165.002182 91.980812 -179.999985 -179.999939 118.386566 179.999985 -179.999969 0.000000 -0.000000 0.000000 91.000023 179.999985 -179.999985 70.586487 -179.999985 -179.999893 107.130623 179.999939 -179.999969 0.000000 -0.000000 0.000000 90.984802 179.826355 170.001495 69.999977 -179.999985 -179.999985 100.000038 180.000000 180.000000 0.000000 -0.000000 0.000000 90.939735 179.657990 160.002823 69.999962 -179.999985 -179.999985 100.000053 -180.000000 -180.000000
40.021267 88.796707 -487.353027 2.413439 -2.238118 1.533222 179.354141 -179.565842 -179.033249 179.832825 -169.052414 -162.024811 179.162415 177.193542 155.002762 3.554747 5.747350 -3.880391 1.369545 3.447530 27.440182 176.081039 -168.737335 161.259277 179.355133 -179.946259 -178.980209 178.926086 -179.953461 -178.999954 178.598663 -179.746216 -179.280746 1.545312 0.150703 -5.568706 1.597767 0.181990 -6.496660 1.187178 -2.459011 -4.778815 8.157834 6.934227 2.503069 67.002457 -8.543880 -13.094761 95.253357 51.472813 90.389771 172.422012 159.438828 -177.915329 25.502596 30.317308 78.216980 10.188942 0.000003 0.000002 6.785839 0.000007 0.000003 0.000000 -0.000000 0.000000 77.611290 3.290053 14.642756 63.154171 0.000015 -0.000063 44.207905 0.000042 -0.000031 0.000000 -0.000000 0.000000 88.999977 0.000000 0.000010 95.561752 0.000085 -0.000054 63.644138 0.000061 0.000038 0.000000 -0.000000 0.000000 89.015236 -0.173646 -9.998502 102.105034 0.000129 -0.000074 68.001991 0.000081 0.000067 0.000000 -0.000000 0.000000 89.060310 -0.342005 -19.997192 109.999969 0.000004 0.000006 80.000008 0.000003 -0.000011 172.175980 -176.079041 -178.185440 119.697151 179.472168 178.345642 78.030563 -117.720932 -75.612007 20.866638 -17.755156 -7.031080 153.685150 -150.279266 -106.240265 168.088104 179.999359 -179.999649 172.066666 179.999557 -179.999832 0.000000 0.000000 -0.000003 90.965897 -179.741196 -165.002182 91.981255 -179.999893 -179.999786 118.386879 179.999893 -179.999863 0.000000 0.000000 -0.000003 91.000000 179.999985 -179.999985 70.589142 -179.999954 -179.999664 107.132324 179.999802 -179.999924 0.000000 0.000000 -0.000003 90.984772 179.826355 170.001480 70.000015 179.999985 180.000000 100.000023 -179.999985 179.999985 0.000000 0.000000 -0.000003 90.939713 179.657990 160.002792 70.000023 -179.999985 179.999985 100.000000 179.999985 -179.999985
39.856461 88.676689 -487.067657 2.163062 -2.427030 1.640278 179.554749 -179.985641 -179.147736 179.989044 -168.986084 -161.659668 178.979004 177.399307 154.615433 4.093883 5.426689 -5.230636 1.351024 3.925562 30.026703 176.590836 -168.905640 161.257141 179.412811 -179.998001 -178.941956 179.021271 179.995300 -178.962601 178.727692 -179.988907 -179.250870 1.553336 0.151814 -5.582930 1.606052 0.183334 -6.513259 1.192482 -2.451968 -4.790815 8.142126 6.895314 2.356985 67.037292 -8.530539 -12.948030 95.164642 51.589237 90.334137 172.379166 159.454865 -177.938019 25.513577 30.324663 78.217300 10.186392 -0.000000 0.000002 6.784134 0.000000 -0.000000 0.000000 -0.000000 0.000000 77.636612 3.283510 14.644262 63.175560 0.000004 -0.000006 44.222893 -0.000000 0.000000 0.000000 -0.000000 0.000000 89.000000 0.000005 -0.000000 95.598831 0.000005 0.000005 63.668812 0.000002 -0.000003 0.000000 -0.000000 0.000000 89.015205 -0.173642 -9.998509 102.161423 -0.000004 -0.000005 68.039520 -0.000000 0.000004 0.000000 -0.000000 0.000000 89.060295 -0.342004 -19.997194 110.000015 0.000004 0.000006 80.000000 0.000003 -0.000002 172.107864 -176.044800 -178.211792 119.880417 179.345535 178.311035 78.339973 -117.781052 -75.909279 20.838140 -17.852865 -6.973120 153.811813 -150.380295 -106.512642 167.974625 -180.000000 179.999985 171.991104 -179.999985 180.000000 0.000000 -0.000000 0.000000 90.965919 -179.741180 -165.002182 92.010483 -179.999985 -179.999985 118.407326 -179.999985 -180.000000 0.000000 -0.000000 0.000000 91.000000 -180.000000 -180.000000 70.629112 179.999985 179.999985 107.158989 180.000000 179.999985 0.000000 -0.000000 0.000000 90.984802 179.826370 170.001480 69.999992 179.999985 180.000000 100.000008 -180.000000 179.999985 0.000000 -0.000000 0.000000 90.939713 179.658005 160.002792 70.000008 180.000000 180.000000 100.000008 -180.000000 179.999985
39.685577 88.555771 -486.786407 1.906916 -2.610914 1.758469 179.755005 179.592514 -179.265640 0.156671 -11.086058 18.692896 178.794693 177.607086 154.227692 4.671319 5.064295 -6.594582 1.355165 4.460168 32.647324 177.052414 -169.074326 161.271072 179.471664 179.950424 -178.908646 179.118607 179.944199 -178.929932 178.858810 179.770020 -179.223923 1.560928 0.152950 -5.597548 1.613887 0.184707 -6.530312 1.197563 -2.445599 -4.803150 8.123801 6.851549 2.214542 67.079880 -8.523649 -12.813597 95.078857 51.698582 90.282631 172.343033 159.468246 -177.956192 25.526392 30.330624 78.223862 10.183058 0.000003 0.000001 6.781903 -0.000003 -0.000001 0.000000 -0.000000 0.000003 77.658913 3.277684 14.645526 63.194370 0.000008 -0.000027 44.236095 0.000001 -0.000003 0.000000 -0.000000 0.000003 88.999977 0.000001 0.000001 95.633583 0.000022 -0.000011 63.692013 0.000015 0.000009 0.000000 -0.000000 0.000003 89.015167 -0.173634 -9.998504 102.217110 0.000023 -0.000010 68.076576 0.000017 0.000008 0.000000 -0.000000 0.000003 89.060257 -0.342002 -19.997198 110.000015 -0.000001 -0.000008 80.000000 -0.000006 0.000004 172.042770 -176.004639 -178.230072 120.058716 179.232605 178.278366 78.642357 -117.840218 -76.194603 20.815449 -17.950489 -6.914029 153.930832 -150.482803 -106.778473 167.861435 179.999863 -179.999924 171.915726 179.999908 -179.999969 0.000000 -0.000000 0.000000 90.965927 -179.741180 -165.002182 92.037224 -179.999985 -179.999954 118.426109 179.999969 -179.999969 0.000000 -0.000000 0.000000 90.999992 -179.999985 179.999985 70.665855 179.999985 -179.999924 107.183464 179.999954 -179.999985 0.000000 -0.000000 0.000000 90.984779 179.826370 170.001480 70.000023 179.999985 179.999985 99.999985 -179.999985 -179.999985 0.000000 -0.000000 0.000000 90.939705 179.658005 160.002808 70.000008 180.000000 -179.999985 100.000023 -180.000000 -180.000000
39.531330 88.436356 -486.495026 1.658165 -2.814014 1.847400 179.956833 179.159927 -179.380234 0.297948 -11.159399 19.087255 178.613098 177.812271 153.845871 5.208039 4.885855 -7.920723 1.309486 4.850455 35.207920 177.726990 -169.245163 161.259140 179.527786 179.896225 -178.859634 179.211365 179.890381 -178.881836 178.984421 179.516846 -179.186142 1.569792 0.154237 -5.612553 1.623036 0.186262 -6.547815 1.203205 -2.436243 -4.815748 8.113887 6.820907 2.052780 67.095787 -8.507105 -12.635643 94.988380 51.833157 90.223694 172.282211 159.488312 -177.988571 25.521452 30.328325 78.189949 10.192920 0.000023 0.000011 6.788490 0.000017 0.000009 0.000000 -0.000000 0.000000 77.689766 3.269595 14.647248 63.220455 0.000025 -0.000053 44.254307 0.000042 -0.000012 0.000000 -0.000000 0.000000 89.000000 -0.000002 0.000007 95.671371 0.000072 -0.000033 63.717148 0.000035 0.000022 0.000000 -0.000000 0.000000 89.015182 -0.173639 -9.998512 102.266617 0.000065 -0.000039 68.109566 0.000041 0.000028 0.000000 -0.000000 0.000000 89.060287 -0.342014 -19.997187 110.000000 0.000006 -0.000004 80.000000 -0.000001 -0.000010 171.966248 -175.984116 -178.277634 120.256508 179.076706 178.237610 78.951721 -117.922890 -76.487137 20.789547 -18.040585 -6.863383 154.077942 -150.587692 -107.075485 167.743057 179.999680 -179.999802 171.836884 179.999771 -179.999893 180.000000 -179.999985 -179.999985 90.965935 -179.741196 -165.002182 92.079430 -179.999954 -179.999863 118.455612 179.999924 -179.999924 180.000000 -179.999985 -179.999985 91.000000 -179.999985 179.999985 70.722206 179.999985 -179.999817 107.221008 179.999878 -179.999985 180.000000 -179.999985 -179.999985 90.984810 179.826355 170.001495 70.000023 179.999985 179.999985 100.000000 179.999985 -179.999985 180.000000 -179.999985 -179.999985 90.939743 179.657990 160.002792 69.999992 -179.999985 -180.000000 100.000000 179.999985 -179.999985
39.397713 88.320755 -486.188995 1.426627 -3.032640 1.899838 0.155058 1.271700 0.523843 0.406849 -11.174942 19.519718 178.458740 178.061371 153.464340 5.665486 4.754595 -9.199953 1.202987 4.955258 37.651798 178.438690 -169.635498 161.175720 179.579086 179.841064 -178.793442 179.296005 179.835480 -178.816849 179.099945 179.259369 -179.136566 1.580870 0.155653 -5.623723 1.634476 0.187975 -6.560850 1.209227 -2.417019 -4.824954 8.111538 6.813488 1.884198 67.091995 -8.468475 -12.429244 94.881378 51.982529 90.140709 172.198471 159.518082 -178.036606 25.520332 30.350639 78.150925 10.191950 0.000094 0.000064 6.787837 0.000048 0.000051 180.000000 179.999985 -180.000000 77.730423 3.258931 14.649504 63.254807 0.000051 -0.000109 44.278355 0.000078 -0.000027 180.000000 179.999985 -180.000000 88.999962 0.000004 -0.000006 95.724724 0.000117 -0.000074 63.752644 0.000075 0.000054 180.000000 179.999985 -180.000000 89.015228 -0.173636 -9.998517 102.319748 0.000158 -0.000087 68.144966 0.000084 0.000090 180.000000 179.999985 -180.000000 89.060265 -0.342000 -19.997198 110.000015 0.000005 0.000001 80.000000 -0.000004 0.000001 171.878784 -175.984421 -178.350311 120.474167 178.880722 178.199234 79.291588 -117.973434 -76.836601 20.716692 -18.140432 -6.813857 154.215256 -150.684326 -107.405067 167.617676 179.999588 -179.999695 171.753387 179.999695 -179.999847 0.000000 -0.000000 0.000000 90.965942 -179.741180 -165.002182 92.112938 -179.999939 -179.999756 118.479095 179.999863 -179.999878 0.000000 -0.000000 0.000000 90.999977 -179.999985 -179.999985 70.769310 179.999954 -179.999649 107.252388 179.999756 -179.999954 0.000000 -0.000000 0.000000 90.984779 179.826355 170.001495 70.000023 180.000000 -179.999985 100.000008 -180.000000 -180.000000 0.000000 -0.000000 0.000000 90.939690 179.658005 160.002808 70.000031 -179.999985 -180.000000 100.000038 -179.999985 179.999985
39.288414 88.209335 -485.863556 1.213748 -3.272248 1.910997 0.356290 1.708195 0.462000 0.478614 -11.212613 19.994047 178.302826 178.279663 153.063141 5.998357 4.839988 -10.442718 1.053988 4.730337 40.042168 179.262848 -170.120483 160.991272 179.625336 179.782959 -178.706558 179.372147 179.777557 -178.731552 179.205368 178.988373 -179.072464 1.592488 0.157031 -5.631025 1.646482 0.189638 -6.569355 1.216089 -2.406111 -4.830863 8.115616 6.826229 1.713913 67.068939 -8.392549 -12.178825 94.748421 52.159939 90.018959 172.095200 159.561218 -178.102722 25.536629 30.416143 78.132874 10.164983 0.000123 0.000200 6.769878 0.000070 0.000139 0.000000 -0.000000 0.000000 77.790344 3.243283 14.652821 63.305382 0.000104 -0.000156 44.313774 0.000128 -0.000033 0.000000 -0.000000 0.000000 89.000000 -0.000005 -0.000005 95.770950 0.000265 -0.000079 63.783428 0.000129 0.000129 0.000000 -0.000000 0.000000 89.015205 -0.173642 -9.998503 102.417091 0.000251 -0.000075 68.209763 0.000108 0.000139 0.000000 -0.000000 0.000000 89.060234 -0.342013 -19.997190 110.000015 0.000012 0.000017 79.999985 0.000003 -0.000002 171.780167 -175.998230 -178.439087 120.714935 178.637878 178.157059 79.675262 -118.007553 -77.275146 20.603498 -18.257269 -6.750744 154.349457 -150.745102 -107.680092 167.527374 179.999420 -179.999527 171.693222 179.999588 -179.999741 179.999985 -179.999985 -179.999985 90.965935 -179.741196 -165.002182 92.150291 -179.999939 -179.999680 118.505287 179.999817 -179.999847 179.999985 -179.999985 -179.999985 91.000000 -179.999985 179.999985 70.825188 179.999908 -179.999573 107.289551 179.999725 -179.999985 179.999985 -179.999985 -179.999985 90.984756 179.826355 170.001480 69.999992 -179.999985 -179.999985 100.000023 -179.999985 -179.999985 179.999985 -179.999985 -179.999985 90.939728 179.657990 160.002792 69.999969 180.000000 179.999985 100.000008 179.999985 179.999985
39.227337 88.114136 -485.497711 1.150698 -3.441063 1.880497 0.470691 1.868307 0.473504 0.450244 -11.118273 20.419413 178.185852 178.426407 152.742844 5.914546 5.312823 -11.410965 1.035389 4.048235 41.668980 179.681656 -170.398026 160.723953 179.641861 179.739731 -178.611908 179.398529 179.734161 -178.638733 179.246689 178.786774 -179.003815 1.601516 0.157933 -5.632669 1.655813 0.190733 -6.571274 1.222611 -2.416056 -4.832006 8.129702 6.853697 1.593355 66.997246 -8.186448 -11.892040 94.589050 52.356220 89.850288 172.011612 159.616714 -178.184708 25.622993 30.490681 78.227188 10.111046 -0.000007 0.000000 6.733962 0.000007 -0.000001 0.000000 -0.000000 0.000000 77.857147 3.225960 14.656787 63.361740 -0.000002 0.000003 44.353218 0.000009 -0.000004 0.000000 -0.000000 0.000000 88.999985 -0.000001 -0.000006 95.878334 -0.000000 0.000000 63.854973 -0.000004 -0.000003 0.000000 -0.000000 0.000000 89.015205 -0.173643 -9.998505 102.544937 0.000002 0.000003 68.294937 0.000009 -0.000007 0.000000 -0.000000 0.000000 89.060280 -0.342011 -19.997198 110.000000 0.000002 0.000003 80.000000 -0.000002 -0.000002 171.704315 -176.006927 -178.511139 120.883308 178.325012 178.058517 80.118996 -118.047989 -77.828560 20.476599 -18.402615 -6.644612 154.456116 -150.808334 -107.887939 167.451324 -179.999985 180.000000 171.642578 180.000000 -180.000000 0.000000 -0.000000 0.000000 90.965919 -179.741196 -165.002182 92.177231 -179.999985 -179.999985 118.524055 179.999985 180.000000 0.000000 -0.000000 0.000000 91.000000 -179.999985 179.999985 70.861488 180.000000 -179.999985 107.313744 -179.999985 179.999985 0.000000 -0.000000 0.000000 90.984802 179.826370 170.001495 69.999985 -179.999985 -180.000000 100.000038 -179.999985 180.000000 0.000000 -0.000000 0.000000 90.939720 179.657990 160.002808 70.000008 -179.999985 179.999985 100.000000 179.999985 -180.000000
39.161648 88.017250 -485.135376 1.072289 -3.618488 1.853196 0.594494 2.091715 0.480079 0.431266 -11.057324 20.843317 178.075424 178.592819 152.417480 5.861631 5.749379 -12.386050 0.980358 3.418767 43.353374 0.153660 -9.303694 -19.541662 179.660858 179.695328 -178.519867 179.429214 179.689636 -178.548416 179.293259 178.579865 -178.936813 1.610714 0.158902 -5.634213 1.665321 0.191901 -6.573077 1.229123 -2.423960 -4.833071 8.143064 6.883070 1.472241 66.933060 -8.001388 -11.613751 94.430962 52.550209 89.680954 171.925110 159.671051 -178.264877 25.687092 30.555603 78.296661 10.066084 0.000009 0.000097 6.704011 -0.000004 0.000065 0.000000 -0.000000 0.000000 77.908119 3.212624 14.659572 63.404797 0.000041 -0.000035 44.383354 0.000034 0.000007 0.000000 -0.000000 0.000000 89.000000 -0.000000 0.000000 95.975670 0.000053 0.000003 63.919781 0.000014 0.000029 0.000000 -0.000000 0.000000 89.015205 -0.173647 -9.998504 102.657974 0.000039 -0.000005 68.370193 0.000006 0.000025 0.000000 -0.000000 0.000000 89.060280 -0.342008 -19.997196 110.000000 0.000005 0.000001 80.000000 0.000003 0.000003 171.627304 -176.018982 -178.584167 121.057617 178.027237 177.966507 80.544418 -118.095512 -78.358452 20.356911 -18.538389 -6.544436 154.564133 -150.820328 -108.067711 167.410843 179.999603 -179.999725 171.615631 179.999710 -179.999847 0.000000 -0.000000 0.000000 90.965927 -179.741196 -165.002182 92.204552 -179.999985 -179.999939 118.543205 179.999969 -179.999985 0.000000 -0.000000 0.000000 91.000015 -179.999985 -180.000000 70.897499 179.999985 -179.999924 107.337730 179.999954 -179.999985 0.000000 -0.000000 0.000000 90.984779 179.826370 170.001495 70.000046 -179.999985 179.999985 100.000008 -180.000000 179.999985 0.000000 -0.000000 0.000000 90.939713 179.658005 160.002792 69.999992 -179.999985 -179.999985 100.000023 -179.999985 180.000000
39.112118 87.926262 -484.761292 1.049419 -3.771671 1.814942 0.691486 2.066278 0.503485 0.375769 -10.880986 21.282862 177.933350 178.665482 152.108307 5.657082 6.355118 -13.362746 0.965185 2.588269 44.884201 0.426943 -9.075560 -19.824036 179.669907 179.653915 -178.417267 179.443207 179.647949 -178.447754 179.318771 178.387009 -178.862366 1.619510 0.159813 -5.635511 1.674412 0.192999 -6.574580 1.236061 -2.439818 -4.833958 8.157820 6.911092 1.352787 66.845551 -7.743283 -11.301252 94.254143 52.755161 89.494194 171.842804 159.731689 -178.357468 25.876858 30.673006 78.464722 9.981523 -0.000048 0.000279 6.647701 -0.000055 0.000183 0.000000 -0.000000 0.000000 78.068039 3.170872 14.668473 63.539803 0.000051 -0.000017 44.477894 0.000048 0.000027 0.000000 -0.000000 0.000000 89.000000 0.000004 0.000004 96.162292 0.000035 0.000028 64.044052 -0.000009 0.000031 0.000000 -0.000000 0.000000 89.015190 -0.173631 -9.998518 102.881172 0.000019 0.000051 68.518837 -0.000025 0.000016 0.000000 -0.000000 0.000000 89.060280 -0.342005 -19.997194 110.000015 -0.000000 0.000000 80.000000 0.000005 -0.000005 171.551086 -176.021744 -178.655823 121.214821 177.671097 177.846085 81.041634 -118.140648 -78.981621 20.213453 -18.711348 -6.411551 154.669662 -151.202560 -108.459190 167.116486 179.999786 -179.999832 171.419586 179.999847 -179.999908 0.000000 0.000000 -0.000003 90.965912 -179.741196 -165.002182 92.243553 -179.999985 179.999985 118.570473 -179.999985 179.999985 0.000000 0.000000 -0.000003 91.000023 180.000000 179.999985 70.950752 179.999985 -179.999985 107.373238 179.999985 -179.999985 0.000000 0.000000 -0.000003 90.984818 179.826370 170.001480 69.999977 179.999985 180.000000 100.000038 179.999985 -179.999985 0.000000 0.000000 -0.000003 90.939690 179.657990 160.002808 70.000015 179.999985 -179.999985 100.000000 180.000000 -179.999985
39.075386 87.840187 -484.376465 1.073633 -3.893239 1.767579 0.749619 1.891320 0.543303 0.299913 -10.578210 21.712418 177.813721 178.750900 151.825073 5.353959 7.050511 -14.288602 0.927834 1.498630 46.186813 0.467018 -8.763927 -20.053654 179.670837 179.618027 -178.309937 179.443710 179.611633 -178.342499 179.326691 178.219833 -178.784607 1.628047 0.160702 -5.637072 1.683239 0.194072 -6.576406 1.242720 -2.452775 -4.835128 8.173714 6.935640 1.235708 66.739594 -7.438122 -10.975082 94.071098 52.959591 89.306511 171.776520 159.791016 -178.449631 26.033689 30.774168 78.700386 9.882236 -0.000174 0.000584 6.581556 -0.000165 0.000372 0.000000 0.000003 0.000007 78.148827 3.149822 14.672903 63.608013 0.000088 0.000014 44.525639 0.000045 0.000063 0.000000 0.000003 0.000007 89.000000 -0.000000 0.000000 96.244034 0.000011 0.000073 64.098526 -0.000045 0.000033 0.000000 0.000003 0.000007 89.015205 -0.173643 -9.998508 103.010475 -0.000071 0.000135 68.604988 -0.000093 -0.000022 0.000000 0.000003 0.000007 89.060265 -0.342008 -19.997190 110.000015 -0.000004 -0.000006 80.000008 -0.000001 0.000004 171.479034 -176.012985 -178.721832 121.344948 177.283966 177.709351 81.582848 -118.156509 -79.649719 20.042292 -18.909977 -6.255310 154.714569 -151.268433 -108.584618 167.053665 179.999527 -179.999680 171.377731 179.999664 -179.999847 0.000003 0.000000 -0.000007 90.965912 -179.741180 -165.002182 92.253021 179.999969 179.999817 118.577110 -179.999893 179.999908 0.000003 0.000000 -0.000007 91.000000 180.000000 180.000000 70.972649 -179.999969 179.999847 107.387810 -179.999893 179.999985 0.000003 0.000000 -0.000007 90.984802 179.826355 170.001495 70.000008 179.999985 180.000000 100.000038 -179.999985 179.999985 0.000003 0.000000 -0.000007 90.939735 179.657990 160.002808 70.000015 -179.999985 -180.000000 100.000023 179.999985 -180.000000
39.050358 87.758621 -483.983551 1.136235 -3.984836 1.715755 0.770452 1.602841 0.595290 0.209115 -10.249424 22.134676 177.691010 178.785599 151.556854 4.984073 7.736874 -15.173494 0.934441 0.505183 47.296162 0.466939 -8.565763 -20.187445 179.664978 179.584213 -178.197815 179.432800 179.577225 -178.232529 179.320221 178.062225 -178.703293 1.634910 0.161558 -5.643235 1.690328 0.195104 -6.583594 1.250419 -2.487990 -4.840352 8.192131 6.932837 1.111965 66.608574 -7.084023 -10.623038 93.889893 53.171928 89.128693 171.726929 159.844620 -178.536972 26.199432 30.855192 78.976562 9.782625 -0.000411 0.001042 6.515221 -0.000359 0.000659 0.000003 -0.000000 0.000000 78.212433 3.133274 14.676403 63.661701 0.000126 0.000082 44.563229 0.000026 0.000099 0.000003 -0.000000 0.000000 88.999977 -0.000002 0.000017 96.307594 -0.000030 0.000156 64.140884 -0.000093 0.000014 0.000003 -0.000000 0.000000 89.015228 -0.173644 -9.998485 103.123444 -0.000200 0.000259 68.680206 -0.000210 -0.000056 0.000003 -0.000000 0.000000 89.060242 -0.342005 -19.997183 110.000023 0.000008 -0.000001 80.000000 -0.000004 0.000006 171.414490 -175.972488 -178.777206 121.445930 176.873291 177.565247 82.155319 -118.167381 -80.323761 19.879679 -19.113302 -6.090751 154.730835 -151.355972 -108.768204 166.956467 179.999481 -179.999680 171.313004 179.999634 -179.999847 180.000000 -179.999985 180.000000 90.965919 -179.741180 -165.002182 92.235802 179.999969 179.999680 118.565086 -179.999817 179.999863 180.000000 -179.999985 180.000000 91.000000 180.000000 179.999985 70.956573 -179.999954 179.999756 107.377113 -179.999847 179.999985 180.000000 -179.999985 180.000000 90.984779 179.826355 170.001495 69.999992 -179.999985 -179.999985 100.000008 179.999985 -179.999985 180.000000 -179.999985 180.000000 90.939728 179.658005 160.002792 69.999992 180.000000 179.999985 100.000038 179.999985 -179.999985
39.039436 87.680664 -483.580627 1.208711 -4.022182 1.658317 0.768176 1.278949 0.694692 0.150111 -9.857473 22.491978 177.567902 178.925232 151.309509 4.682022 7.955092 -16.077404 1.002946 0.162833 48.061050 0.389260 -8.473203 -20.216547 179.659744 179.557220 -178.081757 179.422836 179.549637 -178.118698 179.315521 177.936890 -178.619522 1.639261 0.162186 -5.650795 1.694820 0.195861 -6.592414 1.256246 -2.521249 -4.846760 8.199237 6.906571 1.003615 66.439369 -6.602557 -10.290787 93.762871 53.346367 89.043106 171.718094 159.887222 -178.601715 26.357216 30.937550 79.264847 9.678503 0.000005 -0.000001 6.445880 0.000000 -0.000000 179.999985 180.000000 180.000000 78.258873 3.120965 14.679021 63.700993 -0.000008 -0.000001 44.590694 -0.000000 0.000000 179.999985 180.000000 180.000000 88.999977 0.000001 0.000001 96.350197 0.000005 -0.000005 64.169235 0.000001 0.000001 179.999985 180.000000 180.000000 89.015190 -0.173640 -9.998503 103.204544 0.000001 -0.000005 68.734200 -0.000007 0.000007 179.999985 180.000000 180.000000 89.060280 -0.342001 -19.997198 110.000015 -0.000003 0.000002 80.000000 0.000002 -0.000003 171.364807 -175.913345 -178.810104 121.501526 176.414719 177.453079 82.774147 -118.140060 -81.019501 19.712317 -19.325785 -5.941181 154.819641 -151.319916 -109.036942 166.909302 180.000000 -180.000000 171.281601 180.000000 180.000000 0.000000 -0.000000 0.000000 90.965919 -179.741180 -165.002182 92.215210 179.999985 -179.999985 118.550652 180.000000 -179.999985 0.000000 -0.000000 0.000000 91.000000 -179.999985 179.999985 70.941750 179.999985 179.999985 107.367195 180.000000 179.999985 0.000000 -0.000000 0.000000 90.984795 179.826355 170.001495 70.000015 -180.000000 179.999985 99.999985 179.999985 180.000000 0.000000 -0.000000 0.000000 90.939713 179.658005 160.002808 70.000008 -179.999985 179.999985 100.000000 180.000000 179.999985
39.027851 87.602699 -483.178192 1.284114 -4.063592 1.602008 0.762212 0.942367 0.785801 0.085298 -9.460296 22.860798 177.449707 179.050720 151.059799 4.357297 8.234912 -16.977245 1.063142 -0.257940 48.862389 0.325624 -8.381055 -20.248331 179.653793 179.529663 -177.965866 179.411743 179.521454 -178.005051 179.309097 177.808289 -178.535675 1.643755 0.162873 -5.658694 1.699456 0.196689 -6.601623 1.262608 -2.557362 -4.853535 8.208136 6.880101 0.890931 66.274841 -6.136508 -9.952502 93.624481 53.527573 88.942528 171.705521 159.930511 -178.668686 26.524851 31.021088 79.563515 9.570757 -0.000063 0.000163 6.374122 -0.000057 0.000103 0.000000 -0.000000 0.000000 78.311913 3.107109 14.681898 63.745773 0.000005 0.000011 44.622021 -0.000003 0.000006 0.000000 -0.000000 0.000000 88.999985 -0.000002 0.000002 96.398407 -0.000008 0.000021 64.201324 -0.000013 0.000004 0.000000 -0.000000 0.000000 89.015167 -0.173642 -9.998510 103.290276 -0.000042 0.000046 68.791336 -0.000037 -0.000009 0.000000 -0.000000 0.000000 89.060287 -0.342009 -19.997194 110.000000 0.000006 0.000008 80.000000 0.000002 -0.000003 171.313492 -175.853104 -178.845352 121.558678 175.960144 177.333572 83.390358 -118.126045 -81.709579 19.548128 -19.537207 -5.786811 154.892822 -151.298019 -109.309135 166.851822 180.000000 -179.999985 171.243317 179.999985 -179.999985 0.000000 -0.000000 0.000000 90.965935 -179.741196 -165.002182 92.188148 179.999985 -179.999985 118.531700 179.999985 -179.999985 0.000000 -0.000000 0.000000 91.000000 -179.999985 -179.999985 70.918800 179.999985 -179.999954 107.351913 179.999969 179.999985 0.000000 -0.000000 0.000000 90.984802 179.826370 170.001495 70.000008 180.000000 180.000000 100.000000 -179.999985 179.999985 0.000000 -0.000000 0.000000 90.939713 179.657990 160.002808 70.000023 -179.999985 -180.000000 100.000008 -179.999985 -179.999985
39.019512 87.525780 -482.774933 1.357087 -4.086881 1.540126 0.756767 0.597292 0.897993 0.035484 -9.074096 23.206360 177.306946 179.195251 150.816910 4.073701 8.327995 -17.908001 1.118831 -0.477678 49.556141 0.195057 -8.260764 -20.258139 179.649551 179.504868 -177.845047 179.403442 179.496063 -177.886551 179.306396 177.692459 -178.448456 1.647907 0.163533 -5.666552 1.703741 0.197485 -6.610790 1.267860 -2.582598 -4.860265 8.210611 6.853380 0.784874 66.095512 -5.612115 -9.624370 93.504860 53.692482 88.878059 171.707047 159.968781 -178.728210 26.666328 31.085844 79.836548 9.476561 -0.000163 0.000351 6.311390 -0.000132 0.000221 0.000000 -0.000000 0.000000 78.335396 3.100977 14.683170 63.765640 0.000013 0.000024 44.635975 -0.000001 0.000022 0.000000 -0.000000 0.000000 89.000000 -0.000000 0.000000 96.418144 -0.000024 0.000040 64.214485 -0.000040 -0.000001 0.000000 -0.000000 0.000000 89.015205 -0.173642 -9.998518 103.358292 -0.000101 0.000098 68.836617 -0.000095 -0.000024 0.000000 -0.000000 0.000000 89.060295 -0.342001 -19.997206 110.000000 0.000010 -0.000003 80.000000 -0.000005 -0.000004 171.265457 -175.792343 -178.873001 121.603264 175.482590 177.229691 84.049805 -118.077553 -82.447220 19.364853 -19.761900 -5.631251 155.030182 -151.204651 -109.578522 166.844986 179.999985 -179.999985 171.238770 179.999985 -179.999985 180.000000 179.999985 179.999985 90.965935 -179.741196 -165.002197 92.193840 -179.999985 -179.999969 118.535667 179.999985 -179.999985 180.000000 179.999985 179.999985 91.000023 179.999985 179.999985 70.937019 179.999969 -179.999908 107.364037 179.999924 179.999985 180.000000 179.999985 179.999985 90.984802 179.826370 170.001480 70.000008 -179.999985 -179.999985 100.000038 180.000000 180.000000 180.000000 179.999985 179.999985 90.939697 179.657990 160.002792 70.000008 180.000000 -179.999985 100.000038 179.999985 -179.999985
39.014099 87.449127 -482.372040 1.409891 -4.097532 1.484055 0.756475 0.381891 1.018987 0.024023 -8.693465 23.481300 177.200012 179.474792 150.606003 3.894270 8.098281 -18.778181 1.214288 -0.307052 50.100433 0.049196 -8.153824 -20.277029 179.648621 179.483582 -177.737213 179.400742 179.474243 -177.780807 179.310333 177.592896 -178.370728 1.651037 0.164026 -5.672429 1.706971 0.198079 -6.617648 1.272103 -2.605053 -4.865314 8.209536 6.824061 0.702081 65.924294 -5.096536 -9.346693 93.419670 53.825916 88.857552 171.721405 159.998016 -178.771255 26.702040 31.086742 79.967079 9.443540 -0.000749 0.001334 6.289398 -0.000600 0.000833 0.000000 -0.000000 0.000000 78.302139 3.110080 14.681338 63.737385 0.000177 0.000291 44.616188 -0.000051 0.000215 0.000000 -0.000000 0.000000 89.000015 -0.000006 -0.000016 96.399139 -0.000194 0.000362 64.201828 -0.000276 -0.000016 0.000000 -0.000000 0.000000 89.015198 -0.173648 -9.998524 103.362923 -0.000480 0.000488 68.839691 -0.000414 -0.000172 0.000000 -0.000000 0.000000 89.060257 -0.342007 -19.997202 110.000000 -0.000004 -0.000006 80.000008 -0.000001 -0.000001 171.230591 -175.732971 -178.884506 121.630615 175.046143 177.163254 84.653091 -118.020355 -83.125725 19.210896 -19.950190 -5.502727 155.150421 -150.960876 -109.739769 166.944336 179.998734 -179.999115 171.304932 179.999084 -179.999557 0.000000 -0.000000 0.000000 90.965927 -179.741180 -165.002182 92.179504 -179.999985 -179.999649 118.525665 179.999786 -179.999863 0.000000 -0.000000 0.000000 91.000000 -180.000000 -179.999985 70.927536 179.999832 -179.999420 107.357758 179.999603 179.999985 0.000000 -0.000000 0.000000 90.984772 179.826355 170.001480 70.000015 179.999985 179.999985 100.000008 179.999985 -179.999985 0.000000 -0.000000 0.000000 90.939728 179.657990 160.002792 69.999992 179.999985 -179.999985 100.000023 -180.000000 -179.999985
39.004478 87.370743 -481.965698 1.438773 -4.111775 1.418522 0.796351 0.279213 1.199823 0.037171 -8.430978 23.717024 177.033478 179.778687 150.371048 3.824208 7.658574 -19.759665 1.300072 0.150084 50.578232 179.902756 -171.931915 159.669769 179.651794 179.459396 -177.622574 179.404694 179.449631 -177.668381 179.324234 177.479904 -178.288223 1.653251 0.164346 -5.675805 1.709256 0.198467 -6.621581 1.276122 -2.632994 -4.868268 8.209869 6.798319 0.640835 65.724113 -4.471397 -9.088803 93.367622 53.939636 88.883072 171.738297 160.032562 -178.824524 27.031267 31.356510 80.480080 9.195004 -0.000219 0.000464 6.123870 -0.000185 0.000293 0.000000 0.000000 -0.000003 78.457253 3.069054 14.689733 63.868561 0.000007 -0.000004 44.707989 -0.000000 0.000000 0.000000 0.000000 -0.000003 89.000000 0.000005 -0.000005 96.550972 0.000015 -0.000050 64.302948 0.000044 0.000004 0.000000 0.000000 -0.000003 89.015205 -0.173634 -9.998513 103.574310 -0.000103 0.000107 68.980499 -0.000078 -0.000041 0.000000 0.000000 -0.000003 89.060257 -0.342005 -19.997183 110.000000 0.000006 -0.000004 80.000015 0.000001 0.000001 171.204544 -175.674713 -178.891098 121.660835 174.548782 177.128296 85.299454 -117.947533 -83.883339 19.041941 -20.149885 -5.366774 155.346863 -151.356873 -110.327087 166.604904 -179.999542 179.999588 171.078857 -179.999664 179.999756 0.000000 -0.000000 0.000000 90.965912 -179.741196 -165.002182 92.249748 179.999985 179.999832 118.574829 -179.999893 179.999939 0.000000 -0.000000 0.000000 91.000023 -179.999985 180.000000 71.031700 -179.999985 179.999969 107.427109 -179.999985 -179.999985 0.000000 -0.000000 0.000000 90.984772 179.826370 170.001495 69.999992 -179.999985 -179.999985 100.000038 180.000000 -179.999985 0.000000 -0.000000 0.000000 90.939743 179.657990 160.002823 70.000008 -179.999985 -179.999985 100.000008 -179.999985 179.999985
38.990479 87.280113 -481.542450 1.441864 -4.140277 1.339500 0.899873 0.343314 1.470045 0.016687 -8.129086 23.855375 176.953064 -179.742935 150.152237 3.869364 7.144593 -20.759890 1.375155 0.930822 50.865582 179.814026 -171.781326 159.574768 179.657333 179.437408 -177.515198 179.412521 179.427307 -177.563065 179.343521 177.377289 -178.211151 1.654969 0.164384 -5.671180 1.711035 0.198515 -6.616184 1.275361 -2.611939 -4.864236 8.184324 6.813715 0.633833 65.518608 -3.752445 -8.953829 93.407654 53.947487 88.980682 171.743500 160.084061 -178.908096 27.068653 31.365595 80.617279 9.156765 0.000002 0.000001 6.098403 0.000002 0.000001 0.000000 -0.000000 0.000000 78.457008 3.069119 14.689724 63.868355 0.000005 -0.000001 44.707836 -0.000001 0.000003 0.000000 -0.000000 0.000000 89.000000 0.000001 0.000001 96.544640 0.000005 0.000005 64.298721 -0.000000 0.000000 0.000000 -0.000000 0.000000 89.015205 -0.173636 -9.998508 103.588364 -0.000005 -0.000001 68.989861 0.000004 0.000003 0.000000 -0.000000 0.000000 89.060287 -0.342002 -19.997198 110.000023 -0.000004 -0.000006 80.000000 0.000001 0.000001 171.181259 -175.673401 -178.909363 121.719818 174.016602 177.155060 85.900703 -117.858086 -84.616676 18.891478 -20.352993 -5.221480 155.360367 -151.244431 -110.334381 166.662216 -180.000000 180.000000 171.117035 -179.999985 180.000000 0.000000 0.000003 0.000000 90.965950 -179.741196 -165.002182 92.239883 -179.999985 179.999985 118.567932 180.000000 180.000000 0.000000 0.000003 0.000000 91.000000 -179.999985 179.999985 71.029655 -179.999985 -179.999985 107.425728 -179.999985 179.999985 0.000000 0.000003 0.000000 90.984802 179.826370 170.001495 69.999992 180.000000 180.000000 100.000038 179.999985 -179.999985 0.000000 0.000003 0.000000 90.939728 179.657990 160.002792 69.999985 179.999985 -180.000000 100.000038 -179.999985 179.999985
38.977203 87.191154 -481.121490 1.445855 -4.166626 1.262490 0.997564 0.385446 1.730376 0.001560 -7.801891 24.004414 176.875671 -179.256470 149.933762 3.921348 6.613209 -21.763714 1.469884 1.698165 51.179420 179.721481 -171.666061 159.479446 179.663223 179.416031 -177.407135 179.420975 179.405594 -177.457077 179.363251 177.277420 -178.133545 1.657110 0.164481 -5.667152 1.713253 0.198633 -6.611486 1.274765 -2.590118 -4.860674 8.159618 6.829148 0.622400 65.316422 -3.045216 -8.813239 93.436821 53.961624 89.073395 171.750183 160.131943 -178.987823 27.105701 31.378754 80.757370 9.114758 -0.000023 0.000048 6.070433 -0.000014 0.000032 0.000000 -0.000000 0.000003 78.454903 3.069675 14.689604 63.866566 0.000004 0.000007 44.706596 -0.000003 0.000006 0.000000 -0.000000 0.000003 89.000000 -0.000008 0.000001 96.536575 0.000001 -0.000010 64.293335 -0.000004 0.000006 0.000000 -0.000000 0.000003 89.015182 -0.173641 -9.998505 103.601570 -0.000023 0.000026 68.998627 -0.000027 -0.000002 0.000000 -0.000000 0.000003 89.060280 -0.342008 -19.997198 110.000015 -0.000002 -0.000003 79.999962 0.000004 -0.000005 171.157410 -175.670212 -178.925354 121.775169 173.488815 177.176590 86.513329 -117.776833 -85.363976 18.740322 -20.556683 -5.073119 155.372345 -151.133514 -110.348770 166.716522 -179.999908 179.999908 171.153198 -179.999939 179.999954 0.000000 -0.000000 0.000000 90.965935 -179.741196 -165.002197 92.230370 179.999985 179.999969 118.561295 -179.999985 179.999985 0.000000 -0.000000 0.000000 91.000015 180.000000 179.999985 71.030006 -180.000000 179.999969 107.426003 -179.999985 -179.999985 0.000000 -0.000000 0.000000 90.984818 179.826355 170.001495 70.000008 179.999985 179.999985 100.000008 179.999985 -179.999985 0.000000 -0.000000 0.000000 90.939720 179.658005 160.002792 70.000008 -179.999985 -179.999985 100.000008 180.000000 -179.999985
38.961483 87.097198 -480.694580 1.443063 -4.200726 1.178460 1.121581 0.476625 2.025446 179.966644 -172.450455 -155.884415 176.793991 -178.801437 149.721649 4.008967 6.100969 -22.766645 1.584362 2.579781 51.425079 179.658951 -171.425369 159.370819 179.669128 179.393555 -177.300385 179.429367 179.382782 -177.352386 179.383484 177.172424 -178.056839 1.658139 0.164413 -5.661098 1.714323 0.198550 -6.604421 1.272735 -2.562269 -4.855341 8.132993 6.845414 0.626187 65.099327 -2.299020 -8.698048 93.496132 53.953716 89.180931 171.749039 160.187149 -179.081894 27.146967 31.383472 80.887054 9.080304 -0.000000 0.000003 6.047482 -0.000007 0.000002 0.000000 -0.000000 0.000000 78.459770 3.068454 14.689869 63.870621 0.000030 0.000035 44.709457 -0.000001 0.000029 0.000000 -0.000000 0.000000 88.999977 0.000004 -0.000011 96.537094 -0.000003 0.000002 64.293694 -0.000003 0.000002 0.000000 -0.000000 0.000000 89.015182 -0.173644 -9.998508 103.620255 -0.000046 0.000058 69.011131 -0.000049 -0.000004 0.000000 -0.000000 0.000000 89.060280 -0.342009 -19.997198 110.000015 -0.000002 -0.000003 79.999969 -0.000003 0.000011 171.135910 -175.678467 -178.946655 121.842392 172.950180 177.219788 87.110085 -117.687981 -86.099396 18.596888 -20.760344 -4.917890 155.374969 -151.000473 -110.312767 166.795593 -179.999847 179.999847 171.205856 -179.999893 179.999908 0.000000 -0.000000 0.000000 90.965942 -179.741196 -165.002182 92.216095 179.999985 179.999969 118.551262 -179.999985 179.999985 0.000000 -0.000000 0.000000 91.000000 180.000000 179.999985 71.016891 -179.999985 179.999939 107.417229 -179.999954 -179.999985 0.000000 -0.000000 0.000000 90.984818 179.826355 170.001495 69.999992 179.999985 -179.999985 100.000000 180.000000 -179.999985 0.000000 -0.000000 0.000000 90.939705 179.657990 160.002792 70.000015 -180.000000 179.999985 100.000000 180.000000 179.999985
38.942303 86.997620 -480.259369 1.440999 -4.241323 1.088065 1.261219 0.766718 2.357274 179.916321 -172.500427 -155.805145 176.724564 -178.360764 149.512573 4.101785 5.690171 -23.744207 1.699969 3.463678 51.581169 179.590256 -171.063751 159.270630 179.673019 179.367126 -177.196411 179.434280 179.356003 -177.250443 179.400253 177.049042 -177.981842 1.657132 0.164097 -5.653349 1.713293 0.198167 -6.595391 1.270999 -2.555574 -4.848680 8.098965 6.867085 0.645994 64.878975 -1.531064 -8.653997 93.594284 53.901566 89.310692 171.741348 160.250412 -179.192932 27.193640 31.364346 81.004555 9.061859 0.000107 -0.000200 6.035197 0.000084 -0.000127 180.000000 180.000000 -179.999985 78.474571 3.064582 14.690658 63.883141 0.000034 0.000042 44.718212 -0.000011 0.000036 180.000000 180.000000 -179.999985 89.000000 -0.000007 -0.000002 96.542824 0.000020 -0.000050 64.297493 0.000021 0.000001 180.000000 180.000000 -179.999985 89.015182 -0.173644 -9.998507 103.639534 -0.000057 0.000071 69.023956 -0.000052 -0.000003 180.000000 180.000000 -179.999985 89.060295 -0.342008 -19.997189 110.000023 0.000016 0.000005 79.999969 -0.000007 0.000003 171.116791 -175.669525 -178.974060 121.924026 172.388916 177.269104 87.687584 -117.593849 -86.801842 18.449667 -20.961807 -4.761268 155.399994 -150.928345 -110.303101 166.840683 -179.999741 179.999680 171.235886 -179.999802 179.999817 0.000000 -0.000003 -0.000003 90.965935 -179.741196 -165.002197 92.205673 179.999985 -179.999985 118.543999 179.999985 -180.000000 0.000000 -0.000003 -0.000003 90.999992 -179.999985 179.999985 71.001793 -179.999985 179.999985 107.407204 -179.999985 -180.000000 0.000000 -0.000003 -0.000003 90.984818 179.826340 170.001511 69.999962 -179.999985 -179.999985 100.000053 -179.999985 179.999985 0.000000 -0.000003 -0.000003 90.939690 179.658005 160.002808 70.000023 179.999985 -180.000000 100.000000 -179.999985 -179.999985
38.921871 86.892487 -479.812531 1.444734 -4.285487 0.987251 1.422085 1.037174 2.725214 179.829681 -172.656494 -155.731461 176.702423 -177.840805 149.293732 4.178161 5.413832 -24.728388 1.686705 4.074385 51.609272 179.374008 -170.815216 159.220337 179.674118 179.337753 -177.090866 179.434372 179.326157 -177.146896 179.411850 176.911972 -177.905380 1.654172 0.163514 -5.643062 1.710241 0.197461 -6.583374 1.268807 -2.560761 -4.839918 8.067529 6.866547 0.678124 64.615028 -0.675699 -8.573524 93.718605 53.872070 89.433800 171.725067 160.327255 -179.323593 27.219900 31.268927 81.097267 9.087664 0.000153 -0.000267 6.052383 0.000122 -0.000169 0.000003 -0.000003 -0.000003 78.475693 3.064412 14.690721 63.884079 0.000061 0.000122 44.718872 -0.000012 0.000091 0.000003 -0.000003 -0.000003 89.000008 0.000010 -0.000010 96.531158 -0.000003 0.000007 64.289711 -0.000001 0.000015 0.000003 -0.000003 -0.000003 89.015236 -0.173635 -9.998512 103.643639 -0.000137 0.000151 69.026665 -0.000128 -0.000046 0.000003 -0.000003 -0.000003 89.060295 -0.342007 -19.997206 110.000015 0.000002 -0.000010 79.999969 -0.000011 0.000013 171.092407 -175.676376 -179.016495 122.035019 171.784958 177.347031 88.263474 -117.484581 -87.473869 18.293360 -21.161457 -4.605346 155.431549 -150.787476 -110.287544 166.924011 -179.999786 179.999725 171.291397 -179.999832 179.999847 0.000000 0.000000 -0.000007 90.965950 -179.741196 -165.002197 92.194450 -179.999969 -179.999802 118.536133 179.999893 -179.999924 0.000000 0.000000 -0.000007 91.000015 179.999985 -179.999985 70.991074 179.999985 -179.999878 107.400070 179.999924 -180.000000 0.000000 0.000000 -0.000007 90.984840 179.826370 170.001465 69.999977 179.999985 179.999985 100.000008 179.999985 -179.999985 0.000000 0.000000 -0.000007 90.939743 179.657990 160.002792 69.999985 179.999985 -179.999985 100.000031 179.999985 -179.999985
38.903870 86.777725 -479.347046 1.469391 -4.334319 0.893872 1.542596 1.208306 3.076475 179.767410 -172.798233 -155.683914 176.664032 -177.442673 149.134720 4.049748 5.411288 -25.516695 1.763526 4.445099 51.399185 179.079895 -170.274170 159.368881 179.666763 179.306961 -177.004181 179.420303 179.294662 -177.061890 179.405533 176.768387 -177.841599 1.651416 0.162938 -5.632486 1.707399 0.196770 -6.571045 1.268165 -2.582350 -4.830993 8.028399 6.861723 0.712570 64.342903 0.152892 -8.535414 93.886780 53.845612 89.569016 171.718094 160.422577 -179.458206 27.295509 31.158195 81.259987 9.108182 -0.000000 0.000000 6.066049 -0.000000 0.000001 0.000000 0.000000 -0.000003 78.491013 3.060218 14.691544 63.897076 -0.000003 -0.000002 44.727940 -0.000003 -0.000001 0.000000 0.000000 -0.000003 89.000015 0.000006 -0.000004 96.531479 -0.000000 0.000000 64.289970 -0.000002 0.000007 0.000000 0.000000 -0.000003 89.015190 -0.173636 -9.998512 103.659927 -0.000000 0.000000 69.037537 -0.000000 0.000000 0.000000 0.000000 -0.000003 89.060295 -0.342002 -19.997211 110.000008 -0.000006 -0.000008 79.999969 -0.000008 0.000007 171.068710 -175.695663 -179.078842 122.189217 171.222229 177.436981 88.701973 -117.392799 -87.958771 18.189884 -21.297195 -4.538257 155.526642 -150.697021 -110.403175 166.954254 179.999985 180.000000 171.311539 -180.000000 180.000000 0.000000 -0.000000 0.000003 90.965919 -179.741196 -165.002197 92.207047 179.999985 -179.999985 118.544930 -179.999985 180.000000 0.000000 -0.000000 0.000003 91.000000 179.999985 -179.999985 70.998955 -179.999985 179.999985 107.405296 180.000000 180.000000 0.000000 -0.000000 0.000003 90.984810 179.826355 170.001480 69.999992 -180.000000 179.999985 100.000023 179.999985 179.999985 0.000000 -0.000000 0.000003 90.939713 179.657990 160.002808 69.999977 -179.999985 -179.999985 100.000008 -180.000000 -180.000000
38.885864 86.663986 -478.884308 1.491504 -4.379506 0.801445 1.669039 1.384658 3.422178 179.697540 -172.953674 -155.633881 176.641235 -177.026031 148.973526 3.959911 5.368898 -26.310881 1.835545 4.867392 51.224781 178.801620 -169.763687 159.492249 179.660583 179.277023 -176.917419 179.408264 179.264099 -176.976807 179.401443 176.628754 -177.777924 1.648418 0.162328 -5.621828 1.704311 0.196034 -6.558615 1.267168 -2.600789 -4.822010 7.988903 6.856048 0.748116 64.077301 0.966221 -8.502773 94.047523 53.815674 89.699081 171.710617 160.511169 -179.591156 27.345522 31.034697 81.379883 9.143271 -0.000068 0.000097 6.089417 -0.000049 0.000059 0.000000 -0.000000 0.000000 78.497711 3.058574 14.691895 63.902691 0.000036 0.000079 44.731884 -0.000014 0.000061 0.000000 -0.000000 0.000000 89.000000 -0.000000 -0.000005 96.524696 -0.000039 0.000049 64.285454 -0.000047 -0.000005 0.000000 -0.000000 0.000000 89.015205 -0.173640 -9.998513 103.661263 -0.000115 0.000130 69.038414 -0.000098 -0.000047 0.000000 -0.000000 0.000000 89.060295 -0.342010 -19.997196 110.000015 0.000005 0.000001 80.000000 0.000003 -0.000006 171.043121 -175.714630 -179.138840 122.340050 170.667801 177.531982 89.151421 -117.298706 -88.452942 18.080379 -21.438782 -4.458990 155.603226 -150.562851 -110.480278 167.015289 179.999847 -179.999817 171.352173 179.999863 -179.999893 0.000000 -0.000000 0.000000 90.965935 -179.741196 -165.002182 92.208443 -179.999985 -179.999847 118.545914 179.999908 -179.999939 0.000000 -0.000000 0.000000 91.000015 -179.999985 179.999985 70.992676 179.999954 -179.999817 107.401115 179.999878 -179.999985 0.000000 -0.000000 0.000000 90.984810 179.826370 170.001495 70.000008 179.999985 179.999985 100.000008 179.999985 179.999985 0.000000 -0.000000 0.000000 90.939728 179.657990 160.002808 70.000008 -179.999985 -179.999985 100.000008 180.000000 179.999985
38.867474 86.546692 -478.414215 1.523325 -4.433739 0.704299 1.786644 1.556539 3.793511 179.650055 -173.007019 -155.588898 176.554916 -176.696533 148.817322 3.745159 5.458297 -27.105179 1.945451 5.136076 50.925674 178.407181 -169.144470 159.750122 179.649994 179.242645 -176.829315 179.388626 179.228851 -176.890381 179.389008 176.468323 -177.712677 1.645650 0.161745 -5.611627 1.701460 0.195332 -6.546712 1.268472 -2.643257 -4.813515 7.954961 6.853604 0.784984 63.768661 1.845352 -8.485763 94.240189 53.799271 89.851501 171.706650 160.621170 -179.736496 27.622135 31.032343 81.829514 9.044682 0.000269 -0.000409 6.023748 0.000205 -0.000251 0.000000 -0.000000 0.000007 78.593857 3.033065 14.696995 63.983982 -0.000067 -0.000151 44.788776 0.000047 -0.000114 0.000000 -0.000000 0.000007 89.000000 -0.000008 0.000006 96.596130 0.000163 -0.000232 64.333031 0.000193 0.000017 0.000000 -0.000000 0.000007 89.015190 -0.173647 -9.998505 103.799591 0.000188 -0.000186 69.130547 0.000165 0.000068 0.000000 -0.000000 0.000007 89.060257 -0.342008 -19.997185 110.000000 -0.000001 0.000005 79.999969 0.000002 0.000002 171.023682 -175.728714 -179.209717 122.518486 170.072525 177.623947 89.584290 -117.213943 -88.932236 17.990252 -21.563957 -4.418794 155.804153 -150.766220 -110.851044 166.842834 -179.999802 179.999741 171.237320 -179.999847 179.999847 180.000000 180.000000 -180.000000 90.965935 -179.741196 -165.002182 92.298157 179.999985 179.999954 118.608749 -179.999985 179.999985 180.000000 180.000000 -180.000000 91.000015 179.999985 179.999985 71.094231 -179.999985 179.999939 107.468788 -179.999969 -180.000000 180.000000 180.000000 -180.000000 90.984818 179.826370 170.001495 70.000008 179.999985 179.999985 100.000023 -179.999985 179.999985 180.000000 180.000000 -180.000000 90.939728 179.658005 160.002808 70.000031 -179.999985 179.999985 99.999977 -179.999985 179.999985
38.850288 86.426125 -477.935455 1.560473 -4.495258 0.609525 1.883892 1.738325 4.167868 179.629623 -173.078873 -155.546555 176.472748 -176.336899 148.678406 3.422852 5.671406 -27.860415 2.038434 5.147964 50.522030 177.883530 -168.553909 160.106857 179.636246 179.207291 -176.745071 179.363632 179.192520 -176.807785 179.370087 176.303391 -177.649857 1.644410 0.161340 -5.602172 1.700189 0.194842 -6.535679 1.271421 -2.693939 -4.805642 7.921792 6.854527 0.813881 63.444576 2.727723 -8.478451 94.451065 53.788883 90.019554 171.695786 160.743866 -179.886047 27.622826 30.807585 81.910316 9.138293 0.000420 -0.000584 6.086098 0.000316 -0.000356 0.000000 -0.000000 0.000000 78.548843 3.044742 14.694582 63.945957 -0.000093 -0.000251 44.762169 0.000089 -0.000170 0.000000 -0.000000 0.000000 89.000000 -0.000002 -0.000002 96.541557 0.000296 -0.000447 64.296700 0.000356 0.000050 0.000000 -0.000000 0.000000 89.015190 -0.173636 -9.998510 103.752739 0.000348 -0.000321 69.099358 0.000285 0.000126 0.000000 -0.000000 0.000000 89.060287 -0.342010 -19.997198 109.999977 -0.000001 -0.000008 80.000008 0.000005 -0.000009 171.008926 -175.736404 -179.280228 122.714966 169.477692 177.697357 89.981308 -117.147514 -89.389977 17.927595 -21.664616 -4.412950 155.912750 -150.601944 -110.968170 166.914139 -179.999725 179.999603 171.284821 -179.999786 179.999771 0.000000 -0.000000 0.000000 90.965912 -179.741196 -165.002182 92.301697 179.999985 179.999771 118.611183 -179.999847 179.999908 0.000000 -0.000000 0.000000 91.000000 179.999985 -179.999985 71.099518 -179.999893 179.999710 107.472260 -179.999802 -179.999985 0.000000 -0.000000 0.000000 90.984802 179.826355 170.001495 70.000023 -179.999985 -179.999985 100.000008 -179.999985 -179.999985 0.000000 -0.000000 0.000000 90.939728 179.657990 160.002792 70.000008 180.000000 180.000000 100.000008 -180.000000 -179.999985
38.835136 86.302666 -477.449219 1.602439 -4.570603 0.513564 1.957513 1.707815 4.537456 179.623550 -173.369980 -155.502548 176.378799 -175.971893 148.555420 2.982640 5.923123 -28.589140 2.170251 5.002302 50.040726 177.270370 -167.989120 160.537292 179.620499 179.175568 -176.661301 179.335449 179.159714 -176.725647 179.346405 176.155350 -177.587357 1.646633 0.161262 -5.592300 1.702500 0.194748 -6.524164 1.272628 -2.697683 -4.797120 7.888321 6.833363 0.820373 63.098858 3.643138 -8.364606 94.657860 53.845287 90.179024 171.673553 160.876328 179.963684 27.620340 30.609688 82.008446 9.213191 0.000597 -0.000822 6.135980 0.000461 -0.000502 0.000000 0.000000 -0.000007 78.498764 3.057865 14.691901 63.903599 -0.000079 -0.000267 44.732521 0.000090 -0.000166 0.000000 0.000000 -0.000007 89.000031 -0.000006 0.000009 96.475136 0.000416 -0.000591 64.252487 0.000466 0.000067 0.000000 0.000000 -0.000007 89.015266 -0.173645 -9.998507 103.694733 0.000428 -0.000423 69.060753 0.000354 0.000173 0.000000 0.000000 -0.000007 89.060295 -0.341996 -19.997198 110.000000 0.000002 0.000015 80.000000 0.000001 -0.000008 170.990799 -175.787079 -179.359375 122.927109 168.888718 177.750854 90.325691 -117.118729 -89.818092 17.883797 -21.741659 -4.423164 155.998901 -150.453735 -111.069115 166.977188 -179.999680 179.999466 171.326813 -179.999725 179.999680 180.000000 180.000000 -180.000000 90.965927 -179.741180 -165.002197 92.290573 179.999939 179.999481 118.603424 -179.999695 179.999802 180.000000 180.000000 -180.000000 91.000023 180.000000 179.999985 71.082390 -179.999771 179.999390 107.460899 -179.999573 -179.999985 180.000000 180.000000 -180.000000 90.984825 179.826370 170.001480 69.999962 -180.000000 -179.999985 100.000031 180.000000 179.999985 180.000000 180.000000 -180.000000 90.939751 179.657990 160.002808 69.999969 179.999985 -179.999985 100.000038 179.999985 -179.999985
38.816322 86.178345 -476.926239 1.660471 -4.709257 0.405411 1.970293 1.653597 4.981468 179.640015 -173.577927 -155.528015 176.293106 -175.783325 148.490067 2.354237 6.322652 -29.164303 2.416262 4.740025 49.400036 176.746246 -167.341248 160.963669 179.603439 179.144180 -176.582321 179.304886 179.127182 -176.648178 179.320038 176.009232 -177.527847 1.651245 0.161311 -5.578701 1.707282 0.194810 -6.508302 1.270364 -2.641585 -4.785157 7.809302 6.846202 0.822918 62.772171 4.550505 -8.284158 94.879730 53.869473 90.373611 171.627579 161.008194 179.804794 27.619257 30.457384 82.054703 9.279707 0.000002 -0.000002 6.180281 0.000002 0.000000 0.000000 -0.000000 0.000000 78.473740 3.064743 14.690608 63.882465 0.000003 0.000002 44.717720 -0.000001 0.000003 0.000000 -0.000000 0.000000 89.000000 -0.000000 -0.000005 96.423965 -0.000002 -0.000003 64.218361 -0.000003 -0.000002 0.000000 -0.000000 0.000000 89.015205 -0.173645 -9.998507 103.654366 -0.000009 -0.000006 69.033798 -0.000001 -0.000001 0.000000 -0.000000 0.000000 89.060287 -0.342005 -19.997198 109.999992 0.000003 0.000010 80.000000 -0.000000 0.000000 170.979736 -175.863510 -179.427719 123.110336 168.324219 177.703400 90.633247 -117.156784 -90.260635 17.851847 -21.801329 -4.426989 155.997665 -150.349655 -111.058960 167.032501 180.000000 -180.000000 171.363647 180.000000 180.000000 0.000000 -0.000000 0.000000 90.965950 -179.741196 -165.002182 92.257942 -179.999985 179.999985 118.580551 -179.999985 180.000000 0.000000 -0.000000 0.000000 91.000015 179.999985 179.999985 71.041183 -179.999985 179.999985 107.433434 -180.000000 179.999985 0.000000 -0.000000 0.000000 90.984802 179.826355 170.001495 70.000015 180.000000 180.000000 100.000023 179.999985 179.999985 0.000000 -0.000000 0.000000 90.939728 179.657990 160.002792 70.000008 180.000000 180.000000 100.000023 180.000000 180.000000
38.798817 86.053452 -476.408325 1.716279 -4.839847 0.298570 1.989094 1.603852 5.413888 179.655731 -173.796051 -155.540863 176.203629 -175.567612 148.415390 1.737695 6.704770 -29.766056 2.664326 4.509141 48.777691 176.193558 -166.677917 161.410507 179.586426 179.113297 -176.502228 179.274490 179.095123 -176.569626 179.293777 175.865265 -177.467651 1.655979 0.161416 -5.566354 1.712190 0.194936 -6.493898 1.268321 -2.588449 -4.774240 7.735304 6.859693 0.824247 62.441952 5.455820 -8.213065 95.102623 53.893055 90.570137 171.581802 161.140518 179.645981 27.618677 30.301502 82.107048 9.345585 0.000101 -0.000143 6.224159 0.000077 -0.000087 0.000000 -0.000000 0.000000 78.443947 3.072534 14.689024 63.857262 -0.000004 -0.000007 44.700100 0.000006 -0.000005 0.000000 -0.000000 0.000000 89.000000 -0.000001 -0.000010 96.368179 0.000043 -0.000070 64.181221 0.000051 0.000012 0.000000 -0.000000 0.000000 89.015205 -0.173639 -9.998509 103.610931 0.000058 -0.000042 69.004852 0.000042 0.000017 0.000000 -0.000000 0.000000 89.060280 -0.342008 -19.997194 110.000000 0.000008 -0.000006 80.000015 -0.000004 0.000001 170.967682 -175.939041 -179.499313 123.299370 167.755783 177.667786 90.942703 -117.192772 -90.701187 17.820250 -21.862139 -4.433365 156.003601 -150.245483 -111.064545 167.084824 -179.999939 179.999893 171.398499 -179.999954 179.999939 0.000000 -0.000000 0.000003 90.965935 -179.741196 -165.002182 92.225258 179.999985 179.999908 118.557686 -179.999969 179.999969 0.000000 -0.000000 0.000003 91.000000 -179.999985 179.999985 71.000031 -179.999969 179.999893 107.406013 -179.999939 -179.999985 0.000000 -0.000000 0.000003 90.984795 179.826370 170.001495 69.999992 -179.999985 -180.000000 100.000046 -179.999985 179.999985 0.000000 -0.000000 0.000003 90.939705 179.658005 160.002792 70.000008 180.000000 180.000000 100.000008 -179.999985 180.000000
38.777809 85.929337 -475.875519 1.782034 -4.999791 0.181291 1.981648 1.563299 5.892697 179.683670 -173.923431 -155.591141 176.095230 -175.454941 148.365585 1.035566 7.135375 -30.329630 2.898269 4.126606 48.072502 175.606293 -166.118301 161.859894 179.567963 179.081024 -176.421677 179.241608 179.061584 -176.490662 179.265076 175.714844 -177.406876 1.661304 0.161485 -5.550760 1.717717 0.195019 -6.475709 1.265186 -2.519959 -4.760483 7.644985 6.878202 0.827348 62.104206 6.386146 -8.143383 95.332626 53.920330 90.775124 171.528046 161.276688 179.479691 27.609259 30.143999 82.107880 9.425669 0.000171 -0.000226 6.277491 0.000124 -0.000137 0.000000 -0.000000 0.000000 78.427780 3.076851 14.688180 63.843616 0.000023 0.000054 44.690525 -0.000030 0.000047 0.000000 -0.000000 0.000000 89.000000 0.000000 0.000005 96.326797 0.000052 -0.000074 64.153641 0.000054 0.000014 0.000000 -0.000000 0.000000 89.015205 -0.173643 -9.998506 103.573334 0.000031 -0.000038 68.979858 0.000032 0.000006 0.000000 -0.000000 0.000000 89.060295 -0.342011 -19.997183 110.000015 0.000001 -0.000005 79.999969 0.000003 0.000002 170.958939 -176.022278 -179.564743 123.478455 167.183258 177.591125 91.248108 -117.254402 -91.156258 17.788349 -21.916811 -4.432785 155.970184 -150.129745 -110.998985 167.156052 -179.999924 179.999802 171.445938 -179.999924 179.999863 0.000000 -0.000000 0.000000 90.965935 -179.741196 -165.002182 92.187469 179.999985 179.999878 118.531242 -179.999939 179.999969 0.000000 -0.000000 0.000000 91.000000 -179.999985 -179.999985 70.952415 -179.999954 179.999847 107.374313 -179.999893 -180.000000 0.000000 -0.000000 0.000000 90.984779 179.826355 170.001495 70.000008 179.999985 -180.000000 100.000023 -179.999985 -179.999985 0.000000 -0.000000 0.000000 90.939690 179.657990 160.002792 70.000023 180.000000 179.999985 100.000000 -179.999985 179.999985
38.755894 85.806862 -475.329498 1.853194 -5.168921 0.068512 1.946674 1.484834 6.354601 179.689636 -174.160934 -155.661438 176.081360 -175.324173 148.336594 0.343161 7.599548 -30.785494 3.067936 3.637142 47.380459 175.101929 -165.710709 162.199509 179.550766 179.050720 -176.350876 179.210968 179.030075 -176.421265 179.238525 175.573578 -177.353073 1.664845 0.161277 -5.531754 1.721399 0.194764 -6.453529 1.259976 -2.442904 -4.743814 7.543677 6.874753 0.825136 61.806217 7.232696 -8.040365 95.533302 53.961124 90.953178 171.469284 161.391678 179.326370 27.546160 29.948896 81.990044 9.553003 -0.000520 0.000580 6.362292 -0.000385 0.000350 0.000000 -0.000000 0.000000 78.402565 3.084030 14.686896 63.822182 0.000170 0.000516 44.675541 -0.000172 0.000328 0.000000 -0.000000 0.000000 89.000008 -0.000002 0.000008 96.279945 -0.000142 0.000210 64.122475 -0.000165 -0.000023 0.000000 -0.000000 0.000000 89.015205 -0.173642 -9.998508 103.519608 -0.000369 0.000360 68.944016 -0.000315 -0.000142 0.000000 -0.000000 0.000000 89.060265 -0.342011 -19.997192 110.000000 0.000002 0.000003 80.000000 -0.000003 -0.000011 170.946060 -176.100876 -179.612915 123.628128 166.687302 177.480179 91.525139 -117.332634 -91.577339 17.746782 -21.967112 -4.409188 155.896561 -149.951019 -110.828674 167.282745 179.999893 -179.999786 171.530304 179.999924 -179.999863 0.000003 0.000003 0.000000 90.965912 -179.741180 -165.002182 92.131386 -179.999985 -179.999771 118.491928 179.999863 -179.999893 0.000003 0.000003 0.000000 90.999992 -179.999985 179.999985 70.881905 179.999924 -179.999756 107.327354 179.999847 -179.999985 0.000003 0.000003 0.000000 90.984795 179.826355 170.001495 70.000023 -179.999985 -179.999985 100.000008 180.000000 180.000000 0.000003 0.000003 0.000000 90.939743 179.658005 160.002792 70.000008 -179.999985 -180.000000 100.000008 180.000000 179.999985
38.729092 85.687103 -474.766449 1.939693 -5.373050 -0.046304 1.881029 1.331728 6.897726 179.659256 -174.392914 -155.793594 176.117966 -175.337189 148.345856 179.599594 171.906128 148.803360 3.212643 3.093608 46.559639 174.646317 -165.372818 162.511475 179.532654 179.014008 -176.287033 179.178558 178.992126 -176.358658 179.211517 175.402374 -177.303482 1.666811 0.160629 -5.502719 1.723458 0.193984 -6.419647 1.253148 -2.366171 -4.718554 7.408889 6.856132 0.843966 61.507629 8.173562 -7.942408 95.720284 54.014824 91.114983 171.433701 161.496811 179.166107 27.894167 30.126020 82.489372 9.352512 0.000762 -0.000914 6.228772 0.000564 -0.000552 180.000000 -179.999985 -179.999985 78.571823 3.038545 14.695773 63.965397 -0.000128 -0.000394 44.775795 0.000130 -0.000261 180.000000 -179.999985 -179.999985 88.999985 -0.000004 0.000001 96.392754 0.000493 -0.000771 64.197594 0.000616 0.000072 180.000000 -179.999985 -179.999985 89.015228 -0.173636 -9.998509 103.683311 0.000702 -0.000721 69.053055 0.000620 0.000277 180.000000 -179.999985 -179.999985 89.060280 -0.342004 -19.997194 110.000000 0.000015 0.000010 79.999969 0.000007 -0.000016 170.932404 -176.182800 -179.649429 123.767853 166.168411 177.345673 91.845436 -117.417206 -92.025826 17.691814 -22.033752 -4.367064 155.919739 -150.203598 -110.883194 167.143448 -179.999680 179.999268 171.437546 -179.999725 179.999557 0.000000 -0.000000 0.000000 90.965919 -179.741196 -165.002167 92.189514 179.999985 179.999878 118.532661 -179.999939 179.999954 0.000000 -0.000000 0.000000 91.000000 -179.999985 179.999985 70.951103 -179.999954 179.999802 107.373451 -179.999863 179.999985 0.000000 -0.000000 0.000000 90.984772 179.826355 170.001495 70.000008 179.999985 180.000000 100.000038 -179.999985 -179.999985 0.000000 -0.000000 0.000000 90.939743 179.658005 160.002792 70.000008 179.999985 -180.000000 100.000000 -179.999985 179.999985
38.673798 85.583099 -474.150787 2.013407 -5.608419 -0.139880 1.791408 1.016007 7.510912 179.567566 -174.686874 -156.033447 176.239883 -175.562134 148.503403 179.053070 171.501999 148.584000 3.221460 2.653592 45.656853 174.351166 -165.242615 162.834885 179.518707 178.968689 -176.252136 179.152893 178.945877 -176.324417 179.194214 175.190842 -177.274063 1.664997 0.159464 -5.467873 1.721614 0.192586 -6.378999 1.247774 -2.337047 -4.688627 7.268029 6.839524 0.912202 61.249420 9.094065 -7.931935 95.859077 54.064083 91.237823 171.436829 161.574158 179.013672 27.864878 29.961786 82.497131 9.433273 0.000002 0.000000 6.282562 -0.000002 0.000002 0.000000 -0.000000 0.000000 78.537376 3.048072 14.694010 63.936234 -0.000000 0.000000 44.755341 -0.000000 0.000000 0.000000 -0.000000 0.000000 89.000000 -0.000003 0.000002 96.330971 0.000002 0.000007 64.156448 0.000003 0.000002 0.000000 -0.000000 0.000000 89.015190 -0.173638 -9.998510 103.618752 0.000001 -0.000005 69.010078 -0.000002 0.000003 0.000000 -0.000000 0.000000 89.060287 -0.342008 -19.997200 109.999985 0.000001 0.000008 80.000015 -0.000003 -0.000002 170.932571 -176.230560 -179.646530 123.869453 165.696106 177.259338 92.164436 -117.440636 -92.440247 17.666676 -22.089027 -4.350512 155.964813 -150.048050 -110.912086 167.222946 180.000000 -180.000000 171.490494 180.000000 -180.000000 0.000000 -0.000000 0.000000 90.965927 -179.741180 -165.002182 92.180016 -179.999985 179.999985 118.526024 180.000000 179.999985 0.000000 -0.000000 0.000000 91.000015 179.999985 -179.999985 70.935715 -179.999985 -180.000000 107.363182 180.000000 179.999985 0.000000 -0.000000 0.000000 90.984818 179.826355 170.001495 69.999992 179.999985 -179.999985 100.000038 -179.999985 -180.000000 0.000000 -0.000000 0.000000 90.939728 179.657990 160.002792 70.000008 179.999985 179.999985 100.000008 179.999985 -180.000000
38.622883 85.476875 -473.542267 2.091559 -5.839345 -0.237130 1.697091 0.718396 8.115883 179.478226 -174.974167 -156.262512 176.354309 -175.762619 148.639557 178.471970 171.081573 148.333282 3.246953 2.186816 44.764416 174.033981 -165.094162 163.148560 179.503922 178.924301 -176.213379 179.125900 178.900497 -176.286438 179.175308 174.983688 -177.241776 1.663523 0.158304 -5.432975 1.720124 0.191188 -6.338278 1.242135 -2.302825 -4.658598 7.126074 6.823396 0.975141 60.983234 10.017378 -7.925356 96.003723 54.108757 91.366531 171.434204 161.652878 178.859009 27.844154 29.802483 82.510521 9.509892 0.000143 -0.000172 6.333591 0.000108 -0.000097 0.000000 -0.000000 0.000000 78.506546 3.056020 14.692350 63.910225 -0.000036 -0.000091 44.737122 0.000029 -0.000062 0.000000 -0.000000 0.000000 89.000000 -0.000004 0.000001 96.273254 0.000108 -0.000161 64.118019 0.000125 0.000014 0.000000 -0.000000 0.000000 89.015205 -0.173648 -9.998501 103.558662 0.000147 -0.000150 68.970093 0.000132 0.000049 0.000000 -0.000000 0.000000 89.060295 -0.342010 -19.997190 110.000015 0.000002 0.000003 79.999969 0.000003 -0.000002 170.931091 -176.281174 -179.648590 123.975868 165.218567 177.167084 92.489655 -117.471916 -92.861816 17.635195 -22.148499 -4.328368 155.999802 -149.902802 -110.925919 167.300232 -179.999939 179.999863 171.541962 -179.999939 179.999924 0.000000 0.000003 0.000003 90.965950 -179.741196 -165.002182 92.170540 180.000000 179.999985 118.519379 -179.999985 179.999985 0.000000 0.000003 0.000003 91.000023 179.999985 -179.999985 70.918678 -179.999985 179.999985 107.351845 -179.999985 -179.999985 0.000000 0.000003 0.000003 90.984810 179.826355 170.001495 69.999977 -179.999985 -179.999985 100.000000 -180.000000 179.999985 0.000000 0.000003 0.000003 90.939743 179.657990 160.002808 70.000015 180.000000 -179.999985 99.999985 -179.999985 -179.999985
38.558132 85.376877 -472.913940 2.161378 -6.082467 -0.326163 1.589242 0.366377 8.749132 179.374924 -175.251236 -156.538971 176.472336 -176.066345 148.840714 177.978302 170.707413 148.154144 3.226327 1.773972 43.845039 173.767380 -165.027725 163.476807 179.491028 178.876358 -176.186386 179.101990 178.851685 -176.259995 179.160904 174.759872 -177.217606 1.661377 0.157052 -5.397461 1.717939 0.189675 -6.296846 1.237827 -2.289317 -4.628152 6.986666 6.801847 1.058406 60.727737 10.937837 -7.943206 96.124634 54.166149 91.472366 171.449890 161.722672 178.707672 27.792793 29.617729 82.504242 9.602649 0.000349 -0.000406 6.395367 0.000260 -0.000240 0.000000 -0.000000 0.000000 78.453117 3.069892 14.689476 63.865105 -0.000057 -0.000180 44.705578 0.000053 -0.000119 0.000000 -0.000000 0.000000 89.000000 -0.000001 -0.000001 96.194397 0.000238 -0.000369 64.065468 0.000295 0.000027 0.000000 -0.000000 0.000000 89.015205 -0.173641 -9.998503 103.476028 0.000332 -0.000357 68.915024 0.000303 0.000121 0.000000 -0.000000 0.000000 89.060295 -0.341998 -19.997210 110.000008 0.000001 -0.000005 80.000008 -0.000002 -0.000006 170.935242 -176.316986 -179.632980 124.069595 164.756393 177.096527 92.805542 -117.481560 -93.260445 17.622293 -22.196121 -4.321972 156.081818 -149.726456 -111.021858 167.378723 -179.999786 179.999619 171.594223 -179.999832 179.999771 180.000000 180.000000 -180.000000 90.965927 -179.741196 -165.002167 92.167046 179.999985 179.999893 118.516899 -179.999939 179.999969 180.000000 180.000000 -180.000000 91.000038 179.999985 -179.999985 70.917488 -179.999954 179.999893 107.351036 -179.999924 179.999985 180.000000 180.000000 -180.000000 90.984810 179.826370 170.001480 70.000023 -179.999985 -179.999985 99.999985 -179.999985 179.999985 180.000000 180.000000 -180.000000 90.939751 179.658005 160.002792 70.000015 179.999985 180.000000 100.000008 180.000000 180.000000
38.482643 85.282959 -472.262939 2.215738 -6.338507 -0.398807 1.476273 -0.053296 9.403610 179.233337 -175.688095 -156.848679 176.684067 -176.329193 149.101288 177.595261 170.399521 148.041290 3.155789 1.430631 42.905937 173.549149 -165.053818 163.842422 179.481232 178.825897 -176.173233 179.083252 178.800568 -176.247131 179.153168 174.524277 -177.203201 1.657163 0.155621 -5.362480 1.713623 0.187946 -6.256041 1.233409 -2.289372 -4.598292 6.851113 6.777580 1.152338 60.490410 11.850232 -7.961462 96.215424 54.245197 91.557953 171.473297 161.784393 178.558975 27.733610 29.424479 82.474915 9.705523 0.000585 -0.000680 6.463879 0.000439 -0.000410 0.000000 0.000000 -0.000003 78.405937 3.082155 14.686942 63.825241 -0.000088 -0.000260 44.677666 0.000074 -0.000180 0.000000 0.000000 -0.000003 89.000000 0.000004 0.000004 96.113045 0.000350 -0.000571 64.011276 0.000449 0.000035 0.000000 0.000000 -0.000003 89.015205 -0.173640 -9.998507 103.391518 0.000520 -0.000581 68.858696 0.000496 0.000175 0.000000 0.000000 -0.000003 89.060303 -0.342014 -19.997202 109.999992 -0.000012 0.000000 80.000000 0.000001 -0.000008 170.943222 -176.344711 -179.602249 124.149742 164.309341 177.047867 93.107414 -117.471848 -93.642380 17.634020 -22.233944 -4.336718 156.184601 -149.517776 -111.153328 167.467392 -179.999573 179.999252 171.653275 -179.999649 179.999557 0.000000 0.000000 -0.000007 90.965919 -179.741180 -165.002182 92.159500 179.999985 179.999695 118.511650 -179.999817 179.999908 0.000000 0.000000 -0.000007 91.000015 -179.999985 -179.999985 70.908562 -179.999863 179.999710 107.345100 -179.999786 -179.999954 0.000000 0.000000 -0.000007 90.984802 179.826355 170.001495 70.000000 179.999985 -180.000000 100.000038 -179.999985 179.999985 0.000000 0.000000 -0.000007 90.939720 179.658005 160.002808 70.000008 -180.000000 179.999985 100.000023 179.999985 -179.999985
38.387352 85.195541 -471.586029 2.251587 -6.623042 -0.468765 1.351850 -0.534326 10.120514 179.100861 -175.991150 -157.220413 176.837570 -176.803680 149.448257 177.330521 170.173752 148.005188 3.036291 1.180723 41.912315 173.379181 -165.167770 164.299164 179.474350 178.770126 -176.168243 179.069153 178.744293 -176.242249 179.152664 174.263763 -177.194275 1.652327 0.154070 -5.325174 1.708663 0.186073 -6.212511 1.229594 -2.303284 -4.566481 6.715702 6.753234 1.262748 60.264336 12.798977 -7.969928 96.278259 54.359055 91.629837 171.502884 161.843079 178.402847 27.643181 29.192678 82.346245 9.852725 0.000607 -0.000625 6.561919 0.000445 -0.000367 0.000000 -0.000000 0.000000 78.362816 3.093406 14.684613 63.788811 -0.000112 -0.000279 44.652145 0.000089 -0.000181 0.000000 -0.000000 0.000000 89.000038 -0.000000 0.000000 96.028313 0.000378 -0.000652 63.954887 0.000493 0.000038 0.000000 -0.000000 0.000000 89.015228 -0.173639 -9.998502 103.295937 0.000575 -0.000655 68.795074 0.000537 0.000215 0.000000 -0.000000 0.000000 89.060272 -0.341992 -19.997198 110.000015 0.000003 -0.000002 80.000000 0.000007 0.000002 170.959641 -176.370117 -179.559875 124.217697 163.853851 177.018829 93.378441 -117.459129 -94.003555 17.676022 -22.250549 -4.381409 156.300797 -149.210617 -111.287125 167.608231 -179.999466 179.999084 171.747070 -179.999557 179.999466 0.000000 -0.000000 0.000000 90.965897 -179.741180 -165.002182 92.127785 -179.999969 179.999512 118.489388 -179.999680 179.999847 0.000000 -0.000000 0.000000 91.000000 180.000000 179.999985 70.881836 -179.999680 179.999496 107.327316 -179.999619 -179.999878 0.000000 -0.000000 0.000000 90.984802 179.826370 170.001495 70.000031 -180.000000 179.999985 100.000008 179.999985 179.999985 0.000000 -0.000000 0.000000 90.939743 179.658005 160.002808 69.999977 -179.999985 179.999985 100.000038 -179.999985 180.000000
38.268288 85.134491 -470.843933 2.239627 -6.920680 -0.508205 1.183640 -1.042013 10.763577 179.021454 -176.306229 -157.524872 177.019638 -177.336990 150.047668 177.439117 170.056747 148.206131 2.671306 1.065739 40.991158 173.302933 -165.394836 164.856842 179.475281 178.721283 -176.190887 179.068985 178.695557 -176.264496 179.165237 174.035782 -177.206604 1.648130 0.153020 -5.302634 1.704343 0.184806 -6.186221 1.225216 -2.296019 -4.547251 6.613335 6.792935 1.397393 60.105637 13.516239 -7.947898 96.382469 54.506695 91.759201 171.517975 161.881378 178.273270 27.607159 29.053268 82.321030 9.928712 -0.000000 0.000002 6.612521 0.000000 -0.000001 0.000000 -0.000000 0.000000 78.334152 3.101276 14.683108 63.764557 0.000003 0.000002 44.635193 -0.000000 0.000000 0.000000 -0.000000 0.000000 89.000008 0.000004 -0.000001 95.970222 -0.000000 0.000000 63.916153 -0.000001 -0.000009 0.000000 -0.000000 0.000000 89.015190 -0.173635 -9.998518 103.230484 -0.000007 0.000002 68.751488 0.000001 0.000009 0.000000 -0.000000 0.000000 89.060295 -0.341998 -19.997198 110.000000 0.000008 -0.000001 80.000000 0.000002 -0.000007 170.979614 -176.443268 -179.508850 124.238693 163.499664 177.030502 93.511520 -117.469307 -94.272797 17.735136 -22.228508 -4.434658 156.319412 -148.968155 -111.283279 167.736450 179.999985 -180.000000 171.832474 -179.999985 -180.000000 0.000000 -0.000000 0.000000 90.965935 -179.741196 -165.002182 92.075195 -179.999985 -179.999985 118.452667 -180.000000 179.999985 0.000000 -0.000000 0.000000 91.000000 -180.000000 -179.999985 70.820740 -179.999985 -179.999985 107.286629 -179.999985 179.999985 0.000000 -0.000000 0.000000 90.984802 179.826355 170.001495 69.999992 -179.999985 -179.999985 100.000008 179.999985 -180.000000 0.000000 -0.000000 0.000000 90.939713 179.657990 160.002808 69.999992 -180.000000 179.999985 100.000038 180.000000 180.000000
38.150627 85.069725 -470.111938 2.232812 -7.211823 -0.552295 1.016843 -1.547267 11.410540 178.934143 -176.625137 -157.844971 177.188293 -177.849411 150.601852 177.508942 169.928970 148.374954 2.343201 0.930083 40.082584 173.222931 -165.620071 165.403885 179.475494 178.672073 -176.208908 179.067368 178.646362 -176.282166 179.176743 173.805954 -177.215271 1.643931 0.151941 -5.279120 1.700025 0.183502 -6.158792 1.221323 -2.295083 -4.527205 6.508561 6.823454 1.527182 59.941513 14.248932 -7.939807 96.476288 54.643757 91.879684 171.529953 161.922104 178.141129 27.553022 28.890448 82.264328 10.023563 0.000000 -0.000002 6.675690 -0.000000 0.000002 0.000003 -0.000000 0.000000 78.298981 3.110476 14.681209 63.734833 0.000013 -0.000008 44.614376 0.000003 0.000001 0.000003 -0.000000 0.000000 89.000015 0.000006 0.000001 95.907143 0.000033 -0.000076 63.874146 0.000054 0.000010 0.000003 -0.000000 0.000000 89.015228 -0.173634 -9.998509 103.157387 0.000041 -0.000058 68.702835 0.000049 0.000013 0.000003 -0.000000 0.000000 89.060318 -0.342008 -19.997192 110.000000 -0.000006 -0.000008 80.000000 0.000003 -0.000002 170.999313 -176.506729 -179.458466 124.266945 163.139938 177.041016 93.655396 -117.474541 -94.547234 17.795065 -22.209026 -4.491199 156.341629 -148.710724 -111.283005 167.872604 -179.999924 179.999893 171.923157 -179.999939 179.999939 0.000000 -0.000003 -0.000003 90.965958 -179.741196 -165.002182 92.022598 -179.999985 179.999924 118.415810 -179.999954 179.999985 0.000000 -0.000003 -0.000003 91.000015 -179.999985 -179.999985 70.759445 -179.999954 179.999924 107.245796 -179.999939 -179.999985 0.000000 -0.000003 -0.000003 90.984840 179.826355 170.001495 69.999992 180.000000 179.999985 100.000008 180.000000 -179.999985 0.000000 -0.000003 -0.000003 90.939751 179.657990 160.002808 69.999992 -180.000000 180.000000 100.000023 179.999985 179.999985
38.024731 85.016235 -469.348907 2.207585 -7.535645 -0.583695 0.801399 -2.076351 12.071600 178.869751 -176.937027 -158.142136 177.383698 -178.446777 151.332214 177.725937 169.831863 148.660965 1.891108 0.829585 39.105587 173.152191 -165.876938 166.025772 179.478790 178.622391 -176.242081 179.071182 178.596924 -176.314697 179.193832 173.573883 -177.235046 1.639713 0.150985 -5.259697 1.695684 0.182348 -6.136142 1.216142 -2.275542 -4.510613 6.407870 6.888986 1.679401 59.788975 14.951887 -7.899131 96.600517 54.821964 92.038673 171.547028 161.952454 178.010498 27.667744 28.925106 82.482040 9.955354 0.000280 -0.000315 6.630272 0.000213 -0.000186 0.000000 0.000000 -0.000003 78.325356 3.103284 14.682617 63.757214 -0.000072 -0.000214 44.630020 0.000067 -0.000146 0.000000 0.000000 -0.000003 89.000000 -0.000006 0.000018 95.894066 0.000195 -0.000355 63.865467 0.000269 0.000011 0.000000 0.000000 -0.000003 89.015228 -0.173636 -9.998516 103.158546 0.000308 -0.000392 68.703606 0.000319 0.000094 0.000000 0.000000 -0.000003 89.060295 -0.342001 -19.997196 109.999992 -0.000004 0.000007 79.999985 -0.000001 -0.000005 171.021515 -176.605087 -179.403656 124.277817 162.788513 177.062317 93.758438 -117.502396 -94.808922 17.858917 -22.175787 -4.544091 156.388885 -148.559372 -111.361809 167.935898 -179.999924 179.999741 171.965317 -179.999924 179.999847 0.000000 0.000000 -0.000007 90.965973 -179.741180 -165.002197 91.981941 -179.999954 179.999786 118.387367 -179.999847 179.999985 0.000000 0.000000 -0.000007 91.000015 -179.999985 -179.999985 70.714249 -179.999817 179.999802 107.215691 -179.999847 -179.999924 0.000000 0.000000 -0.000007 90.984810 179.826355 170.001495 69.999985 180.000000 -179.999985 100.000000 180.000000 180.000000 0.000000 0.000000 -0.000007 90.939743 179.658005 160.002808 70.000008 -180.000000 180.000000 100.000031 -180.000000 -180.000000
37.896652 84.971794 -468.556732 2.171378 -7.864323 -0.602986 0.554041 -2.559204 12.703914 178.825485 -177.206940 -158.388580 177.615616 -179.062225 152.177689 178.044449 169.806793 149.031387 1.378769 0.776747 38.124557 173.087738 -166.139191 166.649353 179.484482 178.576614 -176.286087 179.079254 178.551590 -176.357849 179.214050 173.360016 -177.263168 1.635389 0.150002 -5.239279 1.691234 0.181159 -6.112323 1.208654 -2.228535 -4.493072 6.318988 6.984362 1.835355 59.650543 15.584996 -7.818717 96.749893 55.029831 92.227654 171.562698 161.975159 177.889114 27.583569 28.720417 82.368011 10.085240 0.000384 -0.000446 6.716763 0.000286 -0.000262 0.000007 0.000003 0.000003 78.270866 3.117319 14.679637 63.711262 -0.000154 -0.000373 44.597855 0.000109 -0.000265 0.000007 0.000003 0.000003 88.999985 0.000002 -0.000003 95.806694 0.000280 -0.000571 63.807243 0.000415 0.000013 0.000007 0.000003 0.000003 89.015205 -0.173639 -9.998503 103.056389 0.000490 -0.000646 68.635590 0.000518 0.000151 0.000007 0.000003 0.000003 89.060272 -0.342002 -19.997183 110.000000 0.000009 0.000006 80.000000 -0.000007 0.000012 171.040497 -176.731674 -179.350204 124.273598 162.462738 177.084930 93.834656 -117.544403 -95.058922 17.908361 -22.146242 -4.580241 156.305130 -148.296951 -111.200905 168.100357 -179.999985 179.999725 172.074844 -179.999969 179.999817 0.000000 -0.000000 0.000000 90.965912 -179.741196 -165.002167 91.900818 -179.999924 179.999741 118.330513 -179.999817 179.999985 0.000000 -0.000000 0.000000 90.999992 -179.999985 180.000000 70.615662 -179.999756 179.999756 107.150055 -179.999817 -179.999893 0.000000 -0.000000 0.000000 90.984802 179.826370 170.001511 70.000008 -179.999985 -180.000000 100.000008 179.999985 -179.999985 0.000000 -0.000000 0.000000 90.939728 179.657990 160.002808 69.999969 -179.999985 179.999985 100.000008 179.999985 179.999985
37.771381 84.939133 -467.736145 2.128103 -8.193125 -0.608629 0.271656 -2.981679 13.299649 178.804535 -177.422226 -158.575317 177.868240 -179.699402 153.144287 178.429153 169.727875 149.487000 0.779339 0.668945 37.139778 173.025482 -166.353699 167.224854 179.491898 178.534225 -176.341232 179.090561 178.509827 -176.411896 179.236069 173.161911 -177.299774 1.632204 0.149220 -5.221870 1.687956 0.180212 -6.092003 1.200722 -2.165284 -4.478032 6.269429 6.976477 1.981589 59.516888 16.189512 -7.595908 96.934868 55.258038 92.439789 171.590118 161.989563 177.776062 27.481358 28.511728 82.208862 10.227953 0.000438 -0.000451 6.811822 0.000328 -0.000259 0.000003 -0.000000 0.000000 78.216209 3.131293 14.676632 63.665169 -0.000241 -0.000608 44.565598 0.000172 -0.000420 0.000003 -0.000000 0.000000 88.999985 -0.000008 0.000002 95.730652 0.000415 -0.000854 63.756618 0.000633 -0.000012 0.000003 -0.000000 0.000000 89.015182 -0.173639 -9.998509 102.958977 0.000703 -0.000987 68.570679 0.000779 0.000192 0.000003 -0.000000 0.000000 89.060295 -0.342002 -19.997202 109.999954 -0.000009 -0.000006 80.000008 -0.000004 -0.000003 171.062698 -176.876266 -179.299576 124.248001 162.164169 177.102936 93.875290 -117.605560 -95.271027 17.937889 -22.114994 -4.595976 156.192947 -148.065353 -110.991661 168.258224 179.999847 179.999756 172.179977 179.999908 179.999832 0.000000 -0.000000 0.000000 90.965919 -179.741196 -165.002182 91.817635 -179.999908 179.999786 118.272324 -179.999847 179.999969 0.000000 -0.000000 0.000000 91.000000 -179.999985 -179.999985 70.520691 -179.999771 179.999817 107.086823 -179.999847 -179.999878 0.000000 -0.000000 0.000000 90.984818 179.826355 170.001480 69.999985 -179.999985 -180.000000 100.000038 -180.000000 179.999985 0.000000 -0.000000 0.000000 90.939751 179.657990 160.002792 69.999977 -179.999985 -179.999985 100.000023 -179.999985 179.999985
37.667355 84.943756 -466.835205 2.063319 -8.497620 -0.544070 179.931412 -176.640228 -166.277954 178.826233 -177.626266 -158.510223 178.203827 179.646194 154.398819 178.811203 169.798264 150.062439 0.322579 0.723320 36.191078 173.002182 -166.375580 167.544022 179.505402 178.501587 -176.437332 179.113724 178.478394 -176.506226 179.264908 173.009735 -177.368088 1.628263 0.148619 -5.214154 1.683892 0.179489 -6.083010 1.190770 -2.079087 -4.471247 6.222283 7.224426 2.157187 59.385395 16.497240 -7.609789 97.087166 55.473656 92.592316 171.636826 161.971878 177.697342 27.339672 28.290388 82.019943 10.381405 -0.000003 -0.000000 6.914020 0.000002 -0.000003 0.000000 -0.000000 0.000000 78.128792 3.154978 14.671901 63.591152 -0.000004 -0.000007 44.513805 0.000009 0.000004 0.000000 -0.000000 0.000000 89.000008 -0.000001 -0.000001 95.625275 -0.000003 0.000002 63.686424 0.000002 -0.000003 0.000000 -0.000000 0.000000 89.015205 -0.173640 -9.998513 102.828285 -0.000004 -0.000010 68.483643 0.000001 -0.000003 0.000000 -0.000000 0.000000 89.060295 -0.342008 -19.997196 109.999985 0.000004 0.000006 80.000008 -0.000000 -0.000005 171.098236 -177.037201 -179.248184 124.141922 161.968628 177.090881 93.949821 -117.689476 -95.431419 17.940319 -22.081207 -4.574819 156.091461 -147.844742 -110.756317 168.421982 -179.999985 -180.000000 172.289047 179.999985 180.000000 0.000003 -0.000000 0.000000 90.965927 -179.741196 -165.002167 91.765976 -179.999985 -179.999985 118.236176 -180.000000 179.999985 0.000003 -0.000000 0.000000 91.000000 -180.000000 -179.999985 70.456566 -179.999985 -179.999985 107.044060 179.999985 -180.000000 0.000003 -0.000000 0.000000 90.984818 179.826355 170.001480 70.000015 -179.999985 -180.000000 100.000008 -179.999985 179.999985 0.000003 -0.000000 0.000000 90.939705 179.657990 160.002808 70.000008 179.999985 -179.999985 100.000008 180.000000 180.000000
37.559216 84.924438 -465.935242 2.001137 -8.805658 -0.486969 179.590897 -176.263840 -165.830475 178.842102 -177.830643 -158.483459 178.524094 178.997742 155.628677 179.196793 169.848343 150.627762 179.844864 179.260742 -144.768860 172.968674 -166.416779 167.893997 179.518478 178.468002 -176.528839 179.135635 178.445923 -176.595932 179.293015 172.852814 -177.432571 1.624412 0.148032 -5.206095 1.679914 0.178783 -6.073597 1.181290 -1.993910 -4.464197 6.175499 7.458430 2.331561 59.248024 16.836016 -7.605633 97.249092 55.694931 92.758530 171.679245 161.957947 177.613144 27.199539 28.070702 81.830704 10.534222 0.000053 -0.000036 7.015787 0.000036 -0.000022 0.000000 0.000000 -0.000003 78.041702 3.177634 14.667087 63.517612 -0.000032 -0.000084 44.462349 0.000029 -0.000062 0.000000 0.000000 -0.000003 89.000015 0.000005 -0.000000 95.520027 0.000054 -0.000118 63.616348 0.000093 0.000002 0.000000 0.000000 -0.000003 89.015205 -0.173632 -9.998507 102.697159 0.000093 -0.000135 68.396317 0.000109 0.000020 0.000000 0.000000 -0.000003 89.060295 -0.342008 -19.997190 109.999992 0.000006 0.000008 80.000000 -0.000003 0.000011 171.132568 -177.198563 -179.197159 124.046532 161.758179 177.083099 94.017540 -117.770332 -95.597252 17.942951 -22.049204 -4.555364 155.983078 -147.621002 -110.514175 168.587997 179.999969 179.999985 172.399597 179.999969 179.999985 0.000000 -0.000000 0.000000 90.965919 -179.741196 -165.002167 91.710838 -179.999985 179.999985 118.197571 -179.999985 -179.999985 0.000000 -0.000000 0.000000 91.000000 179.999985 -180.000000 70.387199 -179.999985 179.999985 106.997887 -179.999985 -179.999985 0.000000 -0.000000 0.000000 90.984818 179.826355 170.001495 69.999985 -179.999985 -179.999985 100.000008 180.000000 179.999985 0.000000 -0.000000 0.000000 90.939705 179.657990 160.002808 69.999992 -179.999985 179.999985 100.000008 179.999985 -179.999985
37.467365 85.018745 -465.042694 1.927192 -9.111710 -0.401021 179.226242 -175.895035 -165.440750 178.868027 -178.036514 -158.357498 178.878860 178.329391 156.991653 179.575684 169.991150 151.243805 179.442352 179.163727 -145.736603 172.951996 -166.390030 168.146240 179.535156 178.438400 -176.637695 179.164017 178.417648 -176.702667 179.325897 172.714401 -177.510422 1.620531 0.147468 -5.198791 1.675908 0.178103 -6.065083 1.170328 -1.887645 -4.457769 6.133614 7.760833 2.516531 59.113178 17.092455 -7.649416 97.384926 55.920673 92.891296 171.734146 161.930161 177.538040 27.051254 27.819580 81.628311 10.705656 0.000070 0.000001 7.129969 0.000044 0.000008 0.000003 -0.000000 0.000000 77.951370 3.201149 14.662049 63.441353 -0.000047 -0.000145 44.408962 0.000041 -0.000101 0.000003 -0.000000 0.000000 89.000000 -0.000005 0.000004 95.408463 0.000074 -0.000187 63.541996 0.000123 -0.000000 0.000003 -0.000000 0.000000 89.015205 -0.173642 -9.998510 102.563354 0.000139 -0.000203 68.307182 0.000161 0.000031 0.000003 -0.000000 0.000000 89.060295 -0.342008 -19.997196 110.000023 -0.000005 -0.000001 79.999969 -0.000003 -0.000003 171.171814 -177.375320 -179.145111 123.918739 161.584213 177.060486 94.101532 -117.862579 -95.742683 17.938334 -22.011459 -4.525261 155.878159 -147.414963 -110.271545 168.746353 179.999908 -179.999985 172.505081 179.999924 179.999985 0.000000 -0.000000 0.000000 90.965935 -179.741196 -165.002197 91.666046 -179.999985 179.999985 118.166275 -179.999985 179.999985 0.000000 -0.000000 0.000000 91.000000 -179.999985 179.999985 70.336380 -179.999969 -179.999985 106.963997 -180.000000 -179.999985 0.000000 -0.000000 0.000000 90.984802 179.826355 170.001495 69.999992 179.999985 180.000000 100.000000 -180.000000 -179.999985 0.000000 -0.000000 0.000000 90.939728 179.657990 160.002792 70.000023 -179.999985 -180.000000 100.000023 179.999985 -179.999985
37.382854 85.105194 -464.134491 1.849951 -9.376413 -0.287888 178.882309 -175.571594 -165.153473 178.904114 -178.239563 -158.160233 179.235168 177.742111 158.297928 179.889236 170.223953 151.806717 179.213608 178.934357 -146.577515 172.798126 -166.191559 168.052994 179.553238 178.412689 -176.754364 179.195114 178.393387 -176.817062 179.359695 172.594147 -177.594559 1.616138 0.146925 -5.193640 1.671371 0.177447 -6.059080 1.160691 -1.801268 -4.453259 6.103472 8.069180 2.689713 58.989243 17.223200 -7.786369 97.495956 56.077873 92.987328 171.789047 161.899826 177.480576 26.942839 27.615286 81.468277 10.844674 0.000082 0.000136 7.222561 0.000045 0.000094 0.000000 -0.000000 0.000000 77.876869 3.220529 14.657847 63.378418 -0.000071 -0.000216 44.364929 0.000066 -0.000135 0.000000 -0.000000 0.000000 89.000000 0.000002 -0.000003 95.323242 0.000120 -0.000234 63.485298 0.000183 -0.000007 0.000000 -0.000000 0.000000 89.015205 -0.173642 -9.998509 102.451004 0.000162 -0.000262 68.232376 0.000203 0.000038 0.000000 -0.000000 0.000000 89.060280 -0.342008 -19.997204 109.999985 0.000002 0.000003 80.000000 0.000009 -0.000001 171.215759 -177.520508 -179.089279 123.771172 161.463928 177.009872 94.197746 -117.958321 -95.846771 17.926893 -21.979919 -4.489040 155.803009 -147.276154 -110.093857 168.856735 179.999725 -179.999878 172.578583 179.999817 -179.999954 0.000000 -0.000000 0.000000 90.965927 -179.741196 -165.002167 91.639519 -179.999985 -179.999985 118.147659 179.999985 -179.999985 0.000000 -0.000000 0.000000 91.000000 -179.999985 -179.999985 70.301399 -179.999985 -179.999985 106.940735 179.999985 -179.999985 0.000000 -0.000000 0.000000 90.984818 179.826355 170.001480 69.999969 180.000000 -179.999985 100.000038 180.000000 179.999985 0.000000 -0.000000 0.000000 90.939743 179.657990 160.002808 70.000023 179.999985 179.999985 100.000038 179.999985 -179.999985
37.298367 85.228401 -463.213623 1.752864 -9.646169 -0.136426 178.487549 -175.185257 -164.949463 178.937805 -178.485214 -157.621933 179.664185 177.096008 159.724197 0.193074 9.516521 -27.544479 178.986191 178.758072 -147.491943 172.781616 -166.040619 168.081894 179.576736 178.383530 -176.897079 179.235718 178.365952 -176.956985 179.402786 172.457840 -177.698288 1.609735 0.146308 -5.192492 1.664749 0.176703 -6.057736 1.152384 -1.746672 -4.452318 6.067840 8.411145 2.866438 58.909561 17.231030 -8.000585 97.544792 56.219971 93.022263 171.864807 161.845612 177.449936 26.804897 27.438652 81.375824 10.948223 -0.000034 0.000359 7.291522 -0.000051 0.000238 0.000000 -0.000000 0.000000 77.745781 3.254843 14.650411 63.267750 -0.000012 -0.000164 44.287453 0.000073 -0.000088 0.000000 -0.000000 0.000000 89.000000 0.000003 -0.000007 95.189751 0.000079 -0.000141 63.396389 0.000110 -0.000000 0.000000 -0.000000 0.000000 89.015228 -0.173648 -9.998504 102.299072 0.000103 -0.000188 68.131195 0.000130 0.000022 0.000000 -0.000000 0.000000 89.060287 -0.341999 -19.997198 110.000023 -0.000001 -0.000008 79.999962 -0.000006 0.000013 171.280014 -177.634079 -179.021667 123.559120 161.404617 176.942062 94.349373 -118.078094 -95.953232 17.946596 -21.929747 -4.467382 155.808151 -146.904663 -109.925323 169.101349 179.999832 -179.999817 172.741501 179.999878 -179.999893 0.000000 -0.000000 0.000000 90.965950 -179.741196 -165.002213 91.631142 -179.999954 -179.999954 118.141808 179.999985 -179.999954 0.000000 -0.000000 0.000000 91.000015 -179.999985 180.000000 70.292984 -179.999969 -179.999924 106.935150 179.999954 -179.999969 0.000000 -0.000000 0.000000 90.984779 179.826370 170.001480 69.999992 179.999985 -179.999985 100.000038 179.999985 -180.000000 0.000000 -0.000000 0.000000 90.939743 179.657990 160.002792 70.000000 179.999985 -179.999985 100.000046 -179.999985 179.999985
37.240063 85.403534 -462.221100 1.654034 -9.870376 -0.031407 178.049377 -174.724182 -164.941696 178.966705 -178.669357 -156.840439 0.106042 3.594826 -18.313663 0.332252 9.356089 -26.746281 178.937286 178.458481 -148.317001 173.336182 -166.191650 168.733521 179.602814 178.359558 -177.026367 179.281067 178.343613 -177.083862 179.451065 172.346161 -177.793991 1.602754 0.145507 -5.187807 1.657535 0.175741 -6.052274 1.148793 -1.756713 -4.448516 6.030993 8.707350 3.019985 58.969826 17.011494 -8.288655 97.491356 56.259876 92.981941 171.952423 161.749039 177.491058 26.674038 27.283010 81.221359 11.057940 0.000001 -0.000002 7.364591 -0.000002 0.000002 0.000003 -0.000000 0.000003 77.659058 3.277654 14.645555 63.194523 0.000002 -0.000003 44.236168 -0.000000 0.000000 0.000003 -0.000000 0.000003 88.999977 0.000001 -0.000004 95.106873 -0.000005 -0.000000 63.341187 -0.000001 -0.000005 0.000003 -0.000000 0.000003 89.015182 -0.173639 -9.998512 102.193718 -0.000009 -0.000006 68.061012 -0.000000 -0.000004 0.000003 -0.000000 0.000003 89.060280 -0.342004 -19.997194 110.000015 0.000003 -0.000002 80.000000 -0.000007 0.000008 171.344788 -177.696396 -178.961166 123.289505 161.492325 176.915604 94.573952 -118.201233 -96.123009 18.040264 -21.845690 -4.476913 155.829651 -146.652649 -109.873886 169.251953 180.000000 180.000000 172.841782 180.000000 -180.000000 0.000000 -0.000000 0.000000 90.965927 -179.741196 -165.002182 91.603645 -179.999985 -179.999985 118.122559 -179.999985 -179.999985 0.000000 -0.000000 0.000000 91.000023 -179.999985 -179.999985 70.264168 -180.000000 -179.999985 106.915955 180.000000 -179.999985 0.000000 -0.000000 0.000000 90.984825 179.826370 170.001495 70.000015 179.999985 -179.999985 100.000000 179.999985 -179.999985 0.000000 -0.000000 0.000000 90.939743 179.658005 160.002792 70.000008 -179.999985 -179.999985 100.000023 179.999985 179.999985
37.176983 85.575119 -461.238190 1.552845 -10.100583 0.085917 177.618225 -174.255905 -164.906479 178.990402 -178.887894 -156.138809 0.533907 4.266253 -16.365721 0.494616 9.148473 -25.971745 178.866379 178.159271 -149.167114 173.796188 -166.360992 169.379044 179.629456 178.334549 -177.160248 179.327026 178.320236 -177.215134 179.499847 172.229172 -177.892639 1.595690 0.144755 -5.183705 1.650232 0.174832 -6.047489 1.144652 -1.760871 -4.445197 5.991923 9.037103 3.179178 59.012863 16.808361 -8.593650 97.446167 56.313683 92.946571 172.037857 161.656982 177.524277 26.546274 27.125839 81.073814 11.166794 -0.000027 0.000095 7.437083 -0.000026 0.000056 180.000000 -179.999985 -179.999985 77.572220 3.300298 14.640554 63.121212 0.000005 -0.000009 44.184830 0.000011 0.000001 180.000000 -179.999985 -179.999985 88.999985 -0.000003 -0.000003 95.022537 0.000003 -0.000007 63.285007 0.000003 0.000002 180.000000 -179.999985 -179.999985 89.015213 -0.173639 -9.998509 102.087311 -0.000006 -0.000008 67.990158 0.000001 -0.000012 180.000000 -179.999985 -179.999985 89.060280 -0.342010 -19.997198 109.999992 -0.000001 0.000005 80.000000 0.000006 -0.000004 171.410965 -177.763351 -178.897537 123.025642 161.561707 176.881210 94.791908 -118.325569 -96.283104 18.126049 -21.766167 -4.483263 155.855164 -146.403214 -109.824944 169.401276 179.999985 -179.999939 172.941254 179.999969 -179.999969 0.000003 -0.000000 0.000000 90.965965 -179.741180 -165.002167 91.581039 -179.999985 -179.999985 118.106743 179.999985 -179.999985 0.000003 -0.000000 0.000000 91.000038 180.000000 180.000000 70.240738 -179.999985 -179.999969 106.900322 179.999985 -179.999985 0.000003 -0.000000 0.000000 90.984825 179.826370 170.001480 70.000008 180.000000 179.999985 100.000038 180.000000 180.000000 0.000003 -0.000000 0.000000 90.939728 179.657990 160.002792 70.000008 179.999985 179.999985 100.000000 180.000000 -179.999985
37.133034 85.802017 -460.247437 1.451329 -10.317032 0.180423 177.171494 -173.831558 -164.946259 179.007416 -179.014969 -155.204956 0.953784 4.944925 -14.333575 0.575706 9.122609 -25.127167 178.796021 177.890503 -149.993515 174.686707 -166.510925 170.187546 179.657501 178.313889 -177.285751 179.375366 178.301102 -177.338181 179.551285 172.132431 -177.985947 1.589841 0.144098 -5.178747 1.644189 0.174035 -6.041708 1.141507 -1.769867 -4.441111 5.966583 9.247005 3.316312 59.120853 16.561087 -8.824345 97.374695 56.319839 92.895302 172.134613 161.549332 177.583649 26.407471 26.970221 80.903740 11.279556 -0.000120 0.000278 7.512188 -0.000101 0.000178 0.000000 0.000003 0.000000 77.482941 3.323637 14.635379 63.045795 0.000047 0.000009 44.132030 0.000019 0.000026 0.000000 0.000003 0.000000 89.000015 -0.000009 0.000010 94.940407 0.000001 0.000031 63.230347 -0.000023 0.000006 0.000000 0.000003 0.000000 89.015236 -0.173641 -9.998521 101.979202 -0.000041 0.000042 67.918175 -0.000028 -0.000011 0.000000 0.000003 0.000000 89.060318 -0.342008 -19.997192 110.000015 -0.000002 -0.000003 79.999985 -0.000001 0.000004 171.472000 -177.827682 -178.842773 122.742531 161.683807 176.864273 95.026260 -118.454018 -96.466583 18.242672 -21.670475 -4.503190 155.883606 -146.137970 -109.795128 169.553635 179.999908 -179.999756 173.042740 179.999908 -179.999847 0.000003 0.000000 -0.000003 90.965927 -179.741180 -165.002197 91.545555 -179.999908 -179.999878 118.081871 179.999969 -179.999893 0.000003 0.000000 -0.000003 91.000000 -179.999985 -179.999985 70.204681 -179.999954 -179.999847 106.876312 179.999908 -179.999939 0.000003 0.000000 -0.000003 90.984795 179.826355 170.001495 70.000015 -179.999985 -179.999985 100.000023 179.999985 180.000000 0.000003 0.000000 -0.000003 90.939743 179.657990 160.002808 69.999992 180.000000 180.000000 100.000000 180.000000 180.000000
37.095798 85.914970 -459.177002 1.346727 -10.521566 0.228645 176.707520 -173.329987 -165.044678 178.974533 -179.152512 -154.035828 1.367450 5.660589 -12.191242 0.521685 9.194500 -24.202011 178.900284 177.535461 -150.744400 175.671646 -166.455780 170.882645 179.686661 178.292923 -177.393661 179.425293 178.281540 -177.443970 179.606552 172.034271 -178.066986 1.583539 0.143415 -5.174255 1.637677 0.173208 -6.036469 1.141381 -1.820658 -4.437525 5.955737 9.372275 3.445162 59.282646 16.261551 -9.023284 97.268745 56.298473 92.823692 172.235550 161.429489 177.665680 26.256659 26.815378 80.699257 11.399665 -0.000222 0.000520 7.592181 -0.000195 0.000328 0.000000 -0.000000 0.000000 77.394188 3.346867 14.630175 62.970856 0.000106 0.000069 44.079620 0.000017 0.000084 0.000000 -0.000000 0.000000 89.000008 0.000002 0.000002 94.864555 -0.000024 0.000115 63.179764 -0.000077 0.000021 0.000000 -0.000000 0.000000 89.015213 -0.173634 -9.998513 101.880386 -0.000087 0.000132 67.852295 -0.000109 -0.000028 0.000000 -0.000000 0.000000 89.060318 -0.342002 -19.997208 109.999992 -0.000004 0.000007 80.000000 -0.000008 0.000007 171.533051 -177.859848 -178.794647 122.440269 161.859070 176.872009 95.281006 -118.581619 -96.696480 18.377684 -21.564222 -4.525441 155.891037 -145.874146 -109.759315 169.702942 179.999603 -179.999283 173.142151 179.999695 -179.999557 0.000000 0.000000 -0.000007 90.965912 -179.741196 -165.002182 91.482452 -179.999756 -179.999695 118.037720 179.999863 -179.999771 0.000000 0.000000 -0.000007 91.000000 180.000000 180.000000 70.105888 -179.999939 -179.999741 106.831215 179.999741 -179.999847 0.000000 0.000000 -0.000007 90.984795 179.826370 170.001480 69.999985 179.999985 -179.999985 100.000038 179.999985 -179.999985 0.000000 0.000000 -0.000007 90.939690 179.658005 160.002808 69.999977 -180.000000 -179.999985 99.999985 -179.999985 179.999985
37.067867 86.058990 -458.044281 1.241883 -10.713852 0.198335 176.192474 -172.892960 -165.187119 178.922180 -179.095657 -152.546356 1.799057 6.498766 -9.871860 0.333694 9.474120 -23.090773 179.102661 177.350647 -151.368774 176.971329 -166.382568 171.511597 179.717529 178.274857 -177.475006 179.477585 178.264694 -177.523682 179.667358 171.949509 -178.129456 1.575570 0.142313 -5.160367 1.629453 0.171875 -6.020274 1.142071 -1.900965 -4.425994 5.960414 9.457602 3.579236 59.490025 15.898579 -9.215929 97.122452 56.251400 92.724617 172.337463 161.293045 177.773193 26.134871 26.664579 80.532791 11.509837 -0.000406 0.000865 7.665543 -0.000347 0.000533 0.000000 -0.000000 0.000000 77.322731 3.365669 14.625960 62.910515 0.000195 0.000179 44.037338 0.000018 0.000192 0.000000 -0.000000 0.000000 88.999977 -0.000004 -0.000004 94.798523 -0.000050 0.000203 63.135803 -0.000137 0.000024 0.000000 -0.000000 0.000000 89.015190 -0.173628 -9.998508 101.798378 -0.000171 0.000266 67.797714 -0.000202 -0.000037 0.000000 -0.000000 0.000000 89.060295 -0.341999 -19.997198 109.999985 -0.000007 -0.000004 80.000008 0.000002 -0.000003 171.595871 -177.873596 -178.755035 122.093330 162.093536 176.899521 95.553780 -118.721443 -96.964005 18.541420 -21.436617 -4.550952 155.817429 -145.637344 -109.621986 169.853195 179.998917 -179.998245 173.242233 179.999161 -179.998932 0.000003 0.000000 -0.000007 90.965919 -179.741165 -165.002182 91.412704 -179.999603 -179.999329 117.988953 179.999710 -179.999527 0.000003 0.000000 -0.000007 91.000015 -179.999985 179.999985 70.000008 179.999985 179.999985 106.776909 179.999451 -179.999771 0.000003 0.000000 -0.000007 90.984795 179.826370 170.001495 69.999985 -179.999985 -179.999985 100.000008 180.000000 -179.999985 0.000003 0.000000 -0.000007 90.939751 179.658005 160.002808 70.000015 -179.999985 179.999985 100.000038 -179.999985 -179.999985
37.056896 86.146156 -456.845184 1.281780 -10.742453 0.037495 175.635117 -172.509109 -165.600983 178.718170 -178.713699 -150.485153 2.339155 7.389664 -7.682579 0.127814 9.631105 -22.091602 179.430099 177.003769 -151.275085 177.818726 -165.943344 171.063477 179.718033 178.273666 -177.478729 179.478424 178.263580 -177.527298 179.668259 171.943848 -178.132080 1.560977 0.140258 -5.134856 1.614378 0.169402 -5.990509 1.145042 -2.071109 -4.405102 6.001690 9.367321 3.656396 59.700676 15.409692 -9.453130 97.000397 56.077206 92.655380 172.419312 161.145599 177.901276 26.031891 26.529762 80.373070 11.611664 -0.000001 0.000002 7.733372 0.000002 0.000000 0.000000 -0.000000 0.000000 77.256599 3.382576 14.622175 62.854748 0.000002 -0.000003 43.998318 -0.000000 0.000000 0.000000 -0.000000 0.000000 89.000000 0.000005 -0.000009 94.754982 -0.000005 -0.000000 63.106815 -0.000001 -0.000001 0.000000 -0.000000 0.000000 89.015205 -0.173636 -9.998502 101.736740 -0.000000 0.000005 67.756676 0.000004 -0.000001 0.000000 -0.000000 0.000000 89.060295 -0.342001 -19.997196 110.000015 0.000001 -0.000005 80.000000 0.000002 -0.000003 171.646362 -177.751282 -178.743027 121.772995 162.488281 177.035294 95.789810 -118.733620 -97.203529 18.684832 -21.323206 -4.558545 155.627014 -145.376236 -109.261635 170.061646 -179.999985 -180.000000 173.381058 179.999985 180.000000 0.000000 -0.000000 0.000000 90.965935 -179.741180 -165.002197 91.319885 179.999985 179.999985 117.923912 180.000000 179.999985 0.000000 -0.000000 0.000000 91.000000 -179.999985 179.999985 69.999992 179.999985 179.999985 106.705528 -180.000000 -179.999985 0.000000 -0.000000 0.000000 90.984802 179.826355 170.001495 70.000008 180.000000 -179.999985 100.000000 -180.000000 -179.999985 0.000000 -0.000000 0.000000 90.939713 179.657990 160.002808 70.000008 -180.000000 -179.999985 100.000008 -179.999985 180.000000
37.043777 86.242111 -455.643982 1.295800 -10.794219 -0.117111 175.096909 -172.115601 -165.948929 178.498230 -178.398499 -148.562057 2.804905 8.265495 -5.467622 179.942490 170.164444 158.945724 179.750229 176.610153 -151.270920 178.752686 -165.516113 170.730927 179.724014 178.269485 -177.488129 179.488403 178.259644 -177.536499 179.680862 171.924255 -178.139496 1.547328 0.138356 -5.110007 1.600282 0.167107 -5.961526 1.147443 -2.231068 -4.384619 6.038536 9.290988 3.741970 59.909920 14.950724 -9.677320 96.874817 55.920219 92.583954 172.500259 161.001999 178.024857 25.953821 26.412493 80.255722 11.695401 -0.000230 0.000335 7.789131 -0.000179 0.000197 0.000000 -0.000000 0.000000 77.202179 3.396876 14.618908 62.808781 0.000076 0.000078 43.966156 0.000004 0.000082 0.000000 -0.000000 0.000000 89.000000 0.000007 -0.000007 94.719543 -0.000028 0.000086 63.083225 -0.000058 0.000016 0.000000 -0.000000 0.000000 89.015205 -0.173639 -9.998506 101.686852 -0.000065 0.000115 67.723434 -0.000087 -0.000017 0.000000 -0.000000 0.000000 89.060295 -0.342006 -19.997190 110.000023 0.000003 -0.000002 80.000000 0.000009 -0.000006 171.696655 -177.648849 -178.729584 121.454590 162.850906 177.159256 96.027031 -118.764709 -97.455452 18.829433 -21.208078 -4.564737 155.466125 -145.170929 -108.961876 170.228897 179.999359 -179.999115 173.492447 179.999527 -179.999466 0.000000 0.000000 -0.000003 90.965935 -179.741196 -165.002182 91.242798 -179.999878 -179.999725 117.869965 179.999863 -179.999847 0.000000 0.000000 -0.000003 91.000000 -179.999985 179.999985 70.000008 179.999985 180.000000 106.646126 179.999786 -179.999939 0.000000 0.000000 -0.000003 90.984810 179.826370 170.001480 70.000008 179.999985 179.999985 100.000038 179.999985 179.999985 0.000000 0.000000 -0.000003 90.939743 179.658005 160.002792 70.000023 179.999985 180.000000 100.000008 -180.000000 -180.000000
37.039978 86.312332 -454.432251 1.396147 -10.766463 -0.308529 174.480194 -171.750000 -166.498901 178.149338 -177.908295 -146.063873 3.419616 9.219580 -3.232398 179.691391 170.107590 159.927460 0.150727 3.761553 29.038147 179.488068 -164.938354 169.778839 179.712524 178.274567 -177.474594 179.469162 178.264404 -177.523239 179.656891 171.948074 -178.128052 1.529732 0.136130 -5.085467 1.582100 0.164423 -5.932895 1.150515 -2.434178 -4.364665 6.087281 9.158150 3.796549 60.129852 14.372786 -9.981559 96.761238 55.679039 92.531151 172.586777 160.840088 178.166321 25.719095 26.111258 79.881126 11.925630 -0.000174 0.000265 7.942472 -0.000143 0.000160 0.000000 -0.000000 0.000000 77.054977 3.435199 14.610154 62.684586 0.000078 0.000088 43.879185 -0.000012 0.000084 0.000000 -0.000000 0.000000 89.000015 -0.000005 0.000004 94.610085 -0.000003 0.000026 63.010311 -0.000021 -0.000001 0.000000 -0.000000 0.000000 89.015213 -0.173639 -9.998502 101.534317 -0.000036 0.000064 67.621857 -0.000044 -0.000009 0.000000 -0.000000 0.000000 89.060265 -0.342008 -19.997200 110.000023 -0.000006 0.000004 80.000008 0.000009 0.000003 171.748550 -177.472046 -178.726974 121.109161 163.319183 177.321930 96.265717 -118.744957 -97.680908 18.972263 -21.098547 -4.568397 155.076340 -144.551727 -108.252274 170.696609 179.999374 -179.999008 173.803940 179.999512 -179.999390 0.000000 -0.000000 0.000000 90.965942 -179.741180 -165.002167 91.050446 -179.999878 -179.999588 117.735306 179.999786 -179.999802 0.000000 -0.000000 0.000000 91.000000 -179.999985 -179.999985 70.000023 180.000000 180.000000 106.497314 179.999710 -179.999985 0.000000 -0.000000 0.000000 90.984802 179.826355 170.001495 69.999992 -179.999985 -180.000000 100.000008 179.999985 -179.999985 0.000000 -0.000000 0.000000 90.939690 179.657990 160.002808 70.000031 179.999985 180.000000 100.000008 179.999985 -179.999985
37.031494 86.354927 -453.230530 1.570066 -10.665036 -0.505974 173.830872 -171.343994 -167.210526 177.693069 -177.406876 -143.306213 4.099320 10.134622 -1.022343 179.389816 170.256729 160.726425 0.552655 3.843375 29.617832 179.675812 -164.672806 168.573120 179.685425 178.286957 -177.447754 179.423859 178.275925 -177.496994 179.599518 172.006104 -178.104919 1.507698 0.133385 -5.054574 1.559337 0.161107 -5.896864 1.152971 -2.672756 -4.339472 6.138514 8.973820 3.824933 60.354919 13.751895 -10.273916 96.639114 55.443504 92.474716 172.670029 160.677063 178.314499 25.604971 26.015732 79.654007 12.022839 -0.000093 0.000136 8.007211 -0.000074 0.000075 0.000000 -0.000000 0.000000 77.007195 3.447749 14.607268 62.644188 0.000117 0.000163 43.850933 -0.000017 0.000152 0.000000 -0.000000 0.000000 89.000000 0.000003 0.000003 94.590469 0.000009 -0.000041 62.997253 0.000017 -0.000002 0.000000 -0.000000 0.000000 89.015228 -0.173640 -9.998509 101.500389 -0.000014 0.000016 67.599258 -0.000015 -0.000002 0.000000 -0.000000 0.000000 89.060295 -0.342007 -19.997198 110.000015 0.000001 -0.000005 80.000000 -0.000005 0.000009 171.801270 -177.229858 -178.720230 120.764641 163.870834 177.519348 96.505440 -118.663841 -97.872749 19.103588 -21.001753 -4.569047 154.792984 -144.328934 -107.753067 170.914886 179.999161 -179.998550 173.949326 179.999329 -179.999084 180.000000 180.000000 -180.000000 90.965942 -179.741180 -165.002182 90.956070 -179.999878 -179.999329 117.669296 179.999619 -179.999725 180.000000 180.000000 -180.000000 91.000000 -179.999985 -179.999985 70.000008 -180.000000 -179.999985 106.426811 179.999527 179.999985 180.000000 180.000000 -180.000000 90.984795 179.826370 170.001480 70.000008 179.999985 -180.000000 100.000008 -180.000000 -179.999985 180.000000 180.000000 -180.000000 90.939690 179.658005 160.002808 70.000008 179.999985 -179.999985 100.000008 179.999985 179.999985
37.011841 86.372864 -452.075623 1.829461 -10.488549 -0.684407 173.165710 -171.103531 -168.133087 177.169281 -176.752243 -140.281494 4.856749 10.918281 1.140846 179.125702 170.282410 161.248871 0.623850 3.405161 30.459515 179.808502 -164.839493 167.462967 179.639359 178.310135 -177.415680 179.347168 178.297638 -177.465607 179.500000 172.114517 -178.075577 1.484253 0.130196 -5.010353 1.535124 0.157254 -5.845273 1.154414 -2.922877 -4.302971 6.208627 8.764947 3.831831 60.568089 13.060269 -10.620293 96.551880 55.152161 92.452713 172.751343 160.508926 178.471573 25.467358 26.008337 79.405571 12.077744 0.000187 -0.000262 8.043768 0.000144 -0.000153 0.000003 -0.000000 0.000000 76.963699 3.459160 14.604652 62.607468 0.000150 0.000239 43.825207 -0.000032 0.000190 0.000003 -0.000000 0.000000 89.000015 -0.000010 -0.000001 94.583572 0.000074 -0.000166 62.992683 0.000133 -0.000015 0.000003 -0.000000 0.000000 89.015182 -0.173643 -9.998503 101.474846 0.000128 -0.000189 67.582253 0.000157 0.000043 0.000003 -0.000000 0.000000 89.060257 -0.342002 -19.997198 109.999985 0.000005 0.000001 80.000015 0.000008 -0.000007 171.849197 -176.936798 -178.699341 120.439980 164.522141 177.763489 96.747726 -118.495613 -98.021751 19.228893 -20.916681 -4.573133 154.492859 -144.156357 -107.240349 171.109543 179.999237 -179.998566 174.078964 179.999405 -179.999100 180.000000 180.000000 -179.999985 90.965958 -179.741196 -165.002167 90.866302 -179.999939 -179.999222 117.606377 179.999557 -179.999710 180.000000 180.000000 -179.999985 91.000000 179.999985 -179.999985 69.999992 -179.999985 -179.999985 106.360558 179.999466 179.999939 180.000000 180.000000 -179.999985 90.984818 179.826370 170.001495 69.999992 180.000000 180.000000 100.000023 -179.999985 179.999985 180.000000 180.000000 -179.999985 90.939743 179.657990 160.002808 70.000008 -180.000000 179.999985 100.000000 179.999985 179.999985
37.056480 86.312439 -451.076569 2.183660 -10.278367 -0.792072 172.598160 -170.794693 -169.422775 176.638565 -176.608765 -137.106033 5.515750 10.997571 2.993461 178.717087 170.521515 161.271194 0.376534 2.765376 31.536093 0.103757 -14.435759 -13.374879 179.563995 178.356491 -177.376709 179.222504 178.341629 -177.427704 179.332947 172.332382 -178.040680 1.472181 0.128106 -4.971683 1.522686 0.154714 -5.800165 1.156966 -3.094260 -4.270947 6.336613 8.644176 3.836438 60.761063 12.313270 -10.874137 96.457924 54.964756 92.390030 172.842896 160.316483 178.631088 25.365860 26.111843 79.247437 12.056725 0.000002 -0.000003 8.029777 0.000000 -0.000002 0.000000 -0.000000 0.000000 76.933754 3.466594 14.602881 62.582272 -0.000001 -0.000005 43.807602 -0.000001 0.000003 0.000000 -0.000000 0.000000 89.000008 0.000001 0.000001 94.600098 0.000002 0.000003 63.003674 -0.000004 0.000010 0.000000 -0.000000 0.000000 89.015205 -0.173638 -9.998504 101.493652 -0.000003 0.000002 67.594780 0.000003 -0.000002 0.000000 -0.000000 0.000000 89.060295 -0.342006 -19.997196 110.000008 -0.000000 0.000000 80.000008 -0.000001 0.000004 171.861664 -176.686005 -178.686005 120.234390 165.348038 178.055466 96.865318 -118.205360 -97.939194 19.351765 -20.818121 -4.619316 154.311096 -144.103729 -106.940117 171.196365 -179.999985 180.000000 174.136780 -179.999985 180.000000 0.000000 -0.000000 0.000000 90.965919 -179.741196 -165.002182 90.820045 179.999985 -180.000000 117.574028 -180.000000 -179.999985 0.000000 -0.000000 0.000000 91.000000 180.000000 180.000000 69.999992 -179.999985 -179.999985 106.329041 -179.999985 179.999985 0.000000 -0.000000 0.000000 90.984802 179.826370 170.001495 69.999992 179.999985 179.999985 100.000023 179.999985 -179.999985 0.000000 -0.000000 0.000000 90.939705 179.657990 160.002808 69.999992 -179.999985 179.999985 100.000000 179.999985 180.000000
37.094543 86.261421 -450.063263 2.533552 -10.065187 -0.901534 172.015152 -170.495331 -170.683868 176.066544 -176.438309 -133.919189 6.174219 11.158740 4.910056 178.334534 170.779755 161.325760 0.149263 2.213007 32.601868 0.363110 -13.780886 -14.208177 179.490326 178.399719 -177.340637 179.100510 178.382462 -177.392395 179.169952 172.534821 -178.006958 1.458597 0.125861 -4.931255 1.508679 0.151998 -5.752999 1.160045 -3.282499 -4.237261 6.459661 8.502249 3.839456 60.958572 11.571634 -11.143132 96.364548 54.765011 92.336777 172.934418 160.127029 178.791977 25.260710 26.209063 79.076859 12.040526 0.000061 -0.000085 8.018985 0.000048 -0.000052 0.000003 -0.000000 0.000003 76.901688 3.474977 14.600936 62.555176 0.000014 0.000029 43.788628 -0.000008 0.000030 0.000003 -0.000000 0.000003 89.000000 -0.000001 0.000009 94.613602 0.000031 -0.000057 63.012653 0.000051 -0.000001 0.000003 -0.000000 0.000003 89.015190 -0.173636 -9.998502 101.510040 0.000041 -0.000047 67.605675 0.000046 0.000006 0.000003 -0.000000 0.000003 89.060280 -0.341998 -19.997208 109.999985 -0.000006 -0.000008 80.000008 -0.000002 0.000003 171.881332 -176.417374 -178.665390 120.012611 166.159897 178.344955 97.013680 -117.924927 -97.892418 19.472713 -20.724918 -4.656025 154.106659 -144.046753 -106.607079 171.293533 179.999939 -179.999863 174.201508 179.999969 -179.999924 0.000000 -0.000000 0.000000 90.965919 -179.741196 -165.002182 90.770203 -179.999985 -179.999893 117.539116 179.999939 -179.999985 0.000000 -0.000000 0.000000 91.000000 -179.999985 -179.999985 69.999992 -179.999985 -179.999985 106.294594 179.999954 179.999985 0.000000 -0.000000 0.000000 90.984802 179.826370 170.001495 70.000015 180.000000 180.000000 100.000008 179.999985 -179.999985 0.000000 -0.000000 0.000000 90.939735 179.658005 160.002808 69.999992 -179.999985 -179.999985 100.000038 -179.999985 179.999985
37.162174 86.176598 -449.108459 2.915053 -9.847658 -0.984229 171.451645 -170.117630 -172.095291 175.523911 -176.558731 -130.651642 6.801598 10.994276 6.685191 177.804047 171.002090 161.205750 179.772949 178.737274 -146.227951 0.657943 -12.707528 -15.010428 179.406738 178.454407 -177.301300 178.962326 178.434418 -177.353775 178.983612 172.790588 -177.970734 1.449534 0.124118 -4.894995 1.499345 0.149890 -5.710702 1.163076 -3.428046 -4.206837 6.603086 8.418130 3.853761 61.154549 10.798523 -11.393790 96.269722 54.596207 92.268570 173.030945 159.922379 178.952774 25.177177 26.377264 78.970169 11.973238 -0.000052 0.000071 7.974178 -0.000044 0.000041 0.000000 -0.000000 0.000000 76.883911 3.479697 14.599868 62.540192 0.000051 0.000107 43.778126 -0.000021 0.000080 0.000000 -0.000000 0.000000 89.000000 -0.000001 0.000009 94.646729 0.000050 -0.000092 63.034710 0.000067 0.000005 0.000000 -0.000000 0.000000 89.015228 -0.173633 -9.998512 101.543663 0.000072 -0.000085 67.628067 0.000069 0.000021 0.000000 -0.000000 0.000000 89.060295 -0.342002 -19.997190 109.999985 0.000003 -0.000002 80.000015 0.000001 -0.000004 171.883041 -176.185257 -178.650818 119.830353 167.048508 178.649933 97.111649 -117.609505 -97.737656 19.599512 -20.619072 -4.714197 153.971024 -144.053223 -106.396034 171.331909 179.999847 -179.999603 174.227051 179.999863 -179.999741 0.000000 -0.000000 0.000000 90.965935 -179.741196 -165.002197 90.740204 -179.999985 -179.999741 117.518127 179.999847 -179.999908 0.000000 -0.000000 0.000000 91.000000 179.999985 -179.999985 70.000008 179.999985 -179.999985 106.275444 179.999847 179.999985 0.000000 -0.000000 0.000000 90.984818 179.826355 170.001480 70.000015 -179.999985 -179.999985 99.999985 179.999985 -179.999985 0.000000 -0.000000 0.000000 90.939743 179.657990 160.002808 70.000008 -179.999985 -180.000000 100.000023 -180.000000 -180.000000
37.246521 86.064041 -448.195038 3.265994 -9.667856 -1.051514 171.012405 -169.826324 -173.454926 175.091019 -176.885406 -127.682709 7.134532 10.613453 8.241001 177.262161 171.027634 160.996964 179.217529 179.919937 -145.096466 1.028928 -11.480608 -15.676027 179.328262 178.522568 -177.257217 178.833038 178.499954 -177.310501 178.805527 173.109161 -177.934113 1.449349 0.123055 -4.855711 1.499197 0.148608 -5.664858 1.160278 -3.416292 -4.172543 6.741864 8.487420 3.909107 61.329792 10.118077 -11.554955 96.178352 54.529747 92.181412 173.118073 159.726532 179.085251 25.184418 26.650511 78.990646 11.828984 -0.002272 0.002573 7.878100 -0.001739 0.001486 0.000000 -0.000000 0.000000 76.923431 3.470511 14.602222 62.573303 0.000478 0.000870 43.801311 -0.000181 0.000671 0.000000 -0.000000 0.000000 89.000000 0.000002 -0.000002 94.724602 -0.000256 0.000570 63.086571 -0.000414 0.000015 0.000000 -0.000000 0.000000 89.015182 -0.173639 -9.998507 101.641090 -0.000576 0.000769 67.692993 -0.000610 -0.000170 0.000000 -0.000000 0.000000 89.060257 -0.342008 -19.997198 110.000023 0.000005 0.000013 79.999985 0.000003 -0.000011 171.850372 -176.104523 -178.660980 119.714363 167.871506 178.916809 97.111320 -117.321968 -97.450241 19.714987 -20.500330 -4.792060 153.996109 -144.184402 -106.446907 171.251038 179.998444 -179.996552 174.173187 179.998734 -179.997803 179.999985 179.999985 179.999985 90.965950 -179.741196 -165.002182 90.762169 -179.999847 -179.998535 117.533516 179.999130 -179.999451 179.999985 179.999985 179.999985 91.000000 -179.999985 179.999985 69.999977 179.999985 179.999985 106.298622 179.998947 179.999878 179.999985 179.999985 179.999985 90.984795 179.826355 170.001495 70.000008 -179.999985 -180.000000 100.000038 -179.999985 179.999985 179.999985 179.999985 179.999985 90.939705 179.657990 160.002792 70.000008 -179.999985 179.999985 100.000053 180.000000 -179.999985
37.338291 85.926277 -447.293457 3.629985 -9.510984 -1.201712 170.653290 -169.397797 -174.847214 174.742371 -177.616959 -124.721428 7.446342 9.954094 9.776461 176.754349 171.012070 160.968811 178.678574 -179.186951 -143.916641 1.526600 -10.499495 -16.539949 179.241745 178.580185 -177.163528 178.689270 178.554108 -177.218643 178.615860 173.379181 -177.861374 1.440316 0.122018 -4.840612 1.489857 0.147347 -5.647266 1.169368 -3.642455 -4.161619 6.926423 8.479799 3.911839 61.490635 9.327112 -11.711815 96.046684 54.446384 92.030235 173.192505 159.495316 179.216629 24.806261 26.244576 78.366035 12.158693 -0.001309 0.001763 8.097691 -0.001027 0.001034 0.000000 -0.000000 0.000000 76.710670 3.524890 14.589253 62.393948 0.000136 0.000210 43.675732 -0.000032 0.000171 0.000000 -0.000000 0.000000 88.999985 0.000008 0.000003 94.580223 0.000172 -0.000428 62.990463 0.000317 -0.000026 0.000000 -0.000000 0.000000 89.015205 -0.173631 -9.998516 101.441406 0.000263 -0.000423 67.559952 0.000333 0.000067 0.000000 -0.000000 0.000000 89.060280 -0.341997 -19.997208 109.999992 -0.000011 -0.000004 79.999985 0.000002 0.000002 171.799377 -175.954147 -178.745392 119.696854 168.795715 179.316574 97.020836 -116.978218 -97.090218 19.852356 -20.328871 -4.917994 153.692154 -143.461411 -105.975632 171.727615 179.999908 -179.999725 174.490616 179.999924 -179.999832 0.000000 0.000007 0.000000 90.965912 -179.741180 -165.002182 90.539780 179.999985 -179.999985 117.377815 179.999985 -179.999985 0.000000 0.000007 0.000000 91.000000 180.000000 179.999985 69.999969 -179.999985 179.999985 106.135307 -179.999939 -179.999985 0.000000 0.000007 0.000000 90.984825 179.826355 170.001495 70.000023 -179.999985 -179.999985 99.999969 -179.999985 -179.999985 0.000000 0.000007 0.000000 90.939705 179.658005 160.002808 70.000038 180.000000 180.000000 100.000008 179.999985 -180.000000
37.384319 85.781212 -446.352203 3.912601 -9.344782 -1.380592 170.551651 -168.954544 -176.083908 174.637421 -178.637512 -122.318474 7.446393 9.313490 10.287729 176.484344 171.125137 161.338318 178.439056 -178.875137 -143.004471 1.919917 -10.090693 -17.575123 179.175049 178.668167 -177.028992 178.579590 178.638687 -177.086990 178.461121 173.792664 -177.769455 1.444522 0.122829 -4.858002 1.494148 0.148365 -5.667540 1.165955 -3.537474 -4.175470 7.109152 8.595824 3.788354 61.568398 8.448319 -11.759265 95.763069 54.410175 91.732170 173.268936 159.261063 179.363541 24.817583 26.053188 78.289963 12.277925 0.000002 0.000000 8.177101 0.000000 -0.000001 180.000000 180.000000 -180.000000 76.692818 3.529205 14.588178 62.378963 -0.000002 0.000003 43.665279 0.000008 -0.000001 180.000000 180.000000 -180.000000 88.999985 0.000004 -0.000001 94.607689 -0.000005 0.000005 63.008747 0.000001 0.000001 180.000000 180.000000 -180.000000 89.015182 -0.173637 -9.998501 101.469765 0.000000 -0.000005 67.578873 -0.000004 0.000006 180.000000 180.000000 -180.000000 89.060280 -0.342002 -19.997198 109.999985 -0.000002 -0.000003 80.000000 0.000004 -0.000010 171.715179 -175.975784 -178.985382 119.797409 169.774521 179.728745 96.808708 -116.737793 -96.730057 20.036263 -20.107620 -5.083158 153.634552 -143.480927 -105.858421 171.743103 -179.999985 180.000000 174.500916 179.999985 180.000000 0.000000 -0.000000 0.000000 90.965919 -179.741196 -165.002182 90.538651 179.999985 -179.999985 117.377045 -179.999985 -179.999985 0.000000 -0.000000 0.000000 91.000000 179.999985 179.999985 70.000015 -180.000000 179.999985 106.138504 -179.999985 -179.999985 0.000000 -0.000000 0.000000 90.984818 179.826355 170.001495 70.000008 180.000000 180.000000 100.000000 180.000000 -179.999985 0.000000 -0.000000 0.000000 90.939705 179.657990 160.002808 70.000008 -179.999985 -179.999985 100.000008 179.999985 -179.999985
37.441494 85.634300 -445.414062 4.205649 -9.184685 -1.564004 170.423416 -168.493958 -177.333725 174.560577 -179.651779 -119.856407 7.486652 8.655298 10.956310 176.183151 171.254791 161.676376 178.175415 -178.547668 -142.052841 2.319110 -9.614499 -18.606672 179.105316 178.751602 -176.895691 178.464645 178.718445 -176.956329 178.301865 174.183136 -177.676514 1.448270 0.123555 -4.873265 1.497988 0.149259 -5.685347 1.163931 -3.463031 -4.188047 7.292807 8.697578 3.681874 61.653400 7.584260 -11.813115 95.495697 54.380249 91.447243 173.344040 159.024796 179.506531 24.826870 25.859995 78.218948 12.396679 -0.000221 0.000298 8.256184 -0.000174 0.000178 0.000000 -0.000000 0.000000 76.673714 3.534213 14.587009 62.362804 0.000022 0.000029 43.653969 0.000002 0.000023 0.000000 -0.000000 0.000000 89.000015 -0.000005 -0.000001 94.632332 0.000027 -0.000122 63.025127 0.000077 -0.000017 0.000000 -0.000000 0.000000 89.015205 -0.173643 -9.998501 101.495346 0.000055 -0.000116 67.595917 0.000085 0.000008 0.000000 -0.000000 0.000000 89.060295 -0.342003 -19.997194 109.999992 0.000004 0.000006 80.000000 -0.000002 0.000012 171.635117 -175.976730 -179.212341 119.885147 170.741837 -179.847672 96.609116 -116.480476 -96.359848 20.216599 -19.889484 -5.243744 153.591385 -143.501434 -105.770195 171.752640 179.999954 -179.999863 174.507263 179.999969 -179.999924 0.000000 -0.000000 0.000000 90.965919 -179.741196 -165.002182 90.538521 -179.999985 -179.999985 117.376953 179.999985 -179.999985 0.000000 -0.000000 0.000000 90.999992 -179.999985 180.000000 70.000023 180.000000 180.000000 106.142128 -179.999985 179.999985 0.000000 -0.000000 0.000000 90.984802 179.826370 170.001480 70.000008 -179.999985 -179.999985 100.000000 -180.000000 -179.999985 0.000000 -0.000000 0.000000 90.939705 179.658005 160.002792 70.000015 -179.999985 -180.000000 100.000000 179.999985 -180.000000
37.464516 85.488945 -444.460205 4.464825 -9.001297 -1.738330 170.408707 -168.080704 -178.536514 174.597809 179.272614 -117.587364 7.459468 8.032205 11.170078 175.992371 171.321075 162.144119 177.966461 -178.230835 -141.210037 2.633486 -9.279430 -19.655712 179.045578 178.853851 -176.753555 178.367264 178.817169 -176.817032 178.159286 174.661285 -177.581894 1.454460 0.124722 -4.899043 1.504355 0.150683 -5.715408 1.156235 -3.281935 -4.209111 7.467879 8.866263 3.523630 61.699249 6.674299 -11.850539 95.175560 54.333347 91.125542 173.414398 158.789734 179.656662 24.867729 25.629295 78.176918 12.530396 -0.000460 0.000578 8.345252 -0.000351 0.000336 0.000000 -0.000000 0.000000 76.664635 3.536685 14.586415 62.355118 0.000076 0.000086 43.648579 -0.000003 0.000080 0.000000 -0.000000 0.000000 89.000000 0.000006 -0.000004 94.674332 0.000048 -0.000240 63.053108 0.000166 -0.000042 0.000000 -0.000000 0.000000 89.015205 -0.173636 -9.998509 101.535545 0.000124 -0.000269 67.622681 0.000204 0.000005 0.000000 -0.000000 0.000000 89.060280 -0.342008 -19.997187 110.000015 0.000007 0.000004 79.999962 -0.000002 0.000007 171.537674 -176.066422 -179.502350 120.010414 171.731384 -179.435303 96.369209 -116.279022 -95.999825 20.413635 -19.663214 -5.403676 153.448700 -143.485962 -105.530434 171.812012 -179.999985 179.999985 174.546814 -180.000000 179.999985 0.000003 0.000003 -0.000007 90.965919 -179.741180 -165.002182 90.530304 179.999985 179.999985 117.371216 -179.999985 179.999985 0.000003 0.000003 -0.000007 91.000000 -179.999985 179.999985 70.000008 -179.999985 -179.999985 106.145950 179.999985 -179.999985 0.000003 0.000003 -0.000007 90.984802 179.826370 170.001480 70.000015 179.999985 179.999985 100.000023 -179.999985 179.999985 0.000003 0.000003 -0.000007 90.939751 179.657990 160.002808 69.999992 180.000000 -179.999985 100.000008 -179.999985 -179.999985
37.447037 85.351418 -443.500244 4.683355 -8.795621 -1.892586 170.493637 -167.839844 -179.696686 174.764999 178.301041 -115.474892 7.337066 7.533224 10.937420 175.929840 171.337723 162.704910 177.892548 -178.165421 -140.517639 2.936829 -9.306742 -20.662743 178.995712 178.970749 -176.609680 178.287170 178.930771 -176.675964 178.033371 175.207489 -177.489822 1.462537 0.126056 -4.925658 1.512705 0.152290 -5.746451 1.142665 -3.002885 -4.230454 7.650791 9.083119 3.316911 61.697937 5.710735 -11.891495 94.798843 54.267929 90.778435 173.498856 158.560593 179.822067 24.917887 25.422642 78.113083 12.658092 -0.000511 0.000607 8.430299 -0.000396 0.000352 0.000000 -0.000000 0.000000 76.666954 3.536607 14.586411 62.356998 0.000363 0.000403 43.649899 -0.000009 0.000390 0.000000 -0.000000 0.000000 89.000000 0.000011 -0.000009 94.719963 0.000038 -0.000226 63.083492 0.000154 -0.000046 0.000000 -0.000000 0.000000 89.015205 -0.173639 -9.998502 101.587715 0.000106 -0.000259 67.657402 0.000187 -0.000006 0.000000 -0.000000 0.000000 89.060280 -0.342000 -19.997206 109.999985 -0.000008 -0.000011 80.000000 0.000009 -0.000006 171.439484 -176.217300 -179.837448 120.160484 172.751236 -179.071045 96.101067 -116.159935 -95.663132 20.632723 -19.417418 -5.579674 153.394547 -143.587479 -105.366051 171.801147 179.999924 -179.999847 174.539566 179.999939 -179.999893 0.000000 -0.000000 0.000000 90.965935 -179.741196 -165.002182 90.541451 -179.999969 -179.999832 117.379013 179.999893 -179.999924 0.000000 -0.000000 0.000000 90.999969 179.999985 -179.999985 70.000008 -179.999985 -179.999985 106.150696 179.999802 180.000000 0.000000 -0.000000 0.000000 90.984795 179.826355 170.001495 70.000008 -179.999985 -179.999985 99.999992 179.999985 -180.000000 0.000000 -0.000000 0.000000 90.939713 179.657990 160.002808 69.999992 180.000000 180.000000 100.000023 -179.999985 -179.999985
37.392258 85.226662 -442.534821 4.864344 -8.574841 -2.027531 170.666000 -167.540070 179.115082 175.064743 177.329132 -113.367355 7.139886 7.061612 9.960064 175.939713 171.307144 163.345963 177.893524 -178.215118 -139.922470 3.266832 -9.522273 -21.674856 178.951401 179.092499 -176.463699 178.216843 179.049316 -176.532806 177.916550 175.776382 -177.398056 1.470379 0.127468 -4.957817 1.520824 0.153986 -5.783947 1.129181 -2.718162 -4.256179 7.873788 9.265158 3.054758 61.646168 4.657769 -11.931581 94.349655 54.183117 90.397202 173.590683 158.337906 -179.985397 24.924673 25.339144 77.972435 12.737488 -0.000489 0.000534 8.483170 -0.000373 0.000302 179.999985 179.999985 180.000000 76.660339 3.539551 14.585737 62.351143 0.001017 0.001170 43.645805 -0.000038 0.001088 179.999985 179.999985 180.000000 89.000000 -0.000001 0.000004 94.776428 -0.000100 0.000532 63.121105 -0.000352 0.000093 179.999985 179.999985 180.000000 89.015205 -0.173642 -9.998493 101.658104 -0.000274 0.000659 67.704292 -0.000477 -0.000003 179.999985 179.999985 180.000000 89.060310 -0.342005 -19.997194 109.999977 -0.000012 -0.000017 79.999985 -0.000011 0.000005 171.364822 -176.294418 179.826721 120.344002 173.894623 -178.763168 95.869263 -116.068695 -95.435440 20.881060 -19.160130 -5.770671 153.291672 -143.725555 -105.145660 171.780670 179.999527 -179.999084 174.525925 179.999619 -179.999435 0.000000 0.000003 0.000000 90.965919 -179.741196 -165.002182 90.548195 -179.999908 -179.999298 117.383751 179.999588 -179.999725 0.000000 0.000003 0.000000 90.999977 179.999985 179.999985 69.999992 179.999985 179.999985 106.154861 179.999298 179.999969 0.000000 0.000003 0.000000 90.984779 179.826355 170.001480 69.999977 -179.999985 -179.999985 100.000053 -180.000000 -179.999985 0.000000 0.000003 0.000000 90.939713 179.657990 160.002808 69.999977 -179.999985 -179.999985 100.000008 180.000000 -179.999985
37.297077 85.147728 -441.609558 4.992034 -8.310897 -2.020112 170.955093 -167.573898 177.821075 175.374512 177.006516 -111.736046 6.596921 6.791773 8.293315 175.875671 171.274612 163.847046 177.812225 -178.032944 -139.551834 3.588196 -9.496890 -22.440516 178.919174 179.224243 -176.380676 178.168579 179.179031 -176.451584 177.816620 176.393265 -177.356598 1.480581 0.128793 -4.973458 1.531341 0.155599 -5.802192 1.102585 -2.255969 -4.266815 8.098093 9.444803 2.840548 61.597603 3.633907 -12.098296 93.828445 54.019016 89.929367 173.754669 158.153625 -179.798553 24.699247 25.450333 77.554504 12.766928 0.000002 -0.000000 8.502767 -0.000000 0.000000 180.000000 179.999985 179.999985 76.575378 3.559706 14.580927 62.279858 0.000001 0.000005 43.595905 0.000004 -0.000010 180.000000 179.999985 179.999985 89.000000 0.000001 0.000006 94.751740 0.000003 -0.000002 63.104664 -0.000006 -0.000004 180.000000 179.999985 179.999985 89.015182 -0.173636 -9.998502 101.625931 0.000002 0.000003 67.682892 0.000006 -0.000009 180.000000 179.999985 179.999985 89.060295 -0.342001 -19.997194 109.999977 -0.000002 -0.000003 80.000000 -0.000000 0.000000 171.331985 -176.353363 179.604370 120.506882 175.113541 -178.838730 95.744591 -116.188278 -95.264153 21.075726 -18.922726 -5.987130 153.086609 -143.785202 -104.785606 171.825256 -179.999985 179.999985 174.555618 -179.999985 180.000000 0.000000 -0.000000 0.000000 90.965935 -179.741196 -165.002182 90.517479 -179.999985 179.999985 117.362267 179.999985 -179.999985 0.000000 -0.000000 0.000000 90.999992 179.999985 179.999985 70.000008 179.999985 179.999985 106.124313 180.000000 -179.999985 0.000000 -0.000000 0.000000 90.984818 179.826370 170.001480 70.000023 179.999985 179.999985 100.000008 -180.000000 -180.000000 0.000000 -0.000000 0.000000 90.939743 179.658005 160.002792 70.000015 180.000000 180.000000 100.000000 179.999985 -179.999985
37.206367 85.063522 -440.679016 5.115159 -8.057564 -2.018275 171.227631 -167.593292 176.569626 175.714020 176.659882 -110.071762 6.045754 6.503507 6.678933 175.831131 171.243698 164.349686 177.760757 -177.906479 -139.168732 3.907599 -9.524542 -23.217896 178.888474 179.357117 -176.295227 178.122604 179.309875 -176.367844 177.721542 177.014694 -177.312439 1.493648 0.130373 -4.988481 1.544854 0.157487 -5.819737 1.073607 -1.757168 -4.278459 8.323290 9.651605 2.628114 61.531746 2.629759 -12.237906 93.320114 53.901932 89.490013 173.934540 157.967010 -179.602890 24.546171 25.578939 77.221924 12.769629 -0.000570 0.000549 8.504565 -0.000437 0.000306 0.000003 -0.000003 0.000007 76.528351 3.572913 14.577838 62.239941 0.000492 0.000632 43.567959 -0.000059 0.000554 0.000003 -0.000003 0.000007 89.000000 -0.000002 0.000007 94.759399 -0.000166 0.000617 63.109753 -0.000411 0.000088 0.000003 -0.000003 0.000007 89.015213 -0.173644 -9.998510 101.633781 -0.000362 0.000718 67.688095 -0.000537 -0.000039 0.000003 -0.000003 0.000007 89.060295 -0.342008 -19.997190 110.000015 0.000003 -0.000002 80.000008 -0.000000 -0.000005 171.296417 -176.437286 179.370132 120.678444 176.291275 -178.886475 95.600800 -116.295570 -95.091011 21.279690 -18.690655 -6.189864 152.927948 -143.911072 -104.508392 171.820190 179.999329 -179.998932 174.552246 179.999496 -179.999329 0.000000 -0.000000 0.000000 90.965958 -179.741196 -165.002167 90.507072 -179.999939 -179.999542 117.354904 179.999725 -179.999832 0.000000 -0.000000 0.000000 91.000015 -179.999985 179.999985 69.999992 179.999985 179.999985 106.109711 179.999603 179.999969 0.000000 -0.000000 0.000000 90.984810 179.826370 170.001495 69.999992 179.999985 179.999985 100.000008 179.999985 -179.999985 0.000000 -0.000000 0.000000 90.939705 179.657990 160.002808 70.000008 179.999985 179.999985 100.000008 -179.999985 179.999985
37.099663 84.995323 -439.765564 5.252593 -7.758301 -1.980986 171.539078 -167.726471 175.141602 176.064621 176.516510 -108.434372 5.444265 6.157446 4.838355 175.727966 171.222473 164.849930 177.601425 -177.558411 -138.822739 4.227561 -9.305996 -23.963234 178.854248 179.491745 -176.220581 178.071213 179.442474 -176.294754 177.616776 177.644791 -177.276993 1.496424 0.131098 -5.004592 1.547709 0.158351 -5.838550 1.046949 -1.379197 -4.292032 8.563398 9.777267 2.413407 61.493374 1.534886 -12.487812 92.769936 53.593727 89.011421 174.042938 157.793808 -179.431091 23.958963 25.395100 76.194603 13.055285 0.001143 -0.001383 8.694823 0.000903 -0.000798 0.000000 -0.000000 0.000000 76.223801 3.651874 14.558721 61.983036 0.000416 0.000640 43.388107 -0.000083 0.000533 0.000000 -0.000000 0.000000 89.000000 -0.000005 -0.000005 94.547386 -0.000140 0.000371 62.968559 -0.000260 0.000029 0.000000 -0.000000 0.000000 89.015213 -0.173646 -9.998512 101.365044 -0.000222 0.000354 67.509094 -0.000272 -0.000042 0.000000 -0.000000 0.000000 89.060303 -0.342016 -19.997202 110.000015 0.000006 -0.000004 80.000000 -0.000010 0.000005 171.277069 -176.431335 179.172363 120.877914 177.625305 -179.070160 95.505508 -116.471695 -94.920280 21.465155 -18.440376 -6.432759 152.358856 -143.526062 -103.607552 172.217255 -179.999725 179.999481 174.816696 -179.999786 179.999680 180.000000 180.000000 -180.000000 90.965919 -179.741196 -165.002182 90.323280 179.999985 179.999710 117.226318 -179.999817 179.999878 180.000000 180.000000 -180.000000 90.999969 179.999985 -179.999985 70.000031 -179.999985 -179.999985 105.959709 -179.999847 -179.999985 180.000000 180.000000 -180.000000 90.984772 179.826370 170.001480 70.000008 179.999985 179.999985 100.000023 179.999985 -180.000000 180.000000 180.000000 -180.000000 90.939705 179.657990 160.002808 70.000008 -179.999985 179.999985 100.000000 179.999985 -179.999985
36.982147 84.941132 -438.868988 5.404652 -7.453960 -1.943876 171.836365 -167.903854 173.647141 176.401321 176.541245 -106.934044 4.855204 5.767280 3.003810 175.586700 171.047043 165.339066 177.338684 -176.961945 -138.503448 4.545189 -8.945151 -24.648197 178.815704 179.614548 -176.150330 178.012344 179.563049 -176.225983 177.504364 178.219864 -177.243576 1.492977 0.131322 -5.023077 1.544124 0.158617 -5.860121 1.023764 -1.099819 -4.308141 8.801766 9.818974 2.218058 61.494297 0.432929 -12.821855 92.179367 53.196541 88.464676 174.125488 157.617920 -179.289124 23.658396 25.792814 75.816757 12.909109 0.002165 -0.002826 8.597476 0.001710 -0.001651 0.000000 -0.000000 0.000003 76.113182 3.680812 14.551711 61.889690 0.000492 0.000853 43.322742 -0.000161 0.000664 0.000000 -0.000000 0.000003 88.999977 -0.000001 0.000004 94.493980 -0.000141 0.000321 62.932972 -0.000227 0.000005 0.000000 -0.000000 0.000003 89.015182 -0.173635 -9.998503 101.312607 -0.000252 0.000361 67.474236 -0.000292 -0.000067 0.000000 -0.000000 0.000003 89.060265 -0.342006 -19.997200 109.999992 0.000008 -0.000001 80.000000 -0.000005 0.000014 171.274231 -176.341644 179.014664 121.104660 179.034439 -179.304535 95.480385 -116.656830 -94.779770 21.632240 -18.168642 -6.717102 152.157272 -143.783890 -103.290512 172.150574 -179.999573 179.999207 174.772293 -179.999664 179.999496 0.000000 -0.000007 0.000000 90.965958 -179.741196 -165.002182 90.333916 179.999969 179.998978 117.233734 -179.999374 179.999634 0.000000 -0.000007 0.000000 91.000023 180.000000 -179.999985 69.999992 -179.999985 -179.999985 105.961243 -179.999374 -179.999908 0.000000 -0.000007 0.000000 90.984779 179.826355 170.001511 70.000008 -179.999985 -179.999985 99.999985 -179.999985 180.000000 0.000000 -0.000007 0.000000 90.939720 179.657990 160.002808 69.999992 180.000000 -179.999985 100.000008 180.000000 180.000000
36.858757 84.900871 -437.988861 5.585767 -7.136050 -1.913976 172.117218 -168.114853 172.074097 176.635818 176.733902 -105.625137 4.320021 5.377676 1.290461 175.376205 171.003647 165.816345 177.065475 -176.370041 -138.198059 4.854822 -8.436673 -25.298779 178.769669 179.725098 -176.082413 177.940613 179.671021 -176.159515 177.377792 178.737808 -177.210938 1.481671 0.130969 -5.046793 1.532419 0.158179 -5.887798 1.006589 -0.962205 -4.329222 9.024321 9.760255 2.042656 61.557526 -0.664920 -13.239693 91.544998 52.713634 87.818840 174.171265 157.438919 -179.172043 23.365576 26.179499 75.510994 12.749852 0.003401 -0.004788 8.491400 0.002700 -0.002828 0.000000 0.000003 0.000000 75.977325 3.714705 14.542974 61.775326 -0.000017 -0.000038 43.242733 0.000001 -0.000022 0.000000 0.000003 0.000000 88.999962 0.000005 -0.000000 94.419861 0.000460 -0.000905 62.883617 0.000667 0.000012 0.000000 0.000003 0.000000 89.015167 -0.173640 -9.998499 101.224571 0.000736 -0.000918 67.415588 0.000752 0.000218 0.000000 0.000003 0.000000 89.060234 -0.342000 -19.997190 110.000038 0.000005 0.000013 79.999962 -0.000001 -0.000001 171.287567 -176.164673 178.896881 121.360825 -179.487488 -179.569702 95.524124 -116.833145 -94.667938 21.769876 -17.904768 -7.014160 152.021576 -144.020203 -103.012589 172.092499 -179.999359 179.998840 174.733612 -179.999512 179.999283 0.000000 -0.000000 0.000000 90.965897 -179.741211 -165.002182 90.374588 179.999939 179.997971 117.262207 -179.998749 179.999298 0.000000 -0.000000 0.000000 90.999969 179.999985 -179.999985 69.999992 179.999985 179.999985 105.982704 -179.998657 -179.999802 0.000000 -0.000000 0.000000 90.984795 179.826355 170.001495 70.000015 179.999985 179.999985 100.000008 -179.999985 179.999985 0.000000 -0.000000 0.000000 90.939728 179.657990 160.002792 69.999947 179.999985 -179.999985 100.000023 -180.000000 -179.999985
36.707638 84.913498 -437.128876 5.757457 -6.770426 -1.916792 172.423798 -168.358109 170.522232 176.645660 177.038834 -104.955009 3.913102 5.093588 -0.317638 175.184082 171.222061 166.368500 176.929291 -176.023422 -138.056686 5.115325 -7.988723 -25.883505 178.722733 179.826324 -176.015686 177.867676 179.769592 -176.094437 177.249786 179.212936 -177.181290 1.472803 0.130788 -5.068652 1.523219 0.157967 -5.913307 1.001997 -0.967617 -4.348250 9.178242 9.650069 1.949314 61.752033 -1.762360 -13.792100 90.927147 52.181854 87.041489 174.180237 157.223251 -179.060623 23.275831 26.571684 75.489952 12.544783 -0.000007 0.000002 8.354828 0.000003 0.000001 0.000000 -0.000000 0.000000 75.978996 3.714329 14.543094 61.776691 0.000005 -0.000009 43.243717 -0.000006 -0.000003 0.000000 -0.000000 0.000000 89.000000 0.000000 0.000005 94.455894 -0.000000 0.000000 62.907593 0.000001 -0.000008 0.000000 -0.000000 0.000000 89.015205 -0.173639 -9.998502 101.265228 -0.000002 -0.000003 67.442619 0.000001 0.000001 0.000000 -0.000000 0.000000 89.060272 -0.342001 -19.997187 110.000023 0.000004 0.000006 79.999985 -0.000002 0.000007 171.313080 -176.021820 178.796997 121.597328 -177.956146 -179.738342 95.569443 -116.967506 -94.519989 21.864527 -17.633368 -7.284428 152.020844 -144.186340 -102.910881 172.034363 -179.999985 180.000000 174.694885 -180.000000 -180.000000 0.000000 -0.000000 0.000000 90.965919 -179.741196 -165.002182 90.450729 179.999985 -179.999985 117.315521 180.000000 180.000000 0.000000 -0.000000 0.000000 91.000000 -180.000000 -179.999985 70.000008 -179.999985 -179.999985 106.033455 -179.999985 179.999985 0.000000 -0.000000 0.000000 90.984810 179.826355 170.001495 70.000015 -179.999985 -180.000000 100.000008 -179.999985 180.000000 0.000000 -0.000000 0.000000 90.939713 179.657990 160.002808 70.000008 -179.999985 -179.999985 100.000000 179.999985 -180.000000
36.560059 84.918259 -436.268280 5.935289 -6.409536 -1.915563 172.704193 -168.622864 168.962280 176.673477 177.346909 -104.201660 3.491662 4.779692 -1.924508 174.986282 171.419022 166.906372 176.771286 -175.643799 -137.883514 5.374548 -7.511223 -26.474005 178.674942 179.926544 -175.948044 177.792908 179.867035 -176.028214 177.120560 179.682571 -177.149292 1.462320 0.130389 -5.090828 1.512368 0.157482 -5.939175 0.996739 -0.977273 -4.367626 9.342682 9.529652 1.844630 61.940098 -2.856974 -14.345345 90.296181 51.639839 86.285538 174.202942 157.004913 -178.948532 23.193558 26.988644 75.442070 12.332546 0.000446 -0.000761 8.213483 0.000365 -0.000459 0.000000 -0.000000 0.000000 75.985352 3.712767 14.543503 61.782051 0.000022 0.000057 43.247417 -0.000009 0.000041 0.000000 -0.000000 0.000000 89.000031 -0.000001 0.000004 94.497528 0.000031 -0.000057 62.935352 0.000040 0.000000 0.000000 -0.000000 0.000000 89.015205 -0.173645 -9.998507 101.310493 0.000067 -0.000086 67.472778 0.000071 0.000019 0.000000 -0.000000 0.000000 89.060310 -0.342008 -19.997192 109.999992 0.000006 0.000008 80.000000 -0.000005 -0.000000 171.340103 -175.862793 178.696106 121.859100 -176.425323 -179.919968 95.619362 -117.111847 -94.381111 21.967249 -17.362566 -7.560208 152.006973 -144.362778 -102.795738 171.974945 -179.999908 179.999832 174.655319 -179.999924 179.999893 0.000000 -0.000000 0.000000 90.965912 -179.741180 -165.002197 90.525284 179.999985 179.999634 117.367676 -179.999771 179.999863 0.000000 -0.000000 0.000000 91.000000 -179.999985 179.999985 69.999985 179.999985 -180.000000 106.083580 -179.999756 -179.999985 0.000000 -0.000000 0.000000 90.984795 179.826370 170.001480 70.000008 179.999985 179.999985 100.000008 180.000000 -179.999985 0.000000 -0.000000 0.000000 90.939728 179.657990 160.002792 69.999985 179.999985 -179.999985 100.000008 180.000000 180.000000
36.398590 84.943810 -435.413513 6.109613 -6.018674 -1.925681 172.992661 -168.879456 167.385330 176.617874 177.663635 -103.676552 3.082105 4.504255 -3.553363 174.808289 171.692886 167.491776 176.666565 -175.336441 -137.772995 5.608946 -7.070506 -27.058434 178.627533 -179.966797 -175.880234 177.719223 179.970932 -175.961761 176.990036 -179.817551 -177.118546 1.456331 0.130346 -5.112079 1.506166 0.157429 -5.963961 0.994110 -0.983351 -4.385854 9.477460 9.436117 1.779060 62.187077 -3.977083 -14.958266 89.681313 51.028393 85.512741 174.133057 156.778412 -178.860382 23.089315 27.343037 75.497681 12.121825 0.000631 -0.001095 8.073138 0.000523 -0.000664 180.000000 179.999985 179.999985 75.948547 3.721977 14.541113 61.751064 -0.000077 -0.000157 43.225773 0.000036 -0.000129 180.000000 179.999985 179.999985 89.000015 -0.000006 0.000004 94.493889 0.000247 -0.000433 62.932919 0.000329 0.000025 180.000000 179.999985 179.999985 89.015213 -0.173648 -9.998509 101.319466 0.000338 -0.000396 67.478737 0.000326 0.000123 180.000000 179.999985 179.999985 89.060295 -0.342001 -19.997198 109.999992 -0.000002 -0.000003 80.000000 0.000003 -0.000011 171.364929 -175.748611 178.594604 122.123535 -174.855682 179.918274 95.653862 -117.250046 -94.216515 22.060471 -17.083393 -7.828548 152.058502 -144.542023 -102.778496 171.892960 179.999985 -179.999969 174.600708 179.999985 -179.999985 0.000000 -0.000000 0.000000 90.965919 -179.741196 -165.002197 90.619827 179.999969 179.999420 117.433891 -179.999634 179.999802 0.000000 -0.000000 0.000000 91.000000 179.999985 -179.999985 70.000015 179.999985 180.000000 106.146469 -179.999649 -179.999969 0.000000 -0.000000 0.000000 90.984779 179.826370 170.001495 70.000031 -179.999985 -179.999985 100.000008 -179.999985 179.999985 0.000000 -0.000000 0.000000 90.939720 179.657990 160.002808 70.000023 180.000000 180.000000 100.000000 180.000000 180.000000
36.225723 84.993614 -434.565369 6.247251 -5.651790 -1.945825 173.265686 -169.099075 166.001846 176.469849 177.966003 -103.444527 2.640471 4.354348 -5.056657 174.678604 171.992065 168.054916 176.670029 -175.212769 -137.748215 5.826183 -6.812679 -27.571320 178.586838 -179.864105 -175.819824 177.656723 -179.928787 -175.902603 176.874588 -179.336121 -177.093124 1.459378 0.131064 -5.130448 1.509305 0.158297 -5.985372 0.995386 -0.967214 -4.401364 9.575035 9.415934 1.769664 62.452408 -4.975694 -15.534791 89.124107 50.598587 84.756256 174.130707 156.563446 -178.758148 23.107229 27.607420 75.663651 11.945120 0.000226 -0.000354 7.955447 0.000179 -0.000213 180.000000 -179.999985 -179.999985 76.013184 3.706107 14.545332 61.805424 0.000224 0.000444 43.263802 -0.000095 0.000333 180.000000 -179.999985 -179.999985 89.000038 -0.000004 -0.000013 94.584061 -0.000085 0.000134 62.993011 -0.000106 0.000003 180.000000 -179.999985 -179.999985 89.015244 -0.173645 -9.998508 101.422836 -0.000322 0.000361 67.547585 -0.000292 -0.000113 180.000000 -179.999985 -179.999985 89.060303 -0.342014 -19.997202 110.000023 0.000000 0.000012 80.000000 0.000005 -0.000009 171.390182 -175.726364 178.499039 122.344940 -173.443497 179.802628 95.661247 -117.375000 -94.053886 22.142187 -16.831680 -8.045479 152.175491 -144.835190 -102.916595 171.712875 179.997391 -179.996399 174.480774 179.998047 -179.997772 0.000000 -0.000000 0.000000 90.965950 -179.741196 -165.002182 90.723137 -179.999985 -179.999985 117.506218 179.999985 180.000000 0.000000 -0.000000 0.000000 91.000000 -179.999985 179.999985 69.999992 -179.999985 179.999985 106.217964 179.999756 179.999985 0.000000 -0.000000 0.000000 90.984810 179.826355 170.001495 69.999985 -179.999985 -179.999985 100.000038 180.000000 -179.999985 0.000000 -0.000000 0.000000 90.939728 179.658005 160.002792 70.000015 179.999985 179.999985 100.000023 -180.000000 -179.999985
36.044941 85.073105 -433.709564 6.334635 -5.248015 -1.964206 173.629456 -169.213074 164.611832 176.222244 178.251053 -103.608833 2.080247 4.325264 -6.661573 174.559311 172.508331 168.772766 176.836533 -175.309692 -137.927002 6.029785 -6.633110 -28.050953 178.555618 -179.752029 -175.760696 177.610687 -179.818665 -175.844681 176.776978 -178.810837 -177.069809 1.469604 0.132539 -5.151512 1.519858 0.160083 -6.009942 0.998268 -0.913776 -4.418940 9.663093 9.410257 1.783554 62.755955 -6.083628 -16.090174 88.620758 50.278725 84.038109 174.146881 156.367676 -178.654312 22.631630 27.364935 75.049171 12.158405 0.002969 -0.005985 8.097498 0.002506 -0.003678 0.000003 -0.000000 0.000000 75.800835 3.756712 14.531429 61.627228 -0.001355 -0.002609 43.139050 0.000551 -0.001978 0.000003 -0.000000 0.000000 89.000000 0.000001 0.000011 94.422218 0.001878 -0.003330 62.885178 0.002529 0.000105 0.000003 -0.000000 0.000000 89.015205 -0.173639 -9.998507 101.212563 0.002950 -0.003311 67.407562 0.002775 0.000993 0.000003 -0.000000 0.000000 89.060295 -0.342002 -19.997210 110.000000 -0.000003 -0.000010 79.999969 -0.000001 -0.000001 171.427475 -175.731628 178.415039 122.532074 -171.936417 179.691986 95.593185 -117.497452 -93.825317 22.230934 -16.575787 -8.262169 151.794250 -144.018387 -102.105370 172.339294 -179.998932 179.998032 174.897980 -179.999191 179.998749 0.000000 -0.000000 0.000000 90.965912 -179.741196 -165.002197 90.624939 179.999725 179.997375 117.437477 -179.998474 179.998962 0.000000 -0.000000 0.000000 90.999992 179.999985 -179.999985 69.999977 179.999985 179.999985 106.126999 -179.998291 -179.999924 0.000000 -0.000000 0.000000 90.984795 179.826370 170.001480 70.000023 -179.999985 -179.999985 100.000038 -179.999985 -180.000000 0.000000 -0.000000 0.000000 90.939735 179.657990 160.002823 70.000008 -179.999985 -179.999985 100.000008 -179.999985 179.999985
35.879211 85.241165 -432.801483 6.297834 -4.893331 -1.966568 174.091980 -169.465515 163.459030 175.868469 178.737411 -104.523788 1.706255 4.389509 -7.942024 174.440414 172.886780 169.753372 177.191833 -175.350159 -138.566772 6.151493 -6.592419 -28.299322 178.558319 -179.644501 -175.724899 177.620987 -179.711136 -175.809448 176.754944 -178.307785 -177.058655 1.484454 0.134522 -5.175067 1.535170 0.162500 -6.037407 0.998909 -0.795890 -4.438428 9.706108 9.411199 1.811858 63.050480 -7.217278 -16.477015 88.340118 50.141884 83.574310 174.164154 156.247009 -178.594376 22.670601 27.799364 75.185097 11.908687 0.000003 0.000003 7.931189 -0.000004 0.000002 0.000000 -0.000000 0.000000 75.943954 3.723397 14.540820 61.747158 0.000005 -0.000001 43.223019 -0.000000 0.000000 0.000000 -0.000000 0.000000 89.000015 0.000002 0.000002 94.567146 -0.000005 -0.000005 62.981743 -0.000004 -0.000006 0.000000 -0.000000 0.000000 89.015205 -0.173638 -9.998514 101.372749 -0.000003 0.000002 67.514252 -0.000002 -0.000006 0.000000 -0.000000 0.000000 89.060295 -0.342001 -19.997206 110.000015 -0.000007 -0.000004 79.999985 0.000002 -0.000007 171.467087 -175.757996 178.379135 122.596649 -170.586182 179.616089 95.374077 -117.514648 -93.460327 22.297712 -16.352917 -8.455955 151.821228 -144.266785 -102.089973 172.215744 179.999985 180.000000 174.815689 -180.000000 -180.000000 0.000000 -0.000000 0.000000 90.965919 -179.741196 -165.002182 90.722610 -179.999985 179.999985 117.505836 180.000000 179.999985 0.000000 -0.000000 0.000000 91.000015 -179.999985 179.999985 70.000000 180.000000 180.000000 106.190956 179.999985 -179.999985 0.000000 -0.000000 0.000000 90.984802 179.826370 170.001480 70.000023 -179.999985 -179.999985 100.000008 179.999985 -179.999985 0.000000 -0.000000 0.000000 90.939705 179.657990 160.002808 70.000015 179.999985 179.999985 100.000023 -179.999985 180.000000
35.709801 85.398415 -431.901031 6.275232 -4.528497 -1.972023 174.534576 -169.710663 162.280243 175.510742 179.192307 -105.348175 1.284227 4.455156 -9.278065 174.322540 173.285172 170.702026 177.521561 -175.407776 -139.145294 6.285763 -6.531973 -28.579952 178.556900 -179.535568 -175.685043 177.624390 -179.602493 -175.770294 176.723389 -177.798080 -177.044754 1.500201 0.136574 -5.198690 1.551431 0.164976 -6.064962 1.000160 -0.677680 -4.458256 9.755219 9.415378 1.839352 63.350666 -8.348528 -16.887724 88.026230 49.989838 83.081352 174.187347 156.114899 -178.528519 22.716013 28.221878 75.311844 11.666657 0.000505 -0.001109 7.769992 0.000437 -0.000687 180.000000 -179.999985 179.999985 76.085426 3.686150 14.549948 61.866657 -0.000226 -0.000426 43.306633 0.000096 -0.000315 180.000000 -179.999985 179.999985 89.000000 -0.000002 -0.000007 94.713638 0.000301 -0.000500 63.079285 0.000394 0.000017 180.000000 -179.999985 179.999985 89.015182 -0.173645 -9.998512 101.534698 0.000463 -0.000502 67.622093 0.000437 0.000157 180.000000 -179.999985 179.999985 89.060280 -0.342008 -19.997200 110.000015 -0.000001 -0.000008 80.000000 -0.000006 0.000004 171.507202 -175.786209 178.335007 122.687057 -169.213623 179.530807 95.169884 -117.555450 -93.110435 22.372583 -16.125696 -8.651364 151.843414 -144.506256 -102.065094 172.100204 -179.999817 179.999603 174.738754 -179.999847 179.999756 180.000000 180.000000 -180.000000 90.965935 -179.741180 -165.002182 90.820747 179.999954 179.999588 117.574547 -179.999756 179.999847 180.000000 180.000000 -180.000000 91.000038 -179.999985 179.999985 69.999992 -179.999985 180.000000 106.254723 -179.999725 -179.999985 180.000000 180.000000 -180.000000 90.984818 179.826355 170.001480 70.000015 179.999985 179.999985 100.000023 179.999985 -179.999985 180.000000 180.000000 -180.000000 90.939728 179.657990 160.002792 70.000023 -179.999985 179.999985 100.000008 179.999985 -179.999985
35.550983 85.589539 -430.979156 6.207235 -4.187509 -1.966470 175.007416 -170.009781 161.180969 175.115662 179.697495 -106.456528 0.983364 4.541354 -10.452685 174.191055 173.633835 171.750977 177.934982 -175.463333 -139.907364 6.388569 -6.528408 -28.763222 178.569031 -179.429047 -175.656891 177.650208 -179.495422 -175.742584 176.722260 -177.299911 -177.037018 1.515105 0.138591 -5.224082 1.566826 0.167408 -6.094598 0.999863 -0.545567 -4.479692 9.786150 9.418420 1.870648 63.645744 -9.491119 -17.238174 87.803795 49.892632 82.698730 174.180908 156.025009 -178.495621 22.763689 28.701008 75.441704 11.394592 0.001224 -0.002704 7.588794 0.001039 -0.001682 0.000000 -0.000000 0.000000 76.233772 3.647049 14.559399 61.991863 -0.000429 -0.000931 43.394321 0.000215 -0.000679 0.000000 -0.000000 0.000000 89.000000 0.000000 0.000005 94.865112 0.000574 -0.000930 63.180157 0.000727 0.000062 0.000000 -0.000000 0.000000 89.015190 -0.173636 -9.998500 101.703957 0.000857 -0.000878 67.734833 0.000761 0.000313 0.000000 -0.000000 0.000000 89.060295 -0.341998 -19.997202 110.000000 -0.000001 0.000005 80.000000 -0.000001 0.000004 171.544800 -175.819000 178.312515 122.738129 -167.900558 179.464798 94.917488 -117.546463 -92.712494 22.438761 -15.911218 -8.841278 151.858932 -144.796173 -102.056732 171.952255 -179.999634 179.999100 174.640198 -179.999710 179.999435 0.000000 -0.000003 0.000000 90.965958 -179.741196 -165.002197 90.917320 179.999847 179.999069 117.642082 -179.999466 179.999603 0.000000 -0.000003 0.000000 91.000023 180.000000 179.999985 69.999985 -179.999985 -179.999985 106.318947 -179.999344 179.999985 0.000000 -0.000003 0.000000 90.984818 179.826370 170.001495 70.000008 180.000000 180.000000 100.000000 -179.999985 179.999985 0.000000 -0.000003 0.000000 90.939766 179.657990 160.002808 69.999977 180.000000 -179.999985 100.000038 -179.999985 179.999985
35.405956 85.813622 -430.031189 6.094515 -3.881540 -1.959212 175.496826 -170.357498 160.172592 174.697464 -179.757965 -107.839767 0.861014 4.630604 -11.433407 174.051147 173.881256 172.914047 178.413864 -175.463638 -140.858658 6.450358 -6.568398 -28.852629 178.594559 -179.329575 -175.637680 177.697906 -179.394638 -175.723618 176.752380 -176.835281 -177.032654 1.526645 0.140286 -5.248630 1.578745 0.169444 -6.123238 0.999304 -0.437914 -4.500493 9.798366 9.396164 1.900786 63.935760 -10.637071 -17.539560 87.661987 49.830494 82.407303 174.183319 155.966843 -178.476974 22.773348 29.255281 75.552589 11.082991 0.001893 -0.004264 7.381267 0.001595 -0.002663 0.000003 -0.000000 0.000003 76.380852 3.608323 14.568599 62.116146 -0.000589 -0.001359 43.481293 0.000369 -0.000963 0.000003 -0.000000 0.000003 88.999977 0.000004 -0.000001 94.991577 0.000850 -0.001261 63.264423 0.001012 0.000122 0.000003 -0.000000 0.000003 89.015182 -0.173634 -9.998526 101.839355 0.001239 -0.001178 67.825050 0.001043 0.000471 0.000003 -0.000000 0.000003 89.060226 -0.342002 -19.997206 110.000023 0.000001 0.000008 80.000000 0.000006 0.000005 171.585754 -175.831985 178.318817 122.750015 -166.651047 179.429031 94.634628 -117.468040 -92.279083 22.496010 -15.714778 -9.028411 151.893265 -145.095703 -102.110809 171.782562 -179.999588 179.998627 174.527191 -179.999649 179.999115 0.000000 -0.000000 0.000000 90.965942 -179.741196 -165.002182 91.010544 179.999695 179.998444 117.707382 -179.999146 179.999313 0.000000 -0.000000 0.000000 91.000000 -179.999985 -179.999985 69.999977 -179.999985 -180.000000 106.382858 -179.998886 179.999939 0.000000 -0.000000 0.000000 90.984779 179.826370 170.001495 70.000015 -179.999985 -179.999985 100.000000 -179.999985 -180.000000 0.000000 -0.000000 0.000000 90.939720 179.657990 160.002808 70.000008 -179.999985 -179.999985 99.999985 -179.999985 179.999985
35.279987 86.073631 -429.053406 5.933140 -3.607238 -1.940998 175.990677 -170.779297 159.198883 174.260803 -179.124222 -109.544472 0.930915 4.712145 -12.244594 173.893082 174.002136 174.235931 178.998688 -175.397202 -142.052887 6.458286 -6.673501 -28.852859 178.634857 -179.234650 -175.633636 177.769821 -179.297470 -175.719543 176.816437 -176.392471 -177.035980 1.532324 0.141329 -5.268481 1.584607 0.170696 -6.146412 0.995418 -0.337898 -4.517394 9.787105 9.338372 1.932559 64.243690 -11.842750 -17.845394 87.588898 49.739120 82.183678 174.189728 155.905441 -178.468842 22.795168 29.868946 75.689903 10.735512 0.002047 -0.004668 7.149848 0.001729 -0.002921 0.000000 -0.000000 0.000000 76.534798 3.568398 14.578181 62.245964 -0.000508 -0.001392 43.572178 0.000404 -0.000938 0.000000 -0.000000 0.000000 89.000038 0.000007 -0.000002 95.121849 0.000839 -0.001142 63.351147 0.000928 0.000155 0.000000 -0.000000 0.000000 89.015236 -0.173635 -9.998499 101.983437 0.001082 -0.000916 67.920959 0.000845 0.000421 0.000000 -0.000000 0.000000 89.060280 -0.342005 -19.997200 109.999992 -0.000002 -0.000003 80.000000 -0.000002 0.000007 171.626144 -175.814682 178.355164 122.721519 -165.433456 179.429382 94.296379 -117.310287 -91.766434 22.548187 -15.526119 -9.229422 151.991455 -145.463120 -102.292160 171.547028 -179.999786 179.998871 174.370316 -179.999771 179.999268 0.000000 0.000003 0.000000 90.965935 -179.741196 -165.002182 91.121017 179.999542 179.998215 117.784676 -179.999054 179.999115 0.000000 0.000003 0.000000 91.000000 -180.000000 -180.000000 70.000031 -179.999985 -179.999985 106.461174 -179.998703 179.999847 0.000000 0.000003 0.000000 90.984818 179.826355 170.001480 70.000008 -179.999985 -179.999985 100.000008 179.999985 -180.000000 0.000000 0.000003 0.000000 90.939766 179.657990 160.002792 70.000008 180.000000 -179.999985 100.000038 -179.999985 179.999985
35.161716 86.392342 -428.020203 5.718386 -3.485170 -1.915026 176.268570 -171.318863 158.577560 174.062531 -178.307388 -111.652428 1.121845 4.834901 -12.594369 173.914108 173.877274 175.697174 179.520477 -175.288406 -143.626373 6.250563 -6.935397 -28.573101 178.692734 -179.162338 -175.676422 177.869202 -179.221634 -175.761292 176.928162 -176.055496 -177.064880 1.527622 0.140763 -5.263672 1.579766 0.170002 -6.140808 0.991718 -0.328623 -4.513425 9.721743 9.257330 1.989904 64.482834 -12.867013 -18.118349 87.619301 49.534126 82.003250 174.173782 155.855835 -178.462997 22.786366 30.254026 75.763451 10.518654 -0.000000 0.000003 7.005424 0.000003 0.000001 0.000000 -0.000000 0.000000 76.627853 3.546074 14.584170 62.324142 0.000003 0.000002 43.626926 -0.000001 0.000003 0.000000 -0.000000 0.000000 88.999977 -0.000001 -0.000006 95.189461 -0.000009 -0.000010 63.396198 -0.000003 -0.000002 0.000000 -0.000000 0.000000 89.015175 -0.173640 -9.998507 102.046600 0.000004 0.000005 67.963051 -0.000002 0.000003 0.000000 -0.000000 0.000000 89.060280 -0.342006 -19.997194 110.000000 -0.000000 0.000000 80.000008 0.000003 -0.000002 171.661758 -175.762344 178.492874 122.551735 -164.620300 179.491180 93.899040 -116.988815 -91.231514 22.537207 -15.399208 -9.374816 152.103989 -145.602417 -102.473320 171.434418 180.000000 -180.000000 174.295319 -180.000000 180.000000 180.000000 -180.000000 179.999985 90.965927 -179.741196 -165.002182 91.205635 180.000000 180.000000 117.843956 180.000000 180.000000 180.000000 -180.000000 179.999985 91.000000 -179.999985 180.000000 70.000008 179.999985 179.999985 106.521561 -179.999985 179.999985 180.000000 -180.000000 179.999985 90.984818 179.826370 170.001480 70.000015 179.999985 180.000000 100.000008 180.000000 179.999985 180.000000 -180.000000 179.999985 90.939728 179.658005 160.002792 70.000008 179.999985 -179.999985 100.000008 179.999985 180.000000
35.045399 86.705414 -426.995789 5.511975 -3.349612 -1.890505 176.557159 -171.864182 157.921494 173.821167 -177.512039 -113.658447 1.320199 4.940153 -12.973877 173.905777 173.764816 177.109116 0.052243 -4.805425 34.873749 6.076169 -7.170652 -28.334810 178.748260 -179.089264 -175.712769 177.964828 -179.145233 -175.796799 177.033783 -175.715485 -177.090286 1.524146 0.140414 -5.262479 1.576180 0.169572 -6.139414 0.987634 -0.304325 -4.512498 9.661892 9.180881 2.042353 64.728249 -13.893891 -18.397635 87.633820 49.344139 81.822685 174.162170 155.804581 -178.459808 22.801094 30.683218 75.859215 10.274984 0.000186 -0.000429 6.843148 0.000170 -0.000266 0.000000 -0.000000 0.000000 76.735718 3.517973 14.590821 62.415165 -0.000026 -0.000076 43.690624 0.000017 -0.000060 0.000000 -0.000000 0.000000 89.000000 0.000002 -0.000002 95.271889 0.000018 -0.000021 63.451065 0.000015 0.000001 0.000000 -0.000000 0.000000 89.015182 -0.173636 -9.998509 102.128708 -0.000037 0.000030 68.017761 -0.000026 -0.000013 0.000000 -0.000000 0.000000 89.060295 -0.342003 -19.997198 110.000000 -0.000001 0.000005 80.000000 0.000004 -0.000006 171.695511 -175.712158 178.613190 122.412071 -163.780914 179.536392 93.506737 -116.700623 -90.688797 22.536016 -15.267926 -9.526413 152.225143 -145.820023 -102.680305 171.273468 179.999985 -179.999847 174.188141 179.999969 -179.999908 0.000000 0.000000 -0.000003 90.965927 -179.741196 -165.002182 91.299088 179.999939 179.999832 117.909363 -179.999908 179.999908 0.000000 0.000000 -0.000003 91.000000 180.000000 -179.999985 70.000008 -179.999985 -179.999985 106.588982 -179.999878 179.999985 0.000000 0.000000 -0.000003 90.984810 179.826355 170.001495 70.000023 179.999985 179.999985 100.000008 179.999985 179.999985 0.000000 0.000000 -0.000003 90.939705 179.657990 160.002792 69.999985 179.999985 179.999985 100.000023 180.000000 180.000000
34.927017 87.038231 -425.945801 5.268483 -3.264362 -1.860414 176.776352 -172.433929 157.355057 173.715240 -176.631790 -116.039818 1.521634 5.072561 -13.242019 174.024979 173.563171 178.722336 0.554499 -4.885022 33.067959 5.798970 -7.491794 -27.972641 178.813843 -179.019684 -175.773285 178.076660 -179.071625 -175.856018 177.164047 -175.392181 -177.130325 1.515039 0.139204 -5.248720 1.566784 0.168108 -6.123367 0.985718 -0.353275 -4.501006 9.578341 9.077386 2.111502 64.958199 -14.941879 -18.698860 87.677666 49.069199 81.627548 174.128036 155.754807 -178.455719 22.551910 30.870539 75.627388 10.203892 0.000354 -0.001241 6.795800 0.000334 -0.000792 0.000000 -0.000007 0.000000 76.686615 3.529491 14.587646 62.373985 -0.000372 -0.000995 43.661793 0.000283 -0.000670 0.000000 -0.000007 0.000000 88.999977 -0.000005 0.000005 95.203705 0.000692 -0.000928 63.405685 0.000766 0.000144 0.000000 -0.000007 0.000000 89.015167 -0.173638 -9.998507 102.023224 0.001032 -0.000875 67.947418 0.000793 0.000427 0.000000 -0.000007 0.000000 89.060226 -0.342007 -19.997202 110.000015 0.000002 0.000003 79.999985 0.000000 0.000009 171.728912 -175.651093 178.796173 122.187737 -162.997192 179.668839 93.079651 -116.291550 -90.115082 22.509987 -15.148232 -9.667541 152.283600 -145.472702 -102.703804 171.455994 179.999939 179.999680 174.309692 179.999985 179.999786 0.000000 -0.000000 0.000000 90.965912 -179.741196 -165.002182 91.319260 179.999634 179.999237 117.923462 -179.999649 179.999527 0.000000 -0.000000 0.000000 90.999992 -179.999985 179.999985 69.999977 179.999985 179.999985 106.598030 -179.999435 179.999832 0.000000 -0.000000 0.000000 90.984779 179.826370 170.001495 69.999992 179.999985 179.999985 100.000031 -179.999985 -180.000000 0.000000 -0.000000 0.000000 90.939705 179.657990 160.002808 70.000008 180.000000 180.000000 99.999985 -179.999985 179.999985
34.798363 87.384392 -424.867950 5.009534 -3.220794 -1.830664 176.927658 -172.958633 156.913742 173.764084 -175.743820 -118.638374 1.698214 5.200550 -13.426110 174.274338 173.341354 -179.565292 0.966737 -4.915775 31.095154 5.445781 -7.847589 -27.540512 178.883575 -178.952393 -175.849976 178.194977 -179.000031 -175.931091 177.305191 -175.079910 -177.180466 1.503936 0.137519 -5.223689 1.555331 0.166072 -6.094168 0.984226 -0.427188 -4.479916 9.480289 8.966619 2.194315 65.148666 -15.942894 -18.985870 87.733437 48.748421 81.421341 174.089401 155.710449 -178.444244 22.743399 31.178669 75.884323 10.006790 0.000317 -0.001661 6.664518 0.000326 -0.001075 0.000000 -0.000000 0.000000 76.869118 3.481214 14.598790 62.528225 -0.000675 -0.001600 43.769753 0.000443 -0.001121 0.000000 -0.000000 0.000000 89.000000 0.000005 0.000005 95.352730 0.001125 -0.001574 63.504932 0.001279 0.000197 0.000000 -0.000000 0.000000 89.015228 -0.173634 -9.998503 102.179901 0.001728 -0.001535 68.051796 0.001374 0.000672 0.000000 -0.000000 0.000000 89.060272 -0.342007 -19.997183 110.000000 0.000008 -0.000001 80.000023 -0.000004 -0.000003 171.763245 -175.575989 179.026611 121.901665 -162.320328 179.831436 92.613373 -115.822411 -89.492462 22.482660 -15.031798 -9.812772 152.452789 -145.651077 -102.930367 171.316574 179.999847 179.999634 174.216858 179.999939 179.999741 0.000003 0.000000 -0.000003 90.965935 -179.741196 -165.002197 91.431572 179.999344 179.998886 118.002060 -179.999527 179.999237 0.000003 0.000000 -0.000003 91.000000 -180.000000 -179.999985 69.919693 179.999847 179.998672 106.678825 -179.999146 179.999619 0.000003 0.000000 -0.000003 90.984795 179.826370 170.001495 69.999985 -180.000000 179.999985 100.000008 180.000000 179.999985 0.000003 0.000000 -0.000003 90.939728 179.657990 160.002808 70.000015 -179.999985 -179.999985 99.999992 -179.999985 179.999985
34.655704 87.747223 -423.762268 4.736031 -3.210207 -1.801408 177.037994 -173.428650 156.604538 173.976578 -174.872833 -121.454094 1.848204 5.331394 -13.564532 174.633514 173.001587 -177.755463 1.328758 -4.972726 28.953264 4.961935 -8.295216 -26.954456 178.956558 -178.886917 -175.940674 178.318344 -178.930099 -176.019897 177.455002 -174.776443 -177.239517 1.490053 0.135307 -5.187576 1.541015 0.163389 -6.052047 0.981981 -0.516607 -4.449397 9.368176 8.857817 2.287065 65.296150 -16.895348 -19.250450 87.797752 48.397469 81.219337 174.050522 155.670120 -178.422287 23.038366 31.411535 76.246033 9.834412 0.000218 -0.002093 6.549715 0.000297 -0.001370 0.000000 -0.000000 0.000000 77.082573 3.425090 14.611807 62.708466 -0.000970 -0.001959 43.895920 0.000464 -0.001462 0.000000 -0.000000 0.000000 88.999969 -0.000002 0.000002 95.531197 0.001326 -0.002122 63.623795 0.001659 0.000157 0.000000 -0.000000 0.000000 89.015167 -0.173637 -9.998515 102.374687 0.002124 -0.002089 68.181526 0.001814 0.000811 0.000000 -0.000000 0.000000 89.060257 -0.342005 -19.997204 109.999969 0.000003 -0.000002 80.000000 -0.000000 -0.000005 171.801575 -175.486343 179.308685 121.557259 -161.754761 179.965164 92.089485 -115.341980 -88.860870 22.433567 -14.950974 -9.912899 152.608780 -145.798325 -103.111969 171.205933 179.999771 179.999603 174.143143 179.999878 179.999725 0.000000 -0.000003 0.000000 90.965919 -179.741196 -165.002182 91.550140 179.999100 179.998734 118.085121 -179.999527 179.999023 0.000000 -0.000003 0.000000 91.000000 -179.999985 179.999985 70.039948 179.999634 179.998367 106.766617 -179.999039 179.999466 0.000000 -0.000003 0.000000 90.984802 179.826370 170.001495 70.000023 -179.999985 179.999985 100.000008 180.000000 179.999985 0.000000 -0.000003 0.000000 90.939751 179.658005 160.002792 70.000000 180.000000 -179.999985 100.000023 179.999985 179.999985
34.480587 88.133591 -422.585358 4.504535 -3.172547 -1.785437 177.131989 -173.518295 156.715103 174.457382 -174.360428 -124.769646 2.066303 5.598181 -13.587742 175.058426 172.991882 -175.936401 1.638136 -4.599991 26.811909 4.145746 -8.951792 -25.631025 179.025681 -178.799332 -176.035110 178.435867 -178.838470 -176.112320 177.594315 -174.368759 -177.299637 1.478907 0.133405 -5.151897 1.529576 0.161055 -6.010442 0.971447 -0.486454 -4.418984 9.223773 8.857387 2.355692 65.340843 -17.702906 -19.349268 87.871849 48.137035 81.094955 174.071640 155.656876 -178.357513 23.315048 31.647951 76.581070 9.660915 -0.000004 0.000001 6.434174 -0.000000 0.000000 0.000003 -0.000000 0.000000 77.283112 3.375654 14.623735 62.877151 -0.000006 0.000004 44.013988 -0.000000 0.000000 0.000003 -0.000000 0.000000 89.000015 -0.000007 0.000002 95.707382 0.000003 -0.000002 63.741150 -0.000004 -0.000007 0.000003 -0.000000 0.000000 89.015205 -0.173641 -9.998504 102.570976 0.000004 0.000005 68.312263 0.000001 -0.000008 0.000003 -0.000000 0.000000 89.060310 -0.342013 -19.997196 110.000000 -0.000002 -0.000003 80.000000 0.000000 0.000005 171.848480 -175.458176 179.629608 121.115349 -161.423126 -179.970230 91.471848 -114.886269 -88.248924 22.372509 -14.949717 -9.913270 152.676270 -145.942825 -103.173042 171.121506 180.000000 -180.000000 174.086929 180.000000 180.000000 0.000000 -0.000003 0.000000 90.965935 -179.741196 -165.002182 91.635948 -179.999985 179.999985 118.145172 -179.999985 179.999985 0.000000 -0.000003 0.000000 91.000000 179.999985 -179.999985 70.134094 180.000000 -179.999985 106.829292 180.000000 180.000000 0.000000 -0.000003 0.000000 90.984810 179.826355 170.001495 70.000008 -179.999985 -179.999985 100.000008 -179.999985 179.999985 0.000000 -0.000003 0.000000 90.939728 179.657990 160.002792 70.000023 -179.999985 -179.999985 100.000008 -179.999985 179.999985
34.308533 88.517532 -421.415436 4.262915 -3.142564 -1.769958 177.229141 -173.661682 156.773270 174.935684 -173.819519 -128.037674 2.282191 5.833598 -13.628251 175.487152 172.982330 -174.094330 1.925140 -4.214521 24.641548 3.348781 -9.570641 -24.394962 179.097061 -178.709000 -176.129654 178.557251 -178.743958 -176.204819 177.736954 -173.949554 -177.360428 1.468675 0.131518 -5.113510 1.519029 0.158773 -5.965649 0.960192 -0.441132 -4.386184 9.076523 8.882030 2.434057 65.389336 -18.528765 -19.472866 87.939278 47.858639 80.956467 174.084503 155.639923 -178.297272 23.607281 31.880590 76.931427 9.487993 0.000011 -0.000302 6.319011 0.000038 -0.000197 0.000000 -0.000000 0.000003 77.489975 3.321404 14.635837 63.051880 -0.000136 -0.000236 44.136288 0.000041 -0.000182 0.000000 -0.000000 0.000003 88.999977 -0.000002 0.000002 95.891014 0.000146 -0.000251 63.863422 0.000196 0.000002 0.000000 -0.000000 0.000003 89.015175 -0.173644 -9.998503 102.775078 0.000230 -0.000271 68.448174 0.000215 0.000084 0.000000 -0.000000 0.000003 89.060265 -0.342007 -19.997204 110.000015 -0.000007 -0.000004 79.999985 -0.000002 0.000003 171.886871 -175.455643 179.946732 120.682487 -161.057480 -179.891617 90.843010 -114.422585 -87.606018 22.311611 -14.939208 -9.924458 152.757141 -146.079269 -103.246124 171.039200 179.999954 179.999939 174.032120 179.999985 179.999954 180.000000 180.000000 -179.999985 90.965919 -179.741196 -165.002182 91.726425 179.999878 179.999847 118.208473 -179.999954 179.999878 180.000000 180.000000 -179.999985 91.000000 179.999985 179.999985 70.234077 179.999939 179.999802 106.895943 -179.999893 179.999924 180.000000 180.000000 -179.999985 90.984802 179.826355 170.001495 70.000023 179.999985 179.999985 100.000023 179.999985 -179.999985 180.000000 180.000000 -179.999985 90.939690 179.657990 160.002792 70.000023 -180.000000 179.999985 100.000008 179.999985 179.999985
34.122658 88.996719 -420.217377 4.032700 -3.093030 -1.757093 177.334915 -173.640793 156.997101 175.531540 -173.452469 -131.575989 2.560017 6.108336 -13.622222 175.940277 173.034424 -172.225876 2.171076 -3.729389 22.458931 2.433486 -10.258032 -22.825256 179.166473 -178.627457 -176.224472 178.674850 -178.658478 -176.297638 177.877243 -173.571396 -177.421036 1.452192 0.129174 -5.080224 1.501973 0.155969 -5.926807 0.951423 -0.474664 -4.357986 8.929405 8.811049 2.474583 65.393150 -19.320160 -19.525986 88.009422 47.613239 80.853729 174.121521 155.632553 -178.218338 23.886578 32.146038 77.265388 9.299006 0.000011 -0.000510 6.193139 0.000049 -0.000338 0.000000 0.000000 -0.000003 77.692902 3.268432 14.647548 63.223167 -0.000186 -0.000255 44.256229 0.000040 -0.000216 0.000000 0.000000 -0.000003 88.999977 -0.000000 -0.000010 96.065292 0.000127 -0.000298 63.979473 0.000224 -0.000017 0.000000 0.000000 -0.000003 89.015182 -0.173641 -9.998517 102.970993 0.000237 -0.000306 68.578674 0.000251 0.000068 0.000000 0.000000 -0.000003 89.060234 -0.342006 -19.997202 109.999992 0.000004 0.000009 80.000000 -0.000000 -0.000005 171.941574 -175.351044 -179.705734 120.205917 -160.761917 -179.822540 90.136086 -113.963501 -86.918724 22.251934 -14.953970 -9.904837 152.800522 -146.262482 -103.283134 170.938293 179.999908 179.999878 173.964920 179.999954 179.999924 0.000003 0.000000 -0.000003 90.965927 -179.741196 -165.002182 91.808525 179.999847 179.999847 118.265984 -179.999954 179.999847 0.000003 0.000000 -0.000003 91.000015 180.000000 180.000000 70.320351 179.999924 179.999786 106.953415 -179.999878 179.999908 0.000003 0.000000 -0.000003 90.984818 179.826355 170.001495 70.000015 179.999985 179.999985 100.000023 179.999985 -179.999985 0.000003 0.000000 -0.000003 90.939728 179.657990 160.002808 69.999992 -179.999985 -179.999985 99.999985 -179.999985 -180.000000
33.936478 89.244804 -419.006439 3.840448 -3.011763 -1.760271 177.426392 -173.426529 157.377655 176.180527 -173.315750 -134.946320 2.886376 6.384371 -13.560486 176.333389 173.091446 -170.575348 2.372422 -3.282660 20.555853 1.472486 -10.880680 -21.041637 179.228241 -178.549881 -176.299088 178.779816 -178.577606 -176.370667 178.000244 -173.210861 -177.467651 1.436701 0.127312 -5.062133 1.485928 0.153745 -5.905700 0.940968 -0.470122 -4.342806 8.798599 8.730724 2.468003 65.340378 -19.991007 -19.487560 88.085884 47.455940 80.815903 174.202316 155.637146 -178.128555 24.069624 32.404575 77.485687 9.130090 0.000053 -0.000745 6.080637 0.000077 -0.000491 0.000000 -0.000000 0.000000 77.844025 3.229101 14.656107 63.350723 -0.000123 -0.000180 44.345497 -0.000000 -0.000144 0.000000 -0.000000 0.000000 88.999985 -0.000007 0.000012 96.201706 0.000058 -0.000140 64.070320 0.000105 -0.000007 0.000000 -0.000000 0.000000 89.015190 -0.173646 -9.998504 103.124939 0.000121 -0.000166 68.681221 0.000127 0.000033 0.000000 -0.000000 0.000000 89.060257 -0.342009 -19.997190 109.999992 0.000006 -0.000004 80.000000 0.000004 -0.000002 171.999649 -175.203278 -179.393417 119.771004 -160.601669 -179.871429 89.381599 -113.622894 -86.232780 22.198811 -14.997562 -9.854418 152.798035 -146.447632 -103.254555 170.849930 179.999863 179.999832 173.906052 179.999924 179.999863 0.000000 -0.000000 0.000000 90.965935 -179.741196 -165.002197 91.864517 179.999908 179.999908 118.305161 -179.999985 179.999924 0.000000 -0.000000 0.000000 90.999992 -179.999985 -179.999985 70.384712 179.999985 179.999954 106.996208 -179.999985 179.999985 0.000000 -0.000000 0.000000 90.984795 179.826370 170.001495 70.000008 -179.999985 -180.000000 100.000023 179.999985 -179.999985 0.000000 -0.000000 0.000000 90.939735 179.658005 160.002808 69.999985 -179.999985 -179.999985 100.000038 -179.999985 179.999985
33.747726 89.487389 -417.784637 3.716991 -2.882237 -1.746547 177.455124 -173.049530 157.989090 176.909378 -173.401550 -138.802155 3.365071 6.777646 -13.334715 176.689178 173.109680 -169.067535 2.542704 -2.833301 18.859945 0.359737 -11.532962 -18.570913 179.276810 -178.470688 -176.382111 178.862595 -178.495728 -176.451950 178.096069 -172.842270 -177.522125 1.416762 0.125497 -5.063269 1.465280 0.151582 -5.907028 0.929320 -0.477532 -4.344224 8.669427 8.585655 2.424610 65.254601 -20.638968 -19.344978 88.156532 47.359566 80.802567 174.292023 155.649033 -178.037262 24.002964 32.602402 77.501190 9.015570 -0.000042 -0.000861 6.004372 0.000027 -0.000575 0.000000 -0.000000 0.000003 77.859825 3.224725 14.657065 63.364056 -0.000295 -0.000351 44.354866 0.000033 -0.000307 0.000000 -0.000000 0.000003 88.999977 0.000005 -0.000010 96.199234 0.000145 -0.000401 64.068649 0.000275 -0.000021 0.000000 -0.000000 0.000003 89.015228 -0.173634 -9.998498 103.120804 0.000296 -0.000435 68.678505 0.000338 0.000086 0.000000 -0.000000 0.000003 89.060287 -0.342006 -19.997194 109.999977 -0.000003 0.000010 80.000008 0.000004 -0.000002 172.065063 -174.980774 -179.064301 119.316002 -160.541336 179.978622 88.500511 -113.370216 -85.473694 22.120502 -15.094590 -9.744406 152.720047 -146.337509 -103.166771 170.923233 179.999222 179.999390 173.954880 179.999527 179.999527 0.000000 -0.000000 0.000000 90.965927 -179.741196 -165.002182 91.843452 179.999588 179.999634 118.290382 -179.999893 179.999603 0.000000 -0.000000 0.000000 91.000046 -180.000000 -179.999985 70.348610 179.999771 179.999496 106.972206 -179.999725 179.999741 0.000000 -0.000000 0.000000 90.984779 179.826355 170.001495 70.000008 179.999985 -179.999985 100.000008 -179.999985 -179.999985 0.000000 -0.000000 0.000000 90.939766 179.658005 160.002792 69.999947 -179.999985 -179.999985 100.000038 179.999985 -180.000000
33.544388 89.655319 -416.551697 3.833035 -2.726226 -1.635305 177.344788 -172.454132 158.746567 177.439804 -173.883240 -142.603851 4.005794 7.333754 -12.928239 176.942642 172.880447 -168.257233 2.613679 -2.560980 18.056852 179.302383 -167.784927 164.530472 179.262024 -178.421890 -176.516113 178.837112 -178.446533 -176.583527 178.069077 -172.616699 -177.624023 1.394726 0.123910 -5.084730 1.442475 0.149690 -5.932075 0.926292 -0.596724 -4.363399 8.584208 8.267367 2.397241 65.248329 -21.094946 -19.139709 88.139633 47.321827 80.761246 174.348282 155.671722 -177.954605 24.082289 32.822243 77.610535 8.882653 0.000007 0.000001 5.915846 -0.000000 0.000000 180.000000 179.999985 -180.000000 77.942993 3.203541 14.661602 63.434254 -0.000000 0.000004 44.403992 0.000003 0.000001 180.000000 179.999985 -180.000000 88.999985 0.000002 -0.000002 96.261429 -0.000005 -0.000000 64.110107 0.000002 -0.000003 180.000000 179.999985 -180.000000 89.015190 -0.173636 -9.998504 103.195862 -0.000003 0.000007 68.728447 0.000003 0.000002 180.000000 179.999985 -180.000000 89.060280 -0.342003 -19.997194 110.000023 0.000002 0.000003 80.000000 -0.000001 0.000004 172.133530 -174.616974 -178.710938 118.948318 -160.646439 179.753723 87.734787 -113.294991 -84.751770 22.040630 -15.200096 -9.642211 152.646072 -146.710800 -103.135376 170.726883 180.000000 180.000000 173.824127 -179.999985 180.000000 0.000000 -0.000000 0.000000 90.965912 -179.741196 -165.002167 91.890381 -179.999985 179.999985 118.323250 179.999985 -179.999985 0.000000 -0.000000 0.000000 91.000000 179.999985 -179.999985 70.396370 180.000000 180.000000 107.003983 180.000000 180.000000 0.000000 -0.000000 0.000000 90.984802 179.826355 170.001511 69.999977 180.000000 -179.999985 100.000008 -179.999985 -180.000000 0.000000 -0.000000 0.000000 90.939720 179.657990 160.002792 69.999992 -179.999985 -179.999985 100.000000 -180.000000 179.999985
33.343140 89.835274 -415.319489 3.918055 -2.571653 -1.539520 177.240005 -171.884872 159.502808 177.987350 -174.347031 -146.433487 4.671360 7.840675 -12.525898 177.212952 172.697144 -167.354782 2.678552 -2.249781 17.140059 178.236145 -167.166092 167.607086 179.256073 -178.368118 -176.641083 178.826904 -178.392059 -176.706161 178.058868 -172.366852 -177.717972 1.373089 0.122483 -5.106067 1.420091 0.147967 -5.956968 0.921269 -0.695183 -4.382341 8.491586 7.975148 2.361733 65.216728 -21.578053 -18.930408 88.138023 47.282104 80.727280 174.408447 155.693344 -177.872467 24.150070 33.056767 77.712517 8.742638 -0.000021 -0.000081 5.822593 -0.000001 -0.000056 0.000000 -0.000000 0.000000 78.022743 3.182615 14.666064 63.501621 -0.000043 -0.000054 44.451122 0.000005 -0.000049 0.000000 -0.000000 0.000000 89.000008 -0.000002 0.000002 96.318985 0.000023 -0.000062 64.148460 0.000048 -0.000006 0.000000 -0.000000 0.000000 89.015205 -0.173634 -9.998516 103.266762 0.000054 -0.000064 68.775642 0.000054 0.000012 0.000000 -0.000000 0.000000 89.060295 -0.342009 -19.997194 110.000000 0.000004 -0.000003 80.000015 -0.000002 0.000007 172.194565 -174.271530 -178.364151 118.566948 -160.725983 179.537827 86.937012 -113.200974 -84.005653 21.960073 -15.303965 -9.539509 152.568344 -147.075546 -103.094948 170.537888 179.999832 179.999908 173.698242 179.999893 179.999924 0.000000 -0.000000 0.000000 90.965927 -179.741180 -165.002182 91.935501 179.999924 179.999939 118.354858 -179.999985 179.999954 0.000000 -0.000000 0.000000 90.999977 -179.999985 -179.999985 70.440964 179.999969 179.999924 107.033676 -179.999954 179.999954 0.000000 -0.000000 0.000000 90.984802 179.826355 170.001495 69.999992 179.999985 179.999985 100.000008 -179.999985 179.999985 0.000000 -0.000000 0.000000 90.939713 179.657990 160.002808 69.999969 179.999985 179.999985 100.000008 179.999985 -179.999985
33.136265 89.986031 -414.087280 4.103374 -2.413345 -1.389571 177.098434 -171.196396 160.279907 178.446793 -175.085205 -150.213348 5.427638 8.307127 -12.064437 177.465469 172.325058 -166.745270 2.698709 -2.106998 16.579643 177.214218 -166.563950 170.924789 179.220947 -178.340714 -176.794754 178.766373 -178.364868 -176.856964 177.995392 -172.239594 -177.836914 1.346197 0.120783 -5.133294 1.392256 0.145904 -5.988736 0.922165 -0.926036 -4.406545 8.427777 7.524598 2.327762 65.217857 -21.988874 -18.694029 88.094269 47.260818 80.667557 174.448395 155.716415 -177.794830 24.243649 33.248135 77.817520 8.627326 -0.000070 -0.000074 5.745800 -0.000035 -0.000053 0.000000 -0.000000 0.000000 78.106483 3.160627 14.670748 63.572327 -0.000122 -0.000108 44.500618 -0.000022 -0.000109 0.000000 -0.000000 0.000000 89.000015 0.000002 0.000002 96.390602 0.000028 -0.000153 64.196136 0.000104 -0.000011 0.000000 -0.000000 0.000000 89.015190 -0.173631 -9.998506 103.345802 0.000094 -0.000162 68.828293 0.000131 0.000015 0.000000 -0.000000 0.000000 89.060280 -0.342002 -19.997198 110.000015 0.000001 0.000008 80.000000 0.000003 0.000002 172.264404 -173.788528 -177.987778 118.225273 -160.869110 179.270172 86.194717 -113.198586 -83.282280 21.874420 -15.409829 -9.439112 152.505035 -147.491440 -103.088493 170.313995 179.999557 179.999847 173.549103 179.999725 179.999847 0.000000 0.000000 -0.000003 90.965942 -179.741196 -165.002182 91.987122 179.999847 179.999908 118.390976 -179.999985 179.999878 0.000000 0.000000 -0.000003 91.000000 180.000000 179.999985 70.497719 179.999908 179.999847 107.071449 -179.999924 179.999908 0.000000 0.000000 -0.000003 90.984840 179.826370 170.001495 70.000015 179.999985 -179.999985 99.999985 -179.999985 179.999985 0.000000 0.000000 -0.000003 90.939751 179.657990 160.002808 69.999992 180.000000 180.000000 100.000008 -180.000000 179.999985
32.926849 89.970688 -412.851379 4.396120 -2.256036 -1.183142 176.893326 -170.532761 161.058319 178.668503 -175.704437 -153.879593 6.243391 8.966916 -11.561522 177.671509 171.845978 -166.411499 2.693166 -2.019373 16.366497 176.224884 -165.968658 174.411957 179.156906 -178.309494 -176.982819 178.657059 -178.334488 -177.041473 177.873505 -172.093933 -177.986664 1.324883 0.119382 -5.153423 1.370200 0.144201 -6.012224 0.921653 -1.090148 -4.424510 8.365369 7.136405 2.347654 65.290512 -22.318834 -18.483023 87.996918 47.235424 80.576759 174.471756 155.743469 -177.712463 24.399174 33.364517 77.966743 8.546670 -0.000210 0.000017 5.692077 -0.000150 -0.000001 0.000000 -0.000000 0.000000 78.219879 3.130959 14.677069 63.668087 -0.000204 -0.000086 44.567665 -0.000053 -0.000151 0.000000 -0.000000 0.000000 88.999985 -0.000002 0.000007 96.480537 -0.000021 -0.000187 64.255997 0.000105 -0.000083 0.000000 -0.000000 0.000000 89.015213 -0.173639 -9.998500 103.448059 0.000051 -0.000227 68.896423 0.000152 -0.000016 0.000000 -0.000000 0.000000 89.060287 -0.342000 -19.997183 110.000015 0.000002 0.000003 79.999985 0.000006 -0.000013 172.325378 -173.383453 -177.603531 117.922775 -161.064972 178.976486 85.566223 -113.270905 -82.640114 21.782007 -15.520720 -9.337882 152.466507 -147.913193 -103.121971 170.078384 179.999191 179.999878 173.392212 179.999466 179.999847 180.000000 180.000000 -179.999985 90.965935 -179.741196 -165.002182 92.044647 179.999817 179.999924 118.431274 179.999985 179.999863 180.000000 180.000000 -179.999985 90.999992 179.999985 -179.999985 70.558746 179.999847 179.999847 107.112106 -179.999924 179.999878 180.000000 180.000000 -179.999985 90.984795 179.826355 170.001480 69.999985 179.999985 179.999985 100.000008 -179.999985 179.999985 180.000000 180.000000 -179.999985 90.939705 179.657990 160.002792 70.000023 179.999985 -179.999985 99.999985 -179.999985 179.999985
32.705315 90.187187 -411.604034 4.812285 -2.091223 -0.911837 176.642136 -169.712311 161.845917 178.764801 -176.503433 -157.526062 7.131663 9.627241 -11.085779 177.798889 171.338120 -166.319839 2.700665 -1.861579 16.486923 175.242157 -165.236099 178.149628 179.058197 -178.280533 -177.214523 178.488846 -178.306854 -177.268768 177.683609 -171.957687 -178.175049 1.306712 0.117973 -5.162735 1.351392 0.142499 -6.023078 0.921357 -1.235431 -4.433100 8.291366 6.755505 2.450656 65.476715 -22.551388 -18.330868 87.825417 47.192036 80.451607 174.487076 155.778168 -177.607544 24.671715 33.443584 78.208565 8.474166 -0.000531 0.000235 5.643802 -0.000358 0.000124 0.000000 -0.000000 0.000000 78.387527 3.087278 14.686254 63.809669 -0.000185 0.000058 44.666763 -0.000142 -0.000058 0.000000 -0.000000 0.000000 89.000038 -0.000000 -0.000005 96.621887 -0.000155 -0.000086 64.350204 0.000014 -0.000124 0.000000 -0.000000 0.000000 89.015236 -0.173640 -9.998494 103.610054 -0.000153 -0.000123 69.004288 0.000054 -0.000120 0.000000 -0.000000 0.000000 89.060318 -0.342006 -19.997200 110.000000 -0.000001 -0.000004 79.999947 0.000006 -0.000004 172.392532 -172.993362 -177.184692 117.638054 -161.312286 178.666718 85.068939 -113.399239 -82.096207 21.680410 -15.637771 -9.223764 152.471100 -148.374680 -103.206764 169.812790 179.998932 -179.999985 173.215317 179.999313 179.999939 0.000000 -0.000000 0.000000 90.965912 -179.741196 -165.002182 92.116287 179.999847 -179.999985 118.481369 179.999939 179.999908 0.000000 -0.000000 0.000000 91.000000 -179.999985 -179.999985 70.646576 179.999847 179.999985 107.170555 179.999985 179.999893 0.000000 -0.000000 0.000000 90.984779 179.826355 170.001495 70.000008 -179.999985 -179.999985 100.000008 -180.000000 -179.999985 0.000000 -0.000000 0.000000 90.939728 179.657990 160.002808 70.000008 -179.999985 179.999985 100.000023 179.999985 -179.999985
32.451958 90.279037 -410.344025 5.283961 -1.919171 -0.672959 176.468887 -168.892853 162.486496 178.618774 -177.027176 -159.824707 7.685526 10.115639 -11.019136 177.801071 171.228683 -166.671951 2.707142 -1.511354 17.464731 174.376816 -164.691574 -178.843369 178.934891 -178.266495 -177.433685 178.278748 -178.294174 -177.484238 177.442841 -171.893982 -178.360062 1.305955 0.117826 -5.157633 1.350607 0.142316 -6.017129 0.928476 -1.329928 -4.428977 8.220721 6.492760 2.689816 65.925720 -22.510956 -18.528036 87.530624 47.079239 80.381767 174.565475 155.814804 -177.452576 24.900757 33.545940 78.476883 8.375763 0.000000 -0.000002 5.578264 0.000007 0.000003 0.000000 -0.000000 0.000003 78.485886 3.061549 14.691271 63.892738 0.000002 -0.000003 44.724937 -0.000003 0.000006 0.000000 -0.000000 0.000003 89.000000 -0.000000 0.000000 96.704758 -0.000014 -0.000001 64.405388 0.000003 0.000002 0.000000 -0.000000 0.000003 89.015182 -0.173642 -9.998499 103.720451 0.000007 0.000003 69.077805 0.000003 0.000002 0.000000 -0.000000 0.000003 89.060280 -0.342005 -19.997198 110.000015 -0.000001 -0.000004 79.999985 -0.000000 0.000000 172.439819 -172.741165 -176.849579 117.492790 -161.668488 178.475342 84.872719 -113.603325 -81.861710 21.601748 -15.734668 -9.132246 152.546387 -148.633453 -103.379677 169.636551 180.000000 179.999985 173.097931 -179.999985 -179.999985 0.000000 -0.000000 0.000000 90.965935 -179.741196 -165.002182 92.168655 179.999985 -180.000000 118.518044 -180.000000 179.999985 0.000000 -0.000000 0.000000 91.000023 -179.999985 179.999985 70.711830 179.999985 179.999985 107.214050 180.000000 -179.999985 0.000000 -0.000000 0.000000 90.984818 179.826355 170.001511 70.000008 -179.999985 -179.999985 100.000008 -179.999985 179.999985 0.000000 -0.000000 0.000000 90.939728 179.657990 160.002808 70.000008 -179.999985 179.999985 100.000000 179.999985 -180.000000
32.203270 90.388641 -409.086334 5.756453 -1.751534 -0.420870 176.285477 -168.052872 163.123337 178.484772 -177.606110 -162.262100 8.328250 10.614598 -10.944207 177.799973 171.088852 -166.976166 2.723257 -1.162239 18.315613 173.529587 -164.143448 -175.762375 178.811798 -178.251373 -177.656281 178.069336 -178.279999 -177.702652 177.203354 -171.821335 -178.546768 1.303117 0.117519 -5.153524 1.347672 0.141935 -6.012336 0.934040 -1.430723 -4.425632 8.146737 6.218921 2.917667 66.345161 -22.498247 -18.680965 87.249794 46.974697 80.302620 174.636200 155.851685 -177.300598 25.136908 33.612213 78.733253 8.300201 -0.000247 0.000141 5.527931 -0.000181 0.000076 0.000000 -0.000000 0.000000 78.591606 3.033887 14.696906 63.982044 -0.000028 0.000031 44.787403 -0.000024 0.000005 0.000000 -0.000000 0.000000 89.000008 0.000005 -0.000010 96.793701 -0.000035 0.000012 64.464615 -0.000013 -0.000024 0.000000 -0.000000 0.000000 89.015205 -0.173647 -9.998518 103.835236 -0.000045 0.000009 69.154259 -0.000005 -0.000028 0.000000 -0.000000 0.000000 89.060295 -0.342009 -19.997208 110.000008 0.000004 0.000006 79.999985 -0.000004 0.000002 172.488235 -172.475723 -176.503403 117.335793 -162.003006 178.255554 84.661705 -113.806450 -81.608833 21.518599 -15.832344 -9.035640 152.608002 -148.893799 -103.522842 169.466354 179.999725 -179.999954 172.984589 179.999802 -179.999985 0.000000 -0.000003 0.000000 90.965919 -179.741196 -165.002182 92.221497 179.999985 -179.999985 118.555092 179.999985 180.000000 0.000000 -0.000003 0.000000 90.999977 180.000000 -179.999985 70.775742 179.999985 -179.999985 107.256645 179.999985 179.999985 0.000000 -0.000003 0.000000 90.984802 179.826355 170.001511 70.000015 179.999985 180.000000 100.000008 -179.999985 179.999985 0.000000 -0.000003 0.000000 90.939705 179.657990 160.002808 70.000015 179.999985 179.999985 100.000008 -179.999985 179.999985
31.941628 90.448387 -407.820953 6.262835 -1.561826 -0.186693 176.137283 -167.155624 163.768433 178.269897 -178.045197 -164.327881 8.807757 11.070602 -10.936827 177.780197 171.002594 -167.452576 2.779939 -0.883800 19.607288 172.664642 -163.724930 -172.760666 178.675949 -178.240829 -177.878662 177.838470 -178.270050 -177.920868 176.937683 -171.769714 -178.735657 1.307169 0.117724 -5.143959 1.351871 0.142173 -6.001177 0.942490 -1.514208 -4.417415 8.071670 5.976202 3.210403 66.892784 -22.375023 -18.998734 86.901321 46.832878 80.260811 174.740829 155.890106 -177.123505 25.434061 33.821312 79.172142 8.107599 -0.000374 0.000257 5.399665 -0.000270 0.000148 180.000000 180.000000 -180.000000 78.688820 3.008424 14.702013 64.064102 -0.000013 0.000024 44.844902 -0.000015 0.000001 180.000000 180.000000 -180.000000 89.000000 -0.000002 -0.000007 96.875694 -0.000012 0.000002 64.519241 -0.000017 0.000001 180.000000 180.000000 -180.000000 89.015182 -0.173638 -9.998507 103.957733 -0.000055 0.000030 69.235825 -0.000024 -0.000025 180.000000 180.000000 -180.000000 89.060310 -0.342008 -19.997198 110.000015 0.000003 0.000002 79.999985 0.000006 0.000001 172.527390 -172.246521 -176.179489 117.210663 -162.409515 178.119934 84.548325 -114.022339 -81.459030 21.446430 -15.927086 -8.948004 152.737930 -149.214096 -103.867409 169.213806 179.999741 -179.999908 172.816422 179.999817 -179.999969 0.000003 0.000000 -0.000007 90.965919 -179.741196 -165.002182 92.270447 179.999954 -179.999908 118.589340 179.999939 180.000000 0.000003 0.000000 -0.000007 91.000000 -179.999985 180.000000 70.847160 179.999924 -179.999893 107.304199 179.999924 179.999969 0.000003 0.000000 -0.000007 90.984810 179.826355 170.001495 69.999992 -179.999985 -179.999985 100.000008 -179.999985 179.999985 0.000003 0.000000 -0.000007 90.939705 179.657990 160.002808 70.000008 179.999985 179.999985 100.000008 179.999985 -179.999985
31.665478 90.452438 -406.549438 6.748517 -1.372362 -0.007295 175.971207 -166.462875 164.422058 178.034058 -178.071426 -165.939713 8.981607 11.446937 -10.838811 177.757751 171.199463 -168.045364 2.823063 -0.457044 21.250774 171.917801 -163.442139 -170.047974 178.542099 -178.236435 -178.074417 177.611404 -178.265915 -178.112869 176.674255 -171.746490 -178.903931 1.318690 0.118602 -5.134897 1.363799 0.143221 -5.990597 0.954204 -1.578035 -4.409427 8.012062 5.788002 3.529935 67.501122 -22.171883 -19.449339 86.527084 46.671227 80.257164 174.868698 155.926331 -176.942642 25.507507 34.088879 79.332329 7.933914 -0.000515 0.000473 5.283983 -0.000379 0.000282 0.000000 0.000003 0.000000 78.707687 3.003476 14.703017 64.080093 0.000010 0.000003 44.856041 -0.000004 0.000009 0.000000 0.000003 0.000000 89.000000 0.000000 0.000014 96.893433 -0.000001 0.000019 64.531036 -0.000003 -0.000002 0.000000 0.000003 0.000000 89.015236 -0.173641 -9.998495 104.002754 -0.000045 0.000053 69.265846 -0.000044 0.000003 0.000000 0.000003 0.000000 89.060280 -0.342002 -19.997194 110.000000 -0.000005 -0.000001 79.999962 -0.000004 0.000002 172.554810 -172.065613 -175.905151 117.125557 -162.871765 178.034592 84.466461 -114.268356 -81.360085 21.388641 -16.013536 -8.878772 152.875519 -149.358902 -104.082672 169.093567 179.999710 -179.999863 172.736313 179.999802 -179.999939 180.000000 180.000000 -180.000000 90.965935 -179.741196 -165.002182 92.328590 179.999954 -179.999802 118.629967 179.999863 -179.999969 180.000000 180.000000 -180.000000 91.000023 -179.999985 179.999985 70.922432 179.999847 -179.999786 107.354301 179.999847 179.999954 180.000000 180.000000 -180.000000 90.984818 179.826370 170.001495 70.000000 179.999985 180.000000 100.000008 -179.999985 179.999985 180.000000 180.000000 -180.000000 90.939728 179.658005 160.002808 70.000031 179.999985 -179.999985 99.999985 179.999985 -179.999985
31.375439 90.397118 -405.275330 7.182718 -1.195976 0.101455 175.776260 -165.841904 165.067169 177.946869 -178.009964 -167.061050 8.626792 11.430153 -10.587124 177.780136 171.453140 -168.731567 2.880989 -0.088448 23.240463 171.343231 -163.275360 -167.690186 178.420609 -178.240616 -178.236465 177.405441 -178.270050 -178.271713 176.433960 -171.763580 -179.043564 1.337594 0.120146 -5.127052 1.383358 0.145077 -5.981445 0.968759 -1.617479 -4.402255 7.966519 5.655856 3.845850 68.136200 -21.926691 -20.006805 86.160583 46.497883 80.294464 175.006226 155.953323 -176.785675 25.433470 34.472675 79.335175 7.725878 -0.000546 0.000782 5.145429 -0.000401 0.000484 0.000003 -0.000000 0.000000 78.700478 3.005478 14.702609 64.073936 0.000050 0.000075 44.851780 -0.000006 0.000060 0.000003 -0.000000 0.000000 89.000000 0.000005 0.000005 96.882233 -0.000021 0.000105 64.523567 -0.000069 0.000025 0.000003 -0.000000 0.000000 89.015228 -0.173639 -9.998508 104.013824 -0.000065 0.000150 69.273232 -0.000108 0.000000 0.000003 -0.000000 0.000000 89.060295 -0.342007 -19.997187 109.999992 -0.000003 -0.000007 80.000008 -0.000004 0.000002 172.550156 -171.921234 -175.687698 117.079430 -163.385178 178.047379 84.408218 -114.488190 -81.303436 21.349060 -16.093073 -8.836884 153.016663 -149.399551 -104.255417 169.041214 179.999496 -179.999725 172.701447 179.999649 -179.999863 180.000000 179.999985 179.999985 90.965927 -179.741180 -165.002182 92.388100 179.999969 -179.999741 118.671654 179.999832 -179.999939 180.000000 179.999985 179.999985 91.000000 179.999985 -179.999985 70.998474 179.999832 -179.999710 107.404930 179.999771 179.999954 180.000000 179.999985 179.999985 90.984779 179.826355 170.001495 70.000061 -180.000000 -179.999985 100.000008 -180.000000 -179.999985 180.000000 179.999985 179.999985 90.939713 179.657990 160.002792 69.999992 -179.999985 180.000000 100.000000 179.999985 -179.999985
31.034492 90.171310 -403.980682 7.342072 -1.164266 0.055464 175.669571 -166.051743 165.623047 177.835327 -177.367157 -167.002747 7.857772 11.320103 -10.363405 178.033524 171.346924 -169.596695 3.050401 -0.035324 25.842850 171.064865 -163.498459 -166.128174 178.379456 -178.279099 -178.324341 177.334396 -178.307907 -178.357819 176.356903 -171.943115 -179.108566 1.357616 0.121902 -5.121515 1.404062 0.147192 -5.975002 0.979671 -1.600959 -4.397197 7.897502 5.626013 4.012465 68.680611 -21.728125 -20.517393 85.970612 46.383678 80.360695 175.070358 155.959152 -176.743134 25.383558 34.842030 79.314117 7.533594 -0.000007 -0.000002 5.017374 -0.000000 0.000000 0.000000 -0.000000 0.000000 78.715744 3.001354 14.703418 64.086868 0.000003 0.000006 44.860825 0.000013 0.000005 0.000000 -0.000000 0.000000 89.000008 0.000002 -0.000007 96.899361 -0.000002 -0.000007 64.534988 -0.000000 0.000000 0.000000 -0.000000 0.000000 89.015190 -0.173644 -9.998510 104.038963 -0.000000 0.000000 69.289948 -0.000000 0.000000 0.000000 -0.000000 0.000000 89.060295 -0.342014 -19.997194 110.000015 -0.000000 0.000000 79.999985 -0.000000 0.000000 172.457199 -171.880524 -175.557892 117.046913 -163.969452 178.344421 84.308731 -114.552132 -81.206032 21.331945 -16.172443 -8.843757 153.094101 -149.508408 -104.361473 168.964569 -179.999985 -179.999985 172.650406 179.999985 -180.000000 0.000000 0.000000 -0.000003 90.965927 -179.741196 -165.002182 92.421989 -179.999985 -179.999985 118.695412 179.999985 179.999985 0.000000 0.000000 -0.000003 91.000015 179.999985 -179.999985 71.045319 180.000000 180.000000 107.436165 -180.000000 179.999985 0.000000 0.000000 -0.000003 90.984825 179.826355 170.001495 69.999992 -179.999985 -179.999985 100.000023 -179.999985 -180.000000 0.000000 0.000000 -0.000003 90.939713 179.657990 160.002792 70.000008 180.000000 180.000000 100.000008 180.000000 -179.999985
30.700611 89.966576 -402.689209 7.539940 -1.107678 0.026246 175.543381 -166.181259 166.190216 177.738022 -176.747498 -167.066254 7.102986 11.193259 -10.128744 178.256332 171.268326 -170.441818 3.224744 0.002829 28.386503 170.775665 -163.676178 -164.480255 178.327087 -178.312988 -178.419922 177.244629 -178.341248 -178.451462 176.257309 -172.100067 -179.181854 1.378060 0.123579 -5.116454 1.425209 0.149226 -5.969100 0.991487 -1.591315 -4.392451 7.833730 5.586046 4.199430 69.238411 -21.516417 -21.051113 85.755089 46.252747 80.427940 175.145462 155.966675 -176.685898 25.314903 35.228374 79.277519 7.334769 -0.000060 0.000139 4.884953 -0.000055 0.000091 0.000000 0.000003 0.000000 78.722511 2.999643 14.703753 64.092575 0.000041 0.000038 44.864811 0.000006 0.000039 0.000000 0.000003 0.000000 89.000008 0.000000 0.000005 96.908470 0.000003 0.000066 64.541039 -0.000043 0.000029 0.000000 0.000003 0.000000 89.015213 -0.173643 -9.998506 104.056328 -0.000004 0.000072 69.301552 -0.000053 0.000017 0.000000 0.000003 0.000000 89.060310 -0.341998 -19.997200 110.000000 -0.000001 0.000001 79.999985 0.000000 -0.000009 172.373871 -171.826889 -175.420761 117.019402 -164.544373 178.616730 84.220062 -114.631027 -81.117775 21.317024 -16.248356 -8.850456 153.179810 -149.605179 -104.477501 168.892334 179.999908 -179.999939 172.602310 179.999939 -179.999969 0.000003 -0.000003 -0.000003 90.965958 -179.741180 -165.002182 92.458725 179.999985 -179.999985 118.721092 179.999985 -179.999985 0.000003 -0.000003 -0.000003 91.000015 180.000000 -179.999985 71.095741 179.999985 -179.999969 107.469757 179.999969 179.999985 0.000003 -0.000003 -0.000003 90.984818 179.826370 170.001480 70.000008 179.999985 180.000000 100.000008 -180.000000 -180.000000 0.000003 -0.000003 -0.000003 90.939713 179.657990 160.002792 70.000008 179.999985 -179.999985 100.000000 -179.999985 179.999985
30.346035 89.694328 -401.385986 7.629650 -1.111748 -0.062519 175.459854 -166.596741 166.722046 177.623032 -175.937790 -166.670898 6.306971 11.083968 -9.946762 178.577652 171.108170 -171.375198 3.448467 -0.009838 31.212854 170.605560 -163.961563 -163.077148 178.307175 -178.361572 -178.492050 177.209152 -178.389069 -178.522110 176.224747 -172.326553 -179.229446 1.397930 0.125100 -5.107969 1.445766 0.151075 -5.959185 1.001495 -1.563123 -4.384716 7.751351 5.579387 4.329966 69.762245 -21.326271 -21.554039 85.616562 46.145988 80.503342 175.185364 155.967300 -176.676163 25.280134 35.565350 79.263779 7.159026 -0.000112 0.000368 4.767909 -0.000102 0.000238 0.000000 -0.000000 0.000007 78.754173 2.991573 14.705227 64.119324 0.000235 0.000143 44.883530 0.000052 0.000195 0.000000 -0.000000 0.000007 89.000008 0.000002 -0.000007 96.940285 0.000073 0.000304 64.562225 -0.000173 0.000145 0.000000 -0.000000 0.000007 89.015228 -0.173637 -9.998507 104.094269 0.000025 0.000349 69.326775 -0.000209 0.000117 0.000000 -0.000000 0.000007 89.060295 -0.342009 -19.997194 110.000000 0.000001 -0.000005 79.999969 -0.000002 -0.000006 172.255463 -171.811005 -175.301865 116.997643 -165.161438 178.970718 84.095024 -114.673180 -80.992783 21.305298 -16.327290 -8.874035 153.245804 -149.719849 -104.547394 168.821976 179.999695 -179.999771 172.555420 179.999771 -179.999863 0.000000 -0.000000 0.000000 90.965927 -179.741196 -165.002182 92.490334 -180.000000 -179.999985 118.743248 179.999985 -179.999985 0.000000 -0.000000 0.000000 91.000000 -180.000000 179.999985 71.136902 179.999985 -179.999954 107.497200 179.999969 180.000000 0.000000 -0.000000 0.000000 90.984802 179.826355 170.001495 69.999992 179.999985 179.999985 100.000023 -179.999985 -179.999985 0.000000 -0.000000 0.000000 90.939690 179.657990 160.002792 69.999992 179.999985 179.999985 100.000008 180.000000 -179.999985
29.970783 89.356903 -400.078644 7.591275 -1.189861 -0.167243 175.458282 -167.211990 167.126785 177.447891 -174.948486 -165.927795 5.369584 11.340941 -9.646778 178.958176 170.924454 -172.300446 3.698033 0.026434 33.944912 170.628571 -164.299301 -162.053482 178.325256 -178.419586 -178.549408 177.237228 -178.445816 -178.578110 176.271057 -172.598190 -179.255966 1.414764 0.126195 -5.089119 1.463182 0.152425 -5.937180 1.008330 -1.520648 -4.367901 7.666777 5.614802 4.419817 70.187233 -21.184864 -21.992863 85.599121 46.065594 80.575150 175.191757 155.960312 -176.709869 25.307055 35.739349 79.310600 7.058932 -0.000372 0.001368 4.701251 -0.000317 0.000891 0.000000 -0.000000 0.000000 78.782532 2.984955 14.706082 64.143044 0.000995 0.000490 44.900105 0.000248 0.000723 0.000000 -0.000000 0.000000 89.000008 -0.000002 0.000002 96.966637 0.000386 0.001209 64.579826 -0.000622 0.000588 0.000000 -0.000000 0.000000 89.015228 -0.173644 -9.998503 104.126793 0.000170 0.001318 69.348450 -0.000784 0.000425 0.000000 -0.000000 0.000000 89.060295 -0.342008 -19.997198 110.000015 0.000007 0.000004 80.000000 -0.000004 -0.000003 172.136261 -171.834808 -175.149292 116.954475 -165.660721 179.457016 83.980667 -114.540596 -80.895370 21.283155 -16.413340 -8.888239 153.248611 -149.722076 -104.548126 168.820648 179.998550 -179.998703 172.554550 179.998932 -179.999283 0.000000 -0.000000 0.000000 90.965904 -179.741196 -165.002182 92.472397 -179.999939 -179.999741 118.730652 179.999847 -179.999863 0.000000 -0.000000 0.000000 91.000000 -179.999985 -179.999985 71.126610 179.999954 -179.999619 107.490334 179.999741 -179.999954 0.000000 -0.000000 0.000000 90.984802 179.826370 170.001495 69.999977 179.999985 180.000000 100.000008 -179.999985 179.999985 0.000000 -0.000000 0.000000 90.939690 179.658005 160.002792 70.000015 -179.999985 -179.999985 100.000000 -179.999985 179.999985
29.555523 88.514366 -398.764771 7.389021 -1.434734 -0.331309 175.613815 -167.948425 167.634430 177.214920 -174.330246 -165.002304 4.349000 11.323036 -9.581313 179.446289 170.196823 -173.327789 4.058180 -0.349673 36.994957 170.579651 -165.073288 -161.193283 178.388809 -178.515625 -178.585129 177.341263 -178.540329 -178.612991 176.414062 -173.047760 -179.254654 1.428979 0.127206 -5.075939 1.477910 0.153638 -5.921799 1.013461 -1.470810 -4.355787 7.561377 5.650597 4.450906 70.535614 -21.022512 -22.240557 85.680649 46.132607 80.616096 175.163696 155.949203 -176.807266 25.655138 36.405228 79.738373 6.634223 -0.000003 -0.000069 4.418393 0.000002 -0.000048 0.000000 -0.000000 0.000000 79.022430 2.921853 14.718544 64.345764 0.000846 0.000399 45.042042 0.000220 0.000627 0.000000 -0.000000 0.000000 89.000031 0.000007 -0.000017 97.202957 0.000326 0.001051 64.737152 -0.000550 0.000517 0.000000 -0.000000 0.000000 89.015213 -0.173632 -9.998517 104.387955 0.000131 0.001027 69.522392 -0.000612 0.000307 0.000000 -0.000000 0.000000 89.060303 -0.342006 -19.997213 110.000015 -0.000005 -0.000005 80.000000 0.000001 0.000001 171.966248 -171.875610 -174.997574 116.961304 -166.331055 179.795898 83.667854 -114.601807 -80.615608 21.225502 -16.546207 -8.836061 153.198120 -150.497025 -104.706352 168.364304 179.999069 -179.998718 172.250626 179.999268 -179.999252 0.000000 -0.000000 0.000000 90.965927 -179.741196 -165.002182 92.499504 -179.999786 -179.999466 118.749641 179.999741 -179.999695 0.000000 -0.000000 0.000000 91.000000 -180.000000 179.999985 71.170731 -179.999985 -179.999237 107.519699 179.999527 -179.999847 0.000000 -0.000000 0.000000 90.984779 179.826355 170.001495 70.000008 179.999985 179.999985 100.000008 179.999985 -179.999985 0.000000 -0.000000 0.000000 90.939751 179.657990 160.002808 69.999977 -179.999985 179.999985 100.000023 -180.000000 179.999985
29.110380 88.451645 -397.426483 6.923384 -1.892245 -0.635613 176.116013 -169.101471 168.194473 177.086166 -174.768311 -163.887863 3.556369 10.523924 -10.105564 0.025268 10.647797 5.698160 4.255492 -0.960211 39.944588 170.578613 -166.612869 -161.182526 178.514160 -178.625702 -178.511826 177.549011 -178.649948 -178.542343 176.682953 -173.564972 -179.172699 1.444086 0.129418 -5.123166 1.493508 0.156280 -5.976912 1.009355 -1.283958 -4.397071 7.463143 5.783838 4.195329 70.654564 -20.861177 -21.875668 85.763489 46.525089 80.563538 175.085999 155.960281 -176.967865 25.838823 36.332981 79.923790 6.642277 -0.000000 0.000002 4.423753 -0.000003 -0.000000 0.000000 -0.000000 0.000000 79.108612 2.898318 14.723631 64.418793 -0.000006 -0.000004 45.093151 0.000001 -0.000003 0.000000 -0.000000 0.000000 89.000008 0.000002 -0.000007 97.293488 -0.000007 -0.000008 64.797455 -0.000002 0.000003 0.000000 -0.000000 0.000000 89.015205 -0.173634 -9.998509 104.474289 0.000005 0.000001 69.579880 0.000004 -0.000006 0.000000 -0.000000 0.000000 89.060295 -0.342006 -19.997196 110.000000 0.000001 -0.000001 79.999985 0.000003 0.000002 171.733994 -172.135590 -175.223511 117.086464 -167.291489 -179.755524 83.531364 -114.572891 -80.481941 21.071260 -16.752581 -8.702142 153.226883 -150.846298 -104.806664 168.158524 180.000000 180.000000 172.113571 -180.000000 180.000000 0.000000 0.000003 0.000000 90.965935 -179.741196 -165.002197 92.541214 -179.999985 -179.999985 118.778824 -180.000000 179.999985 0.000000 0.000003 0.000000 91.000023 -179.999985 179.999985 71.225685 179.999985 180.000000 107.556335 -179.999985 -179.999985 0.000000 0.000003 0.000000 90.984818 179.826370 170.001495 70.000008 179.999985 179.999985 100.000008 -179.999985 -179.999985 0.000000 0.000003 0.000000 90.939728 179.658005 160.002792 69.999977 180.000000 179.999985 100.000008 180.000000 180.000000
28.663973 88.383896 -396.078857 6.489470 -2.338698 -0.925438 176.593903 -170.232620 168.788391 176.955521 -175.100967 -162.820175 2.793417 9.801932 -10.576499 0.596777 11.510617 4.722629 4.468214 -1.570725 42.919872 170.497864 -168.083328 -161.040512 178.633865 -178.735474 -178.451080 177.747055 -178.758698 -178.482986 176.941406 -174.080597 -179.096558 1.458966 0.131634 -5.162757 1.508867 0.158950 -6.023100 1.005850 -1.104423 -4.430734 7.356208 5.909250 3.986060 70.802917 -20.695534 -21.585815 85.860817 46.883209 80.526405 175.013931 155.965714 -177.120514 26.024723 36.311829 80.119530 6.619833 -0.000012 -0.000200 4.408813 0.000002 -0.000132 0.000000 -0.000000 0.000003 79.199715 2.874524 14.728138 64.495750 0.000115 0.000048 45.147022 0.000026 0.000081 0.000000 -0.000000 0.000003 88.999977 -0.000005 0.000010 97.387177 0.000041 0.000150 64.859871 -0.000078 0.000060 0.000000 -0.000000 0.000003 89.015175 -0.173639 -9.998507 104.565147 0.000006 0.000142 69.640381 -0.000081 0.000039 0.000000 -0.000000 0.000003 89.060295 -0.342005 -19.997196 109.999992 -0.000005 -0.000001 79.999969 0.000001 0.000001 171.503922 -172.372391 -175.392242 117.209938 -168.194290 -179.276184 83.374763 -114.511139 -80.330017 20.929115 -16.951593 -8.570046 153.219009 -151.183197 -104.846802 167.971420 179.999634 -179.999573 171.988968 179.999725 -179.999756 0.000000 -0.000000 0.000000 90.965935 -179.741196 -165.002182 92.569183 -179.999878 -179.999756 118.798462 179.999878 -179.999847 0.000000 -0.000000 0.000000 90.999992 179.999985 -179.999985 71.263939 -179.999985 -179.999664 107.581779 179.999802 -179.999924 0.000000 -0.000000 0.000000 90.984802 179.826370 170.001480 69.999985 179.999985 179.999985 100.000008 179.999985 -179.999985 0.000000 -0.000000 0.000000 90.939705 179.657990 160.002792 70.000008 179.999985 179.999985 99.999985 179.999985 -180.000000
28.206535 88.323997 -394.744965 5.950981 -2.875697 -1.240128 177.241577 -171.493668 169.341415 176.886230 -175.740601 -161.662247 2.051588 8.776137 -11.082473 1.209849 12.264271 3.759731 4.531727 -2.169255 45.832275 170.406448 -169.893463 -161.253601 178.776382 -178.853134 -178.352158 177.983215 -178.875153 -178.386093 177.248352 -174.633316 -178.991119 1.472446 0.134425 -5.228559 1.522745 0.162318 -6.099856 0.999575 -0.894163 -4.486659 7.260406 6.049597 3.606107 70.872719 -20.576429 -21.052826 85.938606 47.353054 80.471489 174.913696 155.978790 -177.308289 26.177916 36.118336 80.235588 6.704391 -0.000033 -0.000953 4.465124 0.000028 -0.000635 0.000003 -0.000000 0.000000 79.266953 2.857034 14.731401 64.552498 0.000222 0.000140 45.186756 0.000037 0.000178 0.000003 -0.000000 0.000000 89.000031 -0.000002 0.000012 97.462433 0.000052 0.000359 64.909996 -0.000206 0.000120 0.000003 -0.000000 0.000000 89.015213 -0.173634 -9.998515 104.627945 -0.000038 0.000336 69.682198 -0.000218 0.000044 0.000003 -0.000000 0.000000 89.060310 -0.342006 -19.997198 110.000015 -0.000000 0.000000 80.000008 -0.000000 0.000000 171.247726 -172.685898 -175.745895 117.416824 -169.280716 -178.906296 83.226318 -114.580124 -80.176414 20.744762 -17.183256 -8.403144 153.299591 -151.602066 -105.045807 167.708344 179.998428 -179.998383 171.813751 179.998810 -179.999084 0.000000 -0.000000 0.000003 90.965935 -179.741211 -165.002182 92.647316 -179.999573 -179.999069 118.853119 179.999588 -179.999420 0.000000 -0.000000 0.000003 90.999992 179.999985 -179.999985 71.360947 -179.999954 -179.998672 107.646400 179.999191 -179.999710 0.000000 -0.000000 0.000003 90.984779 179.826355 170.001495 69.999992 179.999985 179.999985 100.000038 -179.999985 179.999985 0.000000 -0.000000 0.000003 90.939735 179.657974 160.002792 69.999985 180.000000 -179.999985 100.000038 -180.000000 179.999985
27.764753 88.278046 -393.445099 5.291806 -3.369588 -1.679425 178.026382 -172.607956 169.858917 176.924118 -176.964645 -160.325470 1.212984 7.193336 -11.517036 1.887280 13.170087 2.995734 4.468591 -3.171427 48.560692 170.342072 -171.942184 -161.877518 178.941086 -178.955322 -178.167725 178.257645 -178.976425 -178.204849 177.597900 -175.115387 -178.824265 1.488688 0.138647 -5.336427 1.539417 0.167433 -6.225692 0.993022 -0.652569 -4.578289 7.198480 6.236885 3.038184 70.861809 -20.500795 -20.265049 85.950813 47.952759 80.373840 174.794449 156.017578 -177.516861 26.323778 35.682232 80.266647 6.936381 0.000453 -0.001998 4.619631 0.000401 -0.001299 0.000000 -0.000000 0.000000 79.334686 2.839452 14.734747 64.609726 0.000320 0.000287 45.226776 0.000016 0.000299 0.000000 -0.000000 0.000000 89.000000 0.000002 -0.000002 97.543381 -0.000064 0.000601 64.963913 -0.000378 0.000124 0.000000 -0.000000 0.000000 89.015182 -0.173638 -9.998502 104.693970 -0.000256 0.000629 69.726181 -0.000448 -0.000021 0.000000 -0.000000 0.000000 89.060265 -0.342007 -19.997198 109.999992 -0.000002 -0.000003 80.000000 0.000001 -0.000004 170.985443 -173.090485 -176.312836 117.704872 -170.522659 -178.539154 83.191956 -114.662964 -80.118568 20.522221 -17.433493 -8.231350 153.489044 -152.085526 -105.497215 167.354736 179.996918 -179.996826 171.578262 179.997635 -179.998215 0.000000 -0.000000 0.000000 90.965927 -179.741196 -165.002182 92.750069 -179.999039 -179.997498 118.924988 179.998810 -179.998566 0.000000 -0.000000 0.000000 90.999992 180.000000 179.999985 71.490044 179.999847 -179.996490 107.732391 179.997757 -179.999374 0.000000 -0.000000 0.000000 90.984810 179.826355 170.001480 70.000023 -179.999985 -179.999985 100.000008 -179.999985 179.999985 0.000000 -0.000000 0.000000 90.939728 179.657990 160.002808 70.000031 -179.999985 -179.999985 100.000053 179.999985 179.999985
27.336538 88.266495 -392.213257 4.549282 -3.924666 -2.070870 178.872620 -173.919006 170.086151 177.263367 -178.642441 -158.659180 0.532753 4.655277 -12.191989 2.526848 13.981481 2.102394 4.267553 -3.977380 51.388416 170.510284 -173.971985 -162.973328 179.118835 -179.058594 -177.972870 178.554138 -179.077759 -178.013046 177.977661 -175.600250 -178.650452 1.511113 0.144632 -5.479480 1.562444 0.174675 -6.392570 0.988923 -0.386555 -4.699615 7.159230 6.491059 2.378359 70.805214 -20.355585 -19.213297 85.850601 48.727245 80.202530 174.645752 156.095169 -177.748550 26.525686 35.022823 80.352654 7.275143 0.000730 -0.001467 4.845252 0.000580 -0.000933 0.000000 -0.000000 0.000000 79.394394 2.824159 14.737821 64.660049 0.000355 0.000588 45.262039 -0.000131 0.000474 0.000000 -0.000000 0.000000 89.000015 0.000010 -0.000000 97.620338 -0.000461 0.000894 65.015175 -0.000673 -0.000024 0.000000 -0.000000 0.000000 89.015190 -0.173637 -9.998513 104.754288 -0.001011 0.001116 69.766342 -0.000928 -0.000376 0.000000 -0.000000 0.000000 89.060318 -0.341995 -19.997200 110.000000 -0.000007 -0.000004 79.999992 -0.000005 -0.000004 170.685410 -173.589127 -177.119537 118.119690 -172.056274 -178.338348 83.245094 -114.961594 -80.114037 20.291555 -17.691881 -8.088346 153.895630 -152.406799 -106.241592 167.035690 179.995468 -179.995239 171.365768 179.996536 -179.997330 0.000000 -0.000000 0.000000 90.965912 -179.741211 -165.002167 92.916412 -179.998779 -179.995468 119.041458 179.997635 -179.997711 0.000000 -0.000000 0.000000 91.000000 180.000000 179.999985 71.703850 179.998932 -179.993759 107.874786 179.995834 -179.999405 0.000000 -0.000000 0.000000 90.984749 179.826355 170.001495 70.000008 179.999985 -179.999985 100.000008 -179.999985 179.999985 0.000000 -0.000000 0.000000 90.939743 179.657990 160.002792 69.999969 180.000000 -179.999985 100.000076 -179.999985 179.999985
27.052086 88.365204 -391.151428 3.990546 -4.306853 -2.290968 179.336227 -174.900085 169.643311 177.839279 -179.496628 -156.411743 0.059648 3.065370 -13.198066 2.837614 14.257833 0.915333 3.868178 -4.576801 53.714108 171.380600 -175.021652 -164.787445 179.252151 -179.126099 -177.815979 178.776016 -179.143402 -177.859512 178.265335 -175.918106 -178.521667 1.524239 0.147282 -5.530181 1.575979 0.177879 -6.451721 0.984812 -0.214049 -4.742800 7.201061 6.770522 1.954093 70.600731 -19.777050 -18.182262 85.482925 49.509277 79.969872 174.513947 156.199066 -177.893982 26.950251 34.671200 80.892883 7.355656 -0.000000 0.000001 4.898868 -0.000003 -0.000000 0.000000 -0.000000 0.000000 79.475067 2.802071 14.741852 64.728432 -0.000000 0.000000 45.309902 -0.000000 0.000000 0.000000 -0.000000 0.000000 89.000031 0.000002 -0.000002 97.714394 -0.000012 -0.000008 65.077789 -0.000002 0.000003 0.000000 -0.000000 0.000000 89.015190 -0.173643 -9.998510 104.886208 -0.000004 -0.000010 69.854240 -0.000003 0.000007 0.000000 -0.000000 0.000000 89.060318 -0.342004 -19.997200 109.999992 -0.000005 -0.000001 79.999969 0.000001 -0.000004 170.492722 -174.021683 -177.792252 118.440559 -173.487457 -178.444611 83.849373 -115.258827 -80.839554 20.119152 -17.919441 -8.056058 154.455185 -152.510178 -107.104492 166.820465 -180.000000 179.999985 171.222412 -180.000000 180.000000 179.999985 180.000000 -179.999985 90.965919 -179.741196 -165.002182 93.099815 -179.999985 -179.999985 119.169861 -180.000000 179.999985 179.999985 180.000000 -179.999985 91.000000 180.000000 179.999985 71.953339 180.000000 -179.999985 108.040932 -179.999985 179.999985 179.999985 180.000000 -179.999985 90.984795 179.826355 170.001495 70.000008 179.999985 179.999985 100.000023 -179.999985 -179.999985 179.999985 180.000000 -179.999985 90.939705 179.657990 160.002792 70.000008 180.000000 -179.999985 100.000023 -179.999985 179.999985
26.749701 88.559456 -390.073364 3.405966 -4.712645 -2.521122 179.857620 -175.964539 169.226059 178.502670 179.560333 -154.205475 179.624008 178.714783 165.877762 3.187672 14.572357 -0.202033 3.449897 -5.162230 56.058418 172.122086 -176.242935 -166.496887 179.389771 -179.194977 -177.657394 179.005554 -179.209885 -177.703476 178.562622 -176.239014 -178.388428 1.538643 0.150523 -5.591815 1.590835 0.181782 -6.523620 0.979461 -0.018644 -4.794799 7.227900 7.059818 1.493287 70.452339 -19.285080 -17.169312 85.119858 50.265347 79.733917 174.378601 156.303040 -178.044495 27.302998 34.253647 81.327560 7.486328 -0.000347 0.000536 4.985892 -0.000268 0.000335 0.000000 -0.000000 0.000000 79.529053 2.788303 14.744582 64.773964 0.000074 0.000330 45.341755 -0.000122 0.000194 0.000000 -0.000000 0.000000 89.000000 -0.000002 0.000002 97.781021 -0.000317 0.000354 65.122147 -0.000315 -0.000096 0.000000 -0.000000 0.000000 89.015205 -0.173642 -9.998502 104.981468 -0.000586 0.000415 69.917671 -0.000395 -0.000276 0.000000 -0.000000 0.000000 89.060295 -0.342001 -19.997198 110.000000 -0.000000 0.000000 80.000008 -0.000002 0.000003 170.278427 -174.481247 -178.513870 118.797272 -174.910721 -178.434082 84.409180 -115.499657 -81.468307 19.940977 -18.145313 -8.019783 154.956741 -152.568481 -107.894638 166.648224 179.998001 -179.998047 171.107727 179.998489 -179.998932 180.000000 -179.999985 180.000000 90.965942 -179.741180 -165.002182 93.263695 -179.999802 -179.998672 119.284584 179.999268 -179.999420 180.000000 -179.999985 180.000000 91.000000 180.000000 180.000000 72.177078 179.999466 -179.998291 108.189957 179.998810 -179.999969 180.000000 -179.999985 180.000000 90.984840 179.826355 170.001495 69.999969 179.999985 179.999985 99.963669 179.999283 179.999847 180.000000 -179.999985 180.000000 90.939720 179.658005 160.002808 69.999985 -179.999985 -179.999985 100.000023 -179.999985 -180.000000
26.518705 88.270859 -389.068451 2.888871 -5.056356 -2.700600 0.140972 -3.218262 -11.387395 179.254333 179.070602 -151.662445 179.241486 -179.985901 164.756317 3.424850 14.695230 -1.575325 2.898883 -5.641802 58.441078 173.245728 -177.090652 -168.506927 179.515732 -179.263062 -177.502502 179.215103 -179.275467 -177.551178 178.836777 -176.556061 -178.261948 1.546605 0.152003 -5.609704 1.599057 0.183582 -6.544489 0.975573 0.094819 -4.809768 7.295627 7.329968 1.122849 70.192299 -18.511044 -16.092569 84.594696 51.109657 79.428703 174.249481 156.413498 -178.170441 28.207365 34.079166 82.494316 7.333256 -0.000290 0.000524 4.883948 -0.000219 0.000330 0.000000 -0.000000 0.000000 79.787003 2.720358 14.756966 64.991951 0.000022 0.000257 45.494362 -0.000113 0.000145 0.000000 -0.000000 0.000000 88.999977 -0.000002 -0.000002 98.055580 -0.000316 0.000292 65.305016 -0.000264 -0.000113 0.000000 -0.000000 0.000000 89.015182 -0.173641 -9.998505 105.339920 -0.000770 0.000437 70.156357 -0.000455 -0.000382 0.000000 -0.000000 0.000000 89.060280 -0.342008 -19.997213 110.000000 -0.000005 -0.000001 80.000000 -0.000001 0.000004 170.105850 -174.859802 -179.101746 119.103325 -176.411880 -178.854477 85.100914 -116.027168 -82.345947 19.773636 -18.380991 -7.998017 155.816223 -153.204910 -109.407822 166.050034 -179.999725 179.999680 170.709320 -179.999786 179.999817 0.000007 0.000000 -0.000003 90.965942 -179.741180 -165.002182 93.640831 -179.999954 -179.999588 119.548607 179.999756 -179.999847 0.000007 0.000000 -0.000003 91.000000 -179.999985 179.999985 72.671684 179.999664 -179.999161 108.519325 179.999390 179.999969 0.000007 0.000000 -0.000003 90.984840 179.826370 170.001480 69.999962 179.999985 -179.999985 100.190384 -179.999817 -179.999939 0.000007 0.000000 -0.000003 90.939751 179.658005 160.002792 70.000000 179.999985 -179.999985 100.000000 179.999985 180.000000
26.334957 87.979614 -388.098633 2.481371 -5.283409 -2.864174 0.284932 -2.845812 -11.985092 179.878937 178.849991 -149.136810 178.944153 -179.268494 163.421616 3.540014 14.694522 -3.071640 2.321231 -6.021081 60.737846 174.631332 -177.535324 -170.614288 179.620529 -179.318329 -177.346863 179.389420 -179.328445 -177.398285 179.064972 -176.813599 -178.139542 1.556338 0.152912 -5.601214 1.609119 0.184705 -6.534565 0.976010 0.160968 -4.802174 7.395025 7.587143 0.947458 69.821396 -17.431875 -14.995908 83.954361 52.032913 79.053436 174.139923 156.526031 -178.273651 28.596670 33.931953 83.028473 7.292696 -0.000614 0.001264 4.856932 -0.000478 0.000803 0.000000 -0.000000 0.000003 79.854767 2.702603 14.760221 65.049171 0.000041 0.000310 45.534428 -0.000139 0.000164 0.000000 -0.000000 0.000003 89.000000 0.000005 0.000010 98.142479 -0.000312 0.000302 65.362885 -0.000275 -0.000115 0.000000 -0.000000 0.000003 89.015213 -0.173639 -9.998520 105.484222 -0.001108 0.000658 70.252464 -0.000666 -0.000543 0.000000 -0.000000 0.000003 89.060287 -0.342003 -19.997194 110.000031 -0.000008 0.000001 79.999962 0.000001 0.000001 169.980072 -175.139145 -179.484543 119.321518 -177.809555 -179.483795 85.923630 -116.609703 -83.472916 19.631956 -18.605589 -7.965942 156.257004 -153.054535 -110.072121 166.022537 -179.998627 179.998032 170.691025 -179.998901 179.998856 0.000003 -0.000000 0.000000 90.965958 -179.741180 -165.002197 93.727119 179.999969 179.999069 119.608978 -179.999466 179.999664 0.000003 -0.000000 0.000000 91.000015 -179.999985 179.999985 72.810188 -179.999802 179.999557 108.611610 -179.999680 -179.999969 0.000003 -0.000000 0.000000 90.984802 179.826370 170.001480 70.000008 179.999985 179.999985 100.216858 -179.998428 -179.999390 0.000003 -0.000000 0.000000 90.939743 179.658005 160.002792 70.000015 -180.000000 -179.999985 100.000000 180.000000 -179.999985
26.171974 87.705208 -387.143158 2.233085 -5.538397 -2.869016 0.314463 -2.339565 -12.513502 0.147827 0.521234 33.087746 178.593811 -179.320511 162.051163 3.483104 14.564473 -4.908059 1.743734 -6.096470 63.013126 176.209808 -177.645599 -172.722504 179.694901 -179.388412 -177.245224 179.511871 -179.396744 -177.298386 179.233597 -177.141068 -178.058685 1.563314 0.152450 -5.557435 1.616368 0.184155 -6.483496 0.980249 0.150701 -4.764314 7.526176 7.785925 0.995985 69.328918 -16.028175 -13.963190 83.246063 52.972889 78.647285 174.055176 156.611938 -178.386261 28.837551 33.980629 83.336876 7.200681 -0.000662 0.001543 4.795644 -0.000527 0.000986 0.000000 -0.000000 0.000000 79.917236 2.685806 14.763039 65.102074 0.000004 0.000007 45.571407 0.000004 0.000009 0.000000 -0.000000 0.000000 89.000038 0.000002 -0.000002 98.204636 -0.000047 0.000050 65.404327 -0.000042 -0.000011 0.000000 -0.000000 0.000000 89.015228 -0.173630 -9.998487 105.635818 -0.000535 0.000363 70.353424 -0.000337 -0.000263 0.000000 -0.000000 0.000000 89.060280 -0.342006 -19.997198 110.000023 0.000002 0.000003 80.000000 -0.000000 0.000009 169.881363 -175.271149 -179.642807 119.437126 -179.107178 179.613739 86.803864 -117.343758 -84.778465 19.537695 -18.841255 -7.884265 156.544113 -152.811569 -110.468224 166.088104 -179.997681 179.995972 170.734650 -179.998047 179.997604 0.000007 -0.000000 0.000000 90.965927 -179.741196 -165.002182 93.732437 179.999908 179.997025 119.612701 -179.998215 179.998917 0.000007 -0.000000 0.000000 91.000023 -179.999985 180.000000 72.851273 -179.998718 179.997330 108.638939 -179.998047 -179.999756 0.000007 -0.000000 0.000000 90.984810 179.826370 170.001495 69.999992 179.999985 179.999985 100.132462 -179.998047 -179.999207 0.000007 -0.000000 0.000000 90.939743 179.658005 160.002792 70.000061 179.999985 179.999985 100.000000 179.999985 -179.999985
26.007280 87.461510 -386.112488 2.126307 -5.672474 -2.957395 0.451230 -2.668766 -12.193359 179.858643 179.940536 -145.645264 178.357819 179.848068 160.759995 3.483242 14.516659 -6.691608 1.095969 -6.316556 64.714981 177.337814 -177.519333 -174.863785 179.746155 -179.455841 -177.077774 179.595856 -179.462967 -177.134171 179.353043 -177.456329 -177.935883 1.562963 0.152104 -5.552922 1.616025 0.183703 -6.478231 0.986768 0.059477 -4.759907 7.635932 7.855559 1.020321 68.604790 -14.413902 -13.065201 82.763092 53.666008 78.313194 173.986069 156.636475 -178.548019 28.852345 34.099739 83.340141 7.138436 0.000004 -0.000002 4.754194 -0.000010 0.000000 0.000000 -0.000000 0.000000 79.917519 2.685706 14.763044 65.102341 0.000002 -0.000003 45.571636 -0.000003 0.000006 0.000000 -0.000000 0.000000 89.000015 0.000002 -0.000002 98.207603 -0.000002 -0.000003 65.406303 0.000002 -0.000003 0.000000 -0.000000 0.000000 89.015205 -0.173636 -9.998499 105.663116 -0.000001 0.000005 70.371620 0.000002 0.000006 0.000000 -0.000000 0.000000 89.060295 -0.342004 -19.997198 110.000000 -0.000000 0.000000 80.000000 -0.000004 0.000010 169.791016 -175.220001 -179.623276 119.448067 179.730011 178.596970 87.639954 -118.051392 -86.123978 19.472704 -19.113926 -7.691577 156.528244 -152.548767 -110.374084 166.243484 -180.000000 -180.000000 170.838165 179.999985 -179.999985 0.000000 -0.000000 0.000000 90.965935 -179.741196 -165.002182 93.647392 180.000000 180.000000 119.553200 180.000000 179.999985 0.000000 -0.000000 0.000000 91.000015 180.000000 180.000000 72.767937 180.000000 180.000000 108.583443 -179.999985 179.999985 0.000000 -0.000000 0.000000 90.984818 179.826355 170.001495 70.000008 -179.999985 -179.999985 100.073578 179.999985 179.999985 0.000000 -0.000000 0.000000 90.939743 179.657990 160.002792 69.999992 -179.999985 -179.999985 100.000008 180.000000 180.000000
25.848120 87.212242 -385.091675 2.012681 -5.817392 -3.045053 0.554283 -2.956339 -11.953178 179.606674 -179.598495 -144.271835 178.092072 179.070312 159.448563 3.490257 14.450747 -8.481139 0.412551 -6.511282 66.500282 178.539047 -177.477921 -176.977386 179.798920 -179.524414 -176.912796 179.682449 -179.530197 -176.972260 179.475098 -177.776550 -177.813568 1.562660 0.151468 -5.538822 1.615747 0.182900 -6.461797 0.993276 -0.023984 -4.747713 7.751682 7.932904 1.053109 67.905518 -12.805578 -12.159900 82.192154 54.395550 77.929955 173.914291 156.663834 -178.704025 28.875130 34.221054 83.354485 7.073474 -0.000075 0.000216 4.710925 -0.000077 0.000139 0.000000 -0.000000 0.000000 79.923210 2.684123 14.763300 65.107140 -0.000022 -0.000055 45.574989 0.000027 -0.000048 0.000000 -0.000000 0.000000 89.000008 -0.000002 -0.000002 98.217094 0.000053 -0.000069 65.412590 0.000054 0.000010 0.000000 -0.000000 0.000000 89.015213 -0.173648 -9.998516 105.699677 0.000029 -0.000030 70.396027 0.000019 0.000018 0.000000 -0.000000 0.000000 89.060295 -0.342006 -19.997194 110.000000 0.000002 -0.000010 80.000008 -0.000008 0.000002 169.701431 -175.174866 -179.606445 119.430145 178.556686 177.548141 88.471375 -118.816292 -87.435432 19.410046 -19.383806 -7.510202 156.535782 -152.278229 -110.318672 166.396973 -179.999695 179.999329 170.940384 -179.999725 179.999588 180.000000 180.000000 -179.999985 90.965927 -179.741196 -165.002182 93.566528 179.999969 179.999420 119.496567 -179.999664 179.999786 180.000000 180.000000 -179.999985 90.999992 179.999985 179.999985 72.691551 -179.999741 179.999420 108.532585 -179.999573 -179.999969 180.000000 180.000000 -179.999985 90.984795 179.826355 170.001480 70.000008 -179.999985 -180.000000 100.000031 179.999985 -180.000000 180.000000 180.000000 -179.999985 90.939705 179.657990 160.002808 70.000008 -179.999985 -179.999985 100.000008 -180.000000 179.999985
25.675171 86.975662 -384.029114 1.931773 -5.912432 -3.153715 0.731187 -3.394064 -11.372470 179.064285 -178.975922 -143.247818 177.806961 177.944885 158.114792 3.508868 14.425624 -10.285361 179.730515 -173.377289 -111.890839 179.681198 -177.310593 -179.198944 179.848068 -179.587250 -176.721451 179.763092 -179.591721 -176.784531 179.588058 -178.070389 -177.673492 1.562984 0.151991 -5.560966 1.616069 0.183509 -6.487631 1.002587 -0.124445 -4.766815 7.849927 7.990864 1.042913 67.118080 -11.112198 -11.272532 81.695625 55.047329 77.546745 173.845901 156.660309 -178.880234 28.856750 34.395424 83.297722 6.997190 -0.000001 0.000014 4.660128 -0.000007 0.000009 0.000000 -0.000000 0.000000 79.908142 2.687890 14.762587 65.094437 -0.000084 -0.000211 45.566105 0.000064 -0.000144 0.000000 -0.000000 0.000000 89.000008 0.000002 0.000002 98.200600 0.000181 -0.000261 65.401604 0.000209 0.000016 0.000000 -0.000000 0.000000 89.015205 -0.173634 -9.998509 105.691307 0.000084 -0.000076 70.390434 0.000071 0.000029 0.000000 -0.000000 0.000000 89.060265 -0.341998 -19.997200 109.999992 0.000002 0.000003 80.000000 0.000000 -0.000004 169.604034 -175.098969 -179.559158 119.370941 177.400803 176.484650 89.292305 -119.566399 -88.739189 19.356173 -19.678072 -7.283186 156.419235 -151.972031 -110.064934 166.600510 -179.999695 179.999237 171.075943 -179.999725 179.999542 180.000000 -179.999985 179.999985 90.965935 -179.741196 -165.002182 93.445511 179.999908 179.999237 119.411873 -179.999557 179.999695 180.000000 -179.999985 179.999985 90.999992 -179.999985 -180.000000 72.559097 -179.999695 179.999207 108.444351 -179.999435 -179.999985 180.000000 -179.999985 179.999985 90.984802 179.826370 170.001495 69.999992 179.999985 179.999985 100.000000 179.999985 -179.999985 180.000000 -179.999985 179.999985 90.939728 179.658005 160.002792 69.999985 179.999985 -180.000000 100.000008 180.000000 180.000000
25.460020 86.760864 -382.951263 1.864077 -5.954170 -3.234949 1.140047 -4.046784 -10.623636 178.313629 -178.698654 -142.688965 177.612793 176.904663 157.009598 3.539228 14.436689 -11.904081 179.173065 -173.289825 -110.661469 0.515819 -2.901960 -1.306821 179.889008 -179.646225 -176.544128 179.829712 -179.649521 -176.610626 179.684433 -178.346344 -177.544846 1.560084 0.153422 -5.620732 1.613016 0.185228 -6.557351 1.015614 -0.287373 -4.818167 7.923913 7.968606 1.001260 66.391243 -9.577155 -10.620200 81.418427 55.429989 77.285286 173.763489 156.652847 -179.076736 28.558758 34.258129 82.943436 7.142531 -0.002178 0.003922 4.756928 -0.001655 0.002490 0.000000 -0.000007 0.000000 79.782196 2.722780 14.756638 64.987671 0.000502 0.001049 45.491375 -0.000275 0.000762 0.000000 -0.000007 0.000000 89.000015 0.000002 -0.000007 98.083015 -0.000544 0.001015 65.323288 -0.000756 -0.000042 0.000000 -0.000007 0.000000 89.015190 -0.173642 -9.998513 105.570442 -0.001444 0.001633 70.309937 -0.001351 -0.000542 0.000000 -0.000007 0.000000 89.060257 -0.342005 -19.997198 110.000031 0.000004 0.000006 79.999985 0.000003 -0.000011 169.512787 -174.963013 -179.530075 119.325539 176.384644 175.654236 90.019585 -120.122452 -89.873840 19.320572 -19.952942 -7.045903 156.244629 -151.608490 -109.709221 166.852402 179.998856 -179.997559 171.243683 179.999008 -179.998520 0.000000 -0.000007 0.000000 90.965935 -179.741196 -165.002182 93.309746 -179.999878 -179.999329 119.316795 179.999649 -179.999710 0.000000 -0.000007 0.000000 91.000023 179.999985 -179.999985 72.404282 179.999741 -179.999146 108.341232 179.999420 -179.999985 0.000000 -0.000007 0.000000 90.984810 179.826355 170.001495 70.000008 180.000000 180.000000 100.000008 179.999985 -179.999985 0.000000 -0.000007 0.000000 90.939728 179.657990 160.002808 69.999977 179.999985 179.999985 100.000038 179.999985 -179.999985
25.223557 86.575562 -381.855927 1.787632 -6.025785 -3.274050 1.619413 -4.768602 -9.761963 177.676331 -178.798172 -142.319595 177.465836 176.187088 155.953018 3.531235 14.488597 -13.648964 178.758179 -173.302856 -109.727753 1.294051 -3.314170 -3.647990 179.925476 -179.714813 -176.390060 179.888138 -179.716995 -176.459488 179.775223 -178.667221 -177.433426 1.552626 0.154637 -5.688701 1.605237 0.186698 -6.636638 1.031989 -0.518831 -4.876707 7.976487 7.974827 0.993096 65.701668 -7.929978 -10.297325 81.360184 55.505596 77.168480 173.689423 156.679932 -179.297180 29.143038 34.778160 83.761147 6.687637 0.000817 -0.001505 4.453968 0.000625 -0.000958 180.000000 -179.999985 180.000000 80.029099 2.654639 14.768272 65.196953 -0.000591 -0.001205 45.637897 0.000309 -0.000893 180.000000 -179.999985 180.000000 89.000008 0.000001 -0.000008 98.305618 0.000918 -0.001778 65.471603 0.001320 0.000049 180.000000 -179.999985 180.000000 89.015190 -0.173638 -9.998502 105.885651 0.000917 -0.001086 70.519829 0.000883 0.000348 180.000000 -179.999985 180.000000 89.060295 -0.342010 -19.997196 110.000023 0.000005 0.000001 80.000000 -0.000003 -0.000003 169.432312 -174.852448 -179.528305 119.355835 175.295746 175.199615 90.837723 -120.312775 -91.060181 19.257589 -20.291252 -6.770841 156.196304 -152.246475 -109.866394 166.475586 -179.999222 179.997787 170.992722 -179.999252 179.998642 0.000000 -0.000000 0.000000 90.965935 -179.741211 -165.002182 93.449486 179.999451 179.997803 119.414658 -179.998840 179.998917 0.000000 -0.000000 0.000000 91.000015 179.999985 -179.999985 72.585205 -179.999329 179.997269 108.461761 -179.998123 179.999832 0.000000 -0.000000 0.000000 90.984779 179.826355 170.001495 69.999992 179.999985 -179.999985 100.000053 179.999985 -179.999985 0.000000 -0.000000 0.000000 90.939728 179.657990 160.002808 70.000008 -180.000000 -179.999985 99.999985 179.999985 179.999985
25.030905 86.443329 -380.761902 1.705640 -6.237588 -3.261733 1.855576 -5.240124 -9.053326 177.669693 -179.299530 -141.981400 177.327011 176.170944 155.062256 3.358409 14.620030 -15.255347 178.637436 -173.489288 -109.626457 1.873894 -3.840046 -5.634463 179.947922 -179.790451 -176.316528 179.922180 -179.791992 -176.387436 179.840591 -179.021057 -177.380722 1.555928 0.156081 -5.729995 1.608622 0.188432 -6.684822 1.044201 -0.624556 -4.912075 7.974361 8.086488 1.052178 65.216721 -6.341247 -10.419981 81.572304 55.226917 77.348068 173.621841 156.788132 -179.504837 29.208624 34.539471 84.023819 6.747508 -0.000000 0.000002 4.493838 0.000003 -0.000000 0.000000 -0.000000 0.000000 79.962631 2.673836 14.765142 65.140442 -0.000002 0.000003 45.598301 -0.000008 -0.000007 0.000000 -0.000000 0.000000 89.000008 -0.000002 0.000002 98.225800 0.000009 0.000006 65.418381 -0.000004 -0.000007 0.000000 -0.000000 0.000000 89.015190 -0.173642 -9.998502 105.830734 0.000004 0.000005 70.483284 -0.000002 -0.000006 0.000000 -0.000000 0.000000 89.060303 -0.342015 -19.997200 110.000015 -0.000007 -0.000004 80.000000 -0.000007 0.000008 169.390640 -174.937897 -179.571304 119.505989 174.198700 175.343140 91.590424 -119.995697 -92.046425 19.207342 -20.545830 -6.594853 156.222488 -152.056213 -109.886703 166.569794 179.999985 -179.999985 171.055481 179.999985 -180.000000 0.000000 -0.000000 0.000000 90.965935 -179.741196 -165.002197 93.374519 180.000000 180.000000 119.362198 179.999985 -180.000000 0.000000 -0.000000 0.000000 91.000015 -179.999985 -180.000000 72.490646 -179.999985 -179.999985 108.398773 -180.000000 -180.000000 0.000000 -0.000000 0.000000 90.984802 179.826370 170.001495 70.000008 179.999985 180.000000 100.000008 -180.000000 -180.000000 0.000000 -0.000000 0.000000 90.939705 179.658005 160.002792 69.999977 -179.999985 -179.999985 100.000038 -179.999985 179.999985
24.828173 86.303780 -379.666382 1.623939 -6.429036 -3.251856 2.120872 -5.798971 -8.323903 177.591629 -179.825897 -141.650574 177.191055 176.096680 154.152390 3.216455 14.748423 -16.879650 178.490860 -173.652298 -109.428253 2.489963 -4.371502 -7.698323 179.971725 -179.864548 -176.234985 179.958771 -179.865341 -176.307449 179.907944 -179.367279 -177.321808 1.557767 0.157563 -5.775588 1.610464 0.190239 -6.738014 1.057259 -0.745728 -4.951455 7.977693 8.187798 1.105814 64.694633 -4.752669 -10.525198 81.772820 54.967148 77.496208 173.548981 156.883072 -179.713272 29.274113 34.306389 84.272408 6.803328 0.000197 -0.000321 4.531019 0.000148 -0.000203 0.000000 -0.000000 0.000000 79.895714 2.691149 14.762008 65.084000 -0.000101 -0.000198 45.558788 0.000063 -0.000151 0.000000 -0.000000 0.000000 89.000000 -0.000002 0.000002 98.146866 0.000166 -0.000320 65.365822 0.000239 0.000007 0.000000 -0.000000 0.000000 89.015182 -0.173631 -9.998505 105.776848 0.000165 -0.000206 70.447388 0.000162 0.000064 0.000000 -0.000000 0.000000 89.060295 -0.342000 -19.997194 110.000015 -0.000002 0.000010 79.999969 0.000000 0.000009 169.344299 -175.001297 -179.609543 119.654831 173.103943 175.443665 92.373993 -119.722084 -93.083130 19.157681 -20.815516 -6.409300 156.236008 -151.878693 -109.891502 166.661179 -179.999847 179.999588 171.116348 -179.999863 179.999741 0.000000 -0.000000 0.000000 90.965942 -179.741196 -165.002182 93.296944 179.999924 179.999710 119.307846 -179.999847 179.999847 0.000000 -0.000000 0.000000 91.000015 -180.000000 -180.000000 72.393715 -179.999924 179.999588 108.334213 -179.999725 179.999969 0.000000 -0.000000 0.000000 90.984810 179.826355 170.001511 70.000008 180.000000 180.000000 100.000008 -179.999985 179.999985 0.000000 -0.000000 0.000000 90.939697 179.657990 160.002792 70.000015 179.999985 179.999985 100.000038 -180.000000 -180.000000
24.650209 86.184113 -378.574707 1.538541 -6.681495 -3.226840 2.277073 -6.044782 -7.673300 177.714523 179.762878 -141.266129 177.033905 176.235397 153.282379 2.985262 14.817132 -18.466896 178.492477 -173.958313 -109.533203 3.055865 -4.931407 -9.595592 179.990341 -179.941528 -176.183395 179.986420 -179.941772 -176.256836 179.965775 -179.726974 -177.284622 1.563948 0.159110 -5.808424 1.616806 0.192122 -6.776323 1.068792 -0.820422 -4.979752 7.959411 8.337496 1.187928 64.239700 -3.186307 -10.787440 82.056534 54.606792 77.753067 173.482086 157.010956 -179.919022 29.382744 34.006687 84.589729 6.877036 0.000512 -0.000782 4.580107 0.000382 -0.000493 0.000000 -0.000000 0.000000 79.829941 2.708019 14.758888 65.028458 -0.000229 -0.000531 45.519917 0.000161 -0.000384 0.000000 -0.000000 0.000000 89.000008 -0.000004 0.000006 98.068550 0.000487 -0.000861 65.313683 0.000659 0.000053 0.000000 -0.000000 0.000000 89.015205 -0.173635 -9.998502 105.723557 0.000519 -0.000565 70.411880 0.000465 0.000203 0.000000 -0.000000 0.000000 89.060280 -0.342005 -19.997204 110.000023 -0.000003 0.000002 80.000000 0.000003 -0.000011 169.310059 -175.156174 -179.666458 119.861816 172.005630 175.766098 93.138878 -119.286453 -94.057785 19.123611 -21.047564 -6.263385 156.289215 -151.673920 -109.972305 166.752792 -179.999588 179.998810 171.177338 -179.999588 179.999268 0.000000 -0.000000 0.000000 90.965912 -179.741196 -165.002182 93.230850 179.999802 179.999344 119.261581 -179.999664 179.999664 0.000000 -0.000000 0.000000 91.000023 180.000000 179.999985 72.302818 -179.999847 179.999207 108.273682 -179.999466 179.999939 0.000000 -0.000000 0.000000 90.984802 179.826355 170.001495 70.000008 -179.999985 -180.000000 100.000008 179.999985 180.000000 0.000000 -0.000000 0.000000 90.939720 179.657990 160.002808 70.000008 180.000000 -179.999985 100.000008 179.999985 179.999985
24.515816 86.087746 -377.496063 1.449322 -7.005597 -3.192115 2.273896 -6.158113 -7.112428 178.120026 179.156387 -140.846405 176.939713 176.687851 152.500031 2.668365 14.913042 -19.995565 178.564743 -174.279663 -109.958405 3.516751 -5.436461 -11.218286 0.003921 0.027701 3.846275 0.005135 0.027625 3.772252 0.015485 0.129542 2.736558 1.574993 0.160770 -5.827789 1.628200 0.194133 -6.798915 1.077704 -0.833030 -4.996387 7.932510 8.503448 1.279633 63.830338 -1.635079 -11.149077 82.378044 54.216167 78.103722 173.421204 157.186920 179.857376 29.513752 33.712837 84.941185 6.939779 0.001094 -0.001656 4.621894 0.000821 -0.001040 0.000000 -0.000000 0.000000 79.770950 2.722680 14.756014 64.978775 -0.000445 -0.001190 45.485172 0.000367 -0.000805 0.000000 -0.000000 0.000000 89.000000 -0.000002 -0.000002 97.985550 0.001048 -0.001767 65.258385 0.001350 0.000134 0.000000 -0.000000 0.000000 89.015182 -0.173636 -9.998500 105.676453 0.001342 -0.001441 70.380516 0.001203 0.000522 0.000000 -0.000000 0.000000 89.060265 -0.342007 -19.997192 110.000015 0.000004 0.000006 79.999985 0.000013 -0.000007 169.293381 -175.348541 -179.735947 120.108170 170.899582 176.190201 93.864738 -118.784081 -94.962860 19.099594 -21.231585 -6.154262 156.398453 -151.392059 -110.132561 166.871826 -179.999191 179.997711 171.256638 -179.999237 179.998566 0.000000 -0.000000 0.000000 90.965897 -179.741180 -165.002197 93.172684 179.999680 179.998856 119.220894 -179.999405 179.999405 0.000000 -0.000000 0.000000 91.000000 -179.999985 180.000000 72.236259 -179.999680 179.998520 108.229332 -179.998978 179.999893 0.000000 -0.000000 0.000000 90.984764 179.826355 170.001511 70.000008 -179.999985 -179.999985 100.000038 -179.999985 -179.999985 0.000000 -0.000000 0.000000 90.939735 179.658005 160.002792 70.000008 -180.000000 179.999985 100.000008 -180.000000 179.999985
24.427588 86.014587 -376.422760 1.356081 -7.426589 -3.158467 2.096218 -5.969477 -6.582146 178.716385 178.797394 -140.397263 176.787872 177.173248 151.759552 2.256257 15.038486 -21.527504 178.654678 -174.619232 -110.700546 3.849889 -5.818240 -12.562120 0.014136 0.124795 3.859127 0.017701 0.124574 3.784838 0.060902 0.583130 2.745612 1.589883 0.162376 -5.830581 1.643592 0.196068 -6.802167 1.082433 -0.776364 -4.998402 7.895349 8.710434 1.382695 63.418606 -0.014569 -11.518806 82.714836 53.878071 78.526299 173.377197 157.394684 179.618942 29.502747 33.341702 85.102463 7.086743 0.000960 -0.001416 4.719760 0.000717 -0.000885 0.000003 -0.000000 0.000000 79.660736 2.751588 14.750717 64.885643 -0.000444 -0.001237 45.419956 0.000400 -0.000840 0.000003 -0.000000 0.000000 89.000000 -0.000011 0.000009 97.857727 0.001292 -0.002172 65.173241 0.001676 0.000159 0.000003 -0.000000 0.000000 89.015236 -0.173648 -9.998507 105.559311 0.001648 -0.001805 70.302505 0.001495 0.000627 0.000003 -0.000000 0.000000 89.060257 -0.342014 -19.997185 110.000031 0.000007 0.000004 80.000000 -0.000008 0.000002 169.280899 -175.613922 -179.820831 120.406525 169.736359 176.659988 94.556953 -118.288574 -95.826164 19.089825 -21.378914 -6.083981 156.516113 -151.000824 -110.320076 167.039581 -179.998993 179.996994 171.368362 -179.999039 179.998123 0.000000 -0.000000 0.000000 90.965935 -179.741196 -165.002182 93.095955 179.999680 179.998688 119.167183 -179.999313 179.999359 0.000000 -0.000000 0.000000 91.000015 179.999985 -179.999985 72.132256 -179.999588 179.998459 108.160072 -179.998932 179.999954 0.000000 -0.000000 0.000000 90.984818 179.826370 170.001480 69.999962 179.999985 180.000000 100.000061 179.999985 179.999985 0.000000 -0.000000 0.000000 90.939743 179.657990 160.002792 69.999977 -179.999985 -179.999985 100.000038 179.999985 179.999985
24.405548 86.022385 -375.333038 1.311570 -7.893862 -3.178020 1.775753 -5.371350 -5.890851 179.179230 178.985428 -140.367661 176.671906 177.412506 151.312531 1.733931 15.319660 -22.655920 178.627182 -174.733719 -112.014320 3.746403 -5.856491 -12.969654 0.015003 0.233788 3.862440 0.014177 0.233844 3.788113 0.088647 1.092245 2.748571 1.598498 0.162620 -5.807493 1.652492 0.196391 -6.775230 1.081046 -0.705224 -4.978268 7.834548 8.802733 1.411802 63.061745 1.383870 -11.610058 83.039459 53.813026 78.916466 173.313736 157.599564 179.388275 29.443741 33.198292 85.126884 7.152107 -0.000000 0.000001 4.763301 0.000005 0.000001 0.000000 -0.000000 0.000000 79.600029 2.769234 14.747935 64.833992 -0.000005 0.000001 45.383804 0.000003 0.000001 0.000000 -0.000000 0.000000 89.000015 -0.000001 -0.000001 97.764046 0.000004 0.000005 65.110878 0.000001 -0.000008 0.000000 -0.000000 0.000000 89.015213 -0.173643 -9.998501 105.472084 -0.000001 -0.000008 70.244408 -0.000006 -0.000000 0.000000 -0.000000 0.000000 89.060295 -0.342008 -19.997198 110.000000 0.000002 0.000003 80.000000 0.000001 0.000001 169.286987 -175.814957 -179.867813 120.651520 168.728699 176.679962 94.893257 -118.278290 -96.338890 19.114489 -21.408279 -6.096947 156.613693 -150.698853 -110.428322 167.178528 180.000000 -180.000000 171.460907 180.000000 -180.000000 0.000000 -0.000000 0.000000 90.965919 -179.741180 -165.002182 93.042488 179.999985 -179.999985 119.129730 179.999985 -179.999985 0.000000 -0.000000 0.000000 91.000023 -180.000000 -179.999985 72.067810 -179.999985 -179.999985 108.117180 180.000000 -179.999985 0.000000 -0.000000 0.000000 90.984810 179.826370 170.001495 70.000008 -179.999985 -179.999985 100.000000 180.000000 179.999985 0.000000 -0.000000 0.000000 90.939705 179.658005 160.002792 70.000008 -179.999985 179.999985 100.000000 179.999985 -179.999985
24.382225 86.019005 -374.248901 1.259366 -8.360203 -3.191580 1.449394 -4.789256 -5.263212 179.685928 179.129959 -140.261261 176.552994 177.679840 150.834763 1.229748 15.572691 -23.820595 178.607651 -174.855499 -113.230247 3.686146 -5.893275 -13.453812 0.017209 0.339721 3.866626 0.012980 0.339997 3.792246 0.118787 1.587053 2.752159 1.608916 0.163091 -5.786337 1.663273 0.196969 -6.750538 1.079390 -0.617216 -4.959617 7.778052 8.912342 1.443305 62.693577 2.773263 -11.739870 83.355530 53.719269 79.311882 173.252106 157.800293 179.160568 29.341352 32.976311 85.087517 7.271364 -0.000457 0.000618 4.842728 -0.000339 0.000384 0.000000 -0.000000 0.000000 79.517128 2.791149 14.743925 64.763939 0.000031 0.000092 45.334747 -0.000032 0.000068 0.000000 -0.000000 0.000000 89.000008 0.000001 0.000001 97.652824 0.000055 -0.000098 65.036774 0.000070 0.000008 0.000000 -0.000000 0.000000 89.015205 -0.173637 -9.998493 105.363335 0.000007 0.000003 70.171974 0.000002 -0.000003 0.000000 -0.000000 0.000000 89.060280 -0.342005 -19.997204 110.000000 -0.000009 -0.000006 79.999969 -0.000002 0.000007 169.288910 -176.032028 -179.925079 120.905632 167.718521 176.751785 95.261742 -118.227173 -96.867516 19.140944 -21.439398 -6.113509 156.693741 -150.341171 -110.525169 167.348511 -179.999985 179.999939 171.574112 -179.999985 179.999969 0.000000 -0.000000 0.000000 90.965912 -179.741180 -165.002182 92.967087 -179.999985 -179.999863 119.076942 179.999924 -179.999939 0.000000 -0.000000 0.000000 90.999992 -180.000000 179.999985 71.979256 179.999969 -179.999878 108.058159 179.999908 -179.999985 0.000000 -0.000000 0.000000 90.984779 179.826370 170.001495 70.000015 180.000000 180.000000 100.000008 -179.999985 179.999985 0.000000 -0.000000 0.000000 90.939713 179.657990 160.002808 69.999992 -179.999985 -179.999985 100.000008 179.999985 -179.999985
24.372278 86.048431 -373.151001 1.228742 -8.855410 -3.228615 1.122088 -4.096015 -4.447590 0.083134 0.561600 39.599648 176.451263 177.840927 150.433960 0.659538 15.904815 -24.924520 178.517593 -174.873459 -114.798927 3.474749 -5.863136 -13.658539 0.015697 0.461963 3.869798 0.004833 0.462660 3.795403 0.144779 2.157981 2.755728 1.613292 0.162707 -5.756969 1.667814 0.196521 -6.716274 1.078390 -0.584637 -4.934098 7.705966 8.956630 1.456789 62.302601 4.219418 -11.756685 83.693344 53.749161 79.685349 173.175385 158.015182 178.911545 29.629251 33.316917 85.604805 6.971650 0.000594 -0.001051 4.643123 0.000454 -0.000666 0.000000 -0.000000 0.000003 79.592384 2.770465 14.747557 64.827736 -0.000251 -0.000560 45.379410 0.000150 -0.000404 0.000000 -0.000000 0.000003 88.999985 0.000005 0.000005 97.674866 0.000506 -0.001087 65.051437 0.000801 -0.000008 0.000000 -0.000000 0.000003 89.015182 -0.173635 -9.998508 105.429268 0.000878 -0.001153 70.215874 0.000922 0.000289 0.000000 -0.000000 0.000003 89.060249 -0.342004 -19.997198 110.000023 0.000005 0.000001 80.000000 0.000007 -0.000003 169.304153 -176.194656 -179.950394 121.170395 166.697067 176.640121 95.530380 -118.364487 -97.345062 19.164759 -21.461811 -6.126738 156.946762 -150.410355 -110.854546 167.270493 -179.999725 179.998505 171.522156 -179.999680 179.999039 0.000003 -0.000000 0.000003 90.965958 -179.741196 -165.002182 93.063942 179.999817 179.999207 119.144783 -179.999588 179.999619 0.000003 -0.000000 0.000003 91.000000 -179.999985 179.999985 72.083649 -179.999725 179.999069 108.127693 -179.999359 179.999985 0.000003 -0.000000 0.000003 90.984810 179.826355 170.001480 70.000008 179.999985 180.000000 100.000023 -180.000000 -180.000000 0.000003 -0.000000 0.000003 90.939751 179.658005 160.002792 70.000008 -179.999985 179.999985 99.999962 179.999985 179.999985
24.361233 86.113518 -372.033356 1.224587 -9.325357 -3.280312 0.860282 -3.331297 -3.482959 0.321406 0.122533 39.212746 176.372345 177.922928 150.123962 0.052634 16.246225 -25.915421 178.421906 -174.828506 -116.599388 3.146683 -5.828959 -13.641167 0.010357 0.586880 3.869195 179.990204 179.411835 -176.205185 0.163084 2.741296 2.757077 1.612797 0.161683 -5.722713 1.667339 0.195284 -6.676297 1.078398 -0.600182 -4.904621 7.624574 8.945820 1.476973 61.920574 5.633644 -11.732023 84.063316 53.830723 80.040634 173.089630 158.226257 178.654388 29.422707 33.155727 85.383217 7.104064 0.001057 -0.001927 4.731314 0.000816 -0.001221 0.000007 -0.000000 0.000007 79.506165 2.792960 14.743420 64.754860 -0.000361 -0.000662 45.328423 0.000160 -0.000507 0.000007 -0.000000 0.000007 88.999977 0.000011 -0.000009 97.552597 0.000663 -0.001653 64.970024 0.001179 -0.000071 0.000007 -0.000000 0.000007 89.015213 -0.173632 -9.998504 105.292679 0.001289 -0.001925 70.124947 0.001497 0.000375 0.000007 -0.000000 0.000007 89.060280 -0.342000 -19.997198 110.000023 0.000004 0.000006 80.000008 -0.000001 -0.000001 169.331421 -176.294083 -179.936996 121.436310 165.727753 176.383774 95.712875 -118.630028 -97.784912 19.175179 -21.480864 -6.125699 156.949142 -150.041962 -110.800209 167.473221 -179.999725 179.997665 171.657181 -179.999588 179.998505 0.000000 -0.000000 0.000000 90.965927 -179.741196 -165.002182 92.970665 179.999725 179.998825 119.079460 -179.999374 179.999420 0.000000 -0.000000 0.000000 91.000000 179.999985 -179.999985 71.971756 -179.999557 179.998550 108.053169 -179.998993 179.999985 0.000000 -0.000000 0.000000 90.984810 179.826355 170.001511 69.999992 180.000000 179.999985 100.000008 179.999985 -180.000000 0.000000 -0.000000 0.000000 90.939705 179.657990 160.002808 69.999969 -179.999985 -179.999985 100.000031 179.999985 -179.999985
24.336649 86.216576 -370.892822 1.251184 -9.748745 -3.342212 0.691321 -2.621927 -2.359618 0.404911 -0.298276 38.560387 176.307297 177.976868 149.922546 179.410065 163.493744 153.212952 178.428238 -174.813644 -118.631645 2.710195 -5.893332 -13.464315 179.999832 179.287857 -176.136871 179.966888 179.285751 -176.211136 0.170126 3.326056 2.755358 1.607111 0.160166 -5.689633 1.661521 0.193434 -6.637722 1.083743 -0.713889 -4.876515 7.538057 8.883520 1.504008 61.550140 7.003155 -11.685904 84.474426 53.937656 80.367821 172.982925 158.432358 178.390961 29.226933 32.978672 85.160782 7.244547 0.001720 -0.003226 4.824871 0.001328 -0.002034 0.000000 -0.000000 0.000000 79.433922 2.812011 14.739932 64.693779 -0.000354 -0.000608 45.285660 0.000125 -0.000477 0.000000 -0.000000 0.000000 89.000000 -0.000001 -0.000001 97.432404 0.000685 -0.002020 64.889961 0.001410 -0.000143 0.000000 -0.000000 0.000000 89.015236 -0.173636 -9.998520 105.148361 0.001521 -0.002553 70.028778 0.001956 0.000365 0.000000 -0.000000 0.000000 89.060280 -0.342002 -19.997198 110.000038 -0.000000 0.000000 79.999969 0.000003 0.000002 169.375275 -176.337067 -179.894119 121.720062 164.817886 176.066498 95.825577 -118.963028 -98.208618 19.174694 -21.500128 -6.108689 156.908081 -149.680496 -110.677132 167.683884 -179.999786 179.997040 171.797470 -179.999588 179.998062 0.000000 -0.000000 0.000000 90.965889 -179.741196 -165.002197 92.882339 179.999588 179.998428 119.017632 -179.999191 179.999207 0.000000 -0.000000 0.000000 91.000000 179.999985 179.999985 71.860031 -179.999466 179.998047 107.978813 -179.998657 179.999969 0.000000 -0.000000 0.000000 90.984756 179.826355 170.001480 69.999962 -179.999985 -180.000000 100.000038 -180.000000 179.999985 0.000000 -0.000000 0.000000 90.939697 179.657990 160.002777 69.999992 179.999985 179.999985 100.000000 -179.999985 179.999985
24.247021 86.403664 -369.694214 1.344523 -10.044568 -3.381177 0.737995 -2.129281 -1.016470 0.222178 -0.481628 37.480690 176.388687 178.079269 150.192093 178.831802 163.247391 152.679520 178.553406 -174.809357 -121.122314 2.141841 -6.381666 -13.221046 179.979202 179.188995 -176.172867 179.928604 179.185837 -176.246368 0.146471 3.787637 2.733806 1.603058 0.158913 -5.659437 1.657337 0.191944 -6.602490 1.089231 -0.818295 -4.850739 7.438062 8.882120 1.590933 61.248997 8.196679 -11.699262 84.969757 54.018932 80.712151 172.873093 158.611374 178.132339 29.137339 32.656548 85.042358 7.437532 0.000003 -0.000001 4.953396 -0.000002 0.000002 0.000000 -0.000000 0.000000 79.399673 2.821887 14.738156 64.664703 0.000007 -0.000004 45.265301 -0.000004 -0.000009 0.000000 -0.000000 0.000000 88.999985 -0.000002 -0.000007 97.346375 -0.000010 -0.000001 64.832680 0.000002 0.000006 0.000000 -0.000000 0.000000 89.015205 -0.173638 -9.998511 105.030067 -0.000003 0.000002 69.950050 -0.000003 0.000002 0.000000 -0.000000 0.000000 89.060280 -0.342005 -19.997198 110.000000 0.000003 -0.000002 80.000000 0.000003 0.000003 169.427628 -176.419968 -179.819214 121.942879 164.059509 175.817810 95.896057 -119.232246 -98.548225 19.166960 -21.528454 -6.054576 156.843231 -149.372284 -110.549370 167.864761 -179.999985 -179.999985 171.917938 179.999985 -180.000000 180.000000 -179.999985 -179.999985 90.965927 -179.741196 -165.002167 92.796265 180.000000 179.999985 118.957405 180.000000 179.999985 180.000000 -179.999985 -179.999985 91.000015 179.999985 -179.999985 71.750755 179.999985 -180.000000 107.906006 -180.000000 179.999985 180.000000 -179.999985 -179.999985 90.984802 179.826355 170.001495 69.999992 180.000000 179.999985 100.000023 179.999985 -180.000000 180.000000 -179.999985 -179.999985 90.939713 179.657990 160.002792 70.000008 179.999985 179.999985 100.000008 180.000000 -179.999985
24.165419 86.581230 -368.503418 1.432624 -10.352748 -3.423749 0.770964 -1.605803 0.312638 0.068862 -0.706964 36.433395 176.447495 178.180862 150.394440 178.232422 162.993942 152.096115 178.667236 -174.774216 -123.566643 1.552164 -6.795739 -12.968290 179.959564 179.088028 -176.204849 179.891647 179.083786 -176.277740 0.126159 4.258942 2.714999 1.600035 0.157781 -5.629967 1.654255 0.190565 -6.568110 1.094973 -0.917988 -4.825775 7.338597 8.877707 1.671735 60.928089 9.413620 -11.714790 85.457306 54.106369 81.050453 172.756775 158.792801 177.870850 29.039652 32.349636 84.907867 7.625922 0.000303 -0.000564 5.078862 0.000236 -0.000356 180.000000 180.000000 -180.000000 79.362175 2.831641 14.736313 64.633080 -0.000043 -0.000060 45.243141 0.000013 -0.000058 180.000000 180.000000 -180.000000 89.000000 0.000005 -0.000005 97.259018 0.000099 -0.000296 64.774521 0.000214 -0.000034 180.000000 180.000000 -180.000000 89.015175 -0.173642 -9.998502 104.910423 0.000222 -0.000395 69.870300 0.000297 0.000045 180.000000 180.000000 -180.000000 89.060265 -0.342005 -19.997200 110.000000 -0.000000 0.000000 79.999969 0.000006 -0.000004 169.481110 -176.501541 -179.747147 122.175613 163.282013 175.543259 95.966148 -119.530609 -98.889626 19.159067 -21.558426 -6.004892 156.779694 -149.055969 -110.419502 168.050842 -179.999985 179.999588 172.041870 -179.999954 179.999741 0.000000 -0.000000 0.000000 90.965919 -179.741196 -165.002167 92.710007 179.999939 179.999771 118.897034 -179.999878 179.999878 0.000000 -0.000000 0.000000 90.999992 179.999985 179.999985 71.639610 -179.999939 179.999725 107.831985 -179.999817 179.999985 0.000000 -0.000000 0.000000 90.984795 179.826355 170.001495 69.999977 -179.999985 -179.999985 100.000023 179.999985 -179.999985 0.000000 -0.000000 0.000000 90.939705 179.657990 160.002808 70.000008 180.000000 180.000000 100.000008 179.999985 -179.999985
24.056316 86.790230 -367.287964 1.546191 -10.621430 -3.455364 0.889852 -1.156443 1.744411 179.818634 -179.152435 -144.775757 176.569672 178.312729 150.770874 177.653549 162.758850 151.622940 178.825424 -174.765030 -126.229904 0.878749 -7.365090 -12.703628 179.936264 178.990845 -176.251755 179.848984 178.985443 -176.323792 0.095886 4.712471 2.686279 1.594301 0.156279 -5.596553 1.648363 0.188749 -6.529136 1.100431 -1.038813 -4.797598 7.237541 8.875185 1.777859 60.618374 10.586570 -11.764566 85.982979 54.187389 81.413193 172.639755 158.966293 177.604767 28.958765 31.953533 84.782166 7.858360 0.000621 -0.001048 5.233671 0.000478 -0.000658 0.000000 -0.000000 0.000000 79.327370 2.840907 14.734583 64.603622 0.000012 0.000020 45.222530 -0.000005 0.000013 0.000000 -0.000000 0.000000 89.000015 0.000002 -0.000002 97.165001 0.000129 -0.000437 64.711891 0.000290 -0.000047 0.000000 -0.000000 0.000000 89.015228 -0.173637 -9.998510 104.779221 0.000312 -0.000563 69.782944 0.000418 0.000063 0.000000 -0.000000 0.000000 89.060287 -0.341998 -19.997200 110.000008 0.000003 0.000010 79.999947 0.000009 -0.000001 169.536072 -176.581863 -179.659668 122.406555 162.552704 175.350388 96.047699 -119.765755 -99.235931 19.153288 -21.588976 -5.940489 156.705261 -148.733414 -110.291595 168.237854 -179.999985 179.999466 172.166412 -179.999939 179.999649 0.000000 -0.000000 0.000000 90.965927 -179.741196 -165.002167 92.613762 179.999893 179.999664 118.829613 -179.999832 179.999817 0.000000 -0.000000 0.000000 91.000000 179.999985 179.999985 71.527603 -179.999908 179.999573 107.757347 -179.999710 179.999985 0.000000 -0.000000 0.000000 90.984795 179.826355 170.001495 69.999992 -179.999985 179.999985 100.000038 179.999985 179.999985 0.000000 -0.000000 0.000000 90.939705 179.657990 160.002792 70.000008 -179.999985 -179.999985 99.999992 180.000000 -179.999985
23.930145 87.029404 -366.057678 1.673020 -10.819682 -3.464631 1.049100 -0.838999 3.093188 179.525681 -179.143875 -146.012466 176.752686 178.467941 151.296188 177.163651 162.598480 151.291092 179.024292 -174.829330 -128.752197 0.195716 -7.983196 -12.491710 179.912354 178.917755 -176.309937 179.806564 178.911301 -176.380875 0.057739 5.053337 2.649292 1.588276 0.154746 -5.562404 1.642167 0.186898 -6.489293 1.102399 -1.124263 -4.768695 7.139006 8.922554 1.888652 60.367260 11.548504 -11.877818 86.502190 54.200191 81.794708 172.539444 159.114166 177.367752 28.865223 31.472214 84.626762 8.141494 0.000169 -0.000234 5.422238 0.000128 -0.000144 0.000003 -0.000000 0.000000 79.284203 2.853189 14.732361 64.566925 0.000389 0.000650 45.196865 -0.000137 0.000516 0.000003 -0.000000 0.000000 88.999985 0.000004 -0.000006 97.072113 0.000014 -0.000026 64.650024 0.000017 -0.000001 0.000003 -0.000000 0.000000 89.015190 -0.173637 -9.998528 104.652893 0.000059 -0.000114 69.698807 0.000086 0.000014 0.000003 -0.000000 0.000000 89.060280 -0.342010 -19.997194 110.000023 0.000009 0.000006 80.000000 -0.000008 0.000002 169.572021 -176.703217 -179.591064 122.585205 161.933762 175.256607 96.142372 -119.900703 -99.519379 19.154486 -21.614302 -5.873363 156.652527 -148.463486 -110.206253 168.390411 -179.999969 179.999634 172.268005 -179.999954 179.999756 180.000000 180.000000 -180.000000 90.965927 -179.741196 -165.002182 92.542389 179.999832 179.999573 118.779724 -179.999786 179.999756 180.000000 180.000000 -180.000000 91.000000 -179.999985 179.999985 71.426949 -179.999924 179.999527 107.690323 -179.999680 179.999969 180.000000 180.000000 -180.000000 90.984818 179.826370 170.001511 70.000015 -179.999985 -179.999985 100.000008 180.000000 180.000000 180.000000 180.000000 -180.000000 90.939720 179.658005 160.002808 69.999992 -180.000000 179.999985 99.999985 179.999985 179.999985
23.782122 87.294189 -364.797729 1.818324 -11.014646 -3.484164 1.219517 -0.742961 4.557167 179.137619 -179.357132 -147.340988 177.066360 178.539993 152.246414 176.822632 162.512802 151.150574 179.072144 -174.981079 -131.610016 179.513107 -171.399170 167.705261 179.884140 178.838562 -176.378036 179.756989 178.830917 -176.447662 0.010406 5.422788 2.606534 1.575599 0.152461 -5.525488 1.629088 0.184152 -6.446216 1.105330 -1.274180 -4.737662 7.045952 8.969145 2.021118 60.140301 12.483459 -11.978901 87.062065 54.262909 82.278419 172.457840 159.260101 177.147354 29.363935 31.527529 85.324768 7.950581 0.001827 -0.003308 5.295080 0.001419 -0.002078 180.000000 180.000000 -180.000000 79.456970 2.805919 14.741029 64.713303 -0.000351 -0.000639 45.299286 0.000140 -0.000486 180.000000 180.000000 -180.000000 88.999985 -0.000004 0.000006 97.165962 0.000724 -0.001864 64.712479 0.001324 -0.000095 180.000000 180.000000 -180.000000 89.015213 -0.173634 -9.998507 104.770157 0.001543 -0.002345 69.776955 0.001821 0.000416 180.000000 180.000000 -180.000000 89.060303 -0.342009 -19.997202 110.000000 -0.000005 -0.000001 79.999969 0.000010 -0.000014 169.626740 -176.788651 -179.513565 122.710770 161.338806 175.284210 96.316772 -119.927620 -99.834488 19.176634 -21.625584 -5.794232 156.710327 -148.510452 -110.309906 168.347076 179.999924 179.998932 172.239151 -179.999969 179.999298 0.000000 -0.000000 0.000000 90.965950 -179.741196 -165.002197 92.570908 179.999390 179.998566 118.799637 -179.999329 179.999146 0.000000 -0.000000 0.000000 91.000000 -179.999985 -179.999985 71.476936 -179.999725 179.998245 107.723656 -179.998825 179.999817 0.000000 -0.000000 0.000000 90.984810 179.826370 170.001480 69.999992 179.999985 -179.999985 99.999992 179.999985 -179.999985 0.000000 -0.000000 0.000000 90.939743 179.658005 160.002792 70.000008 -179.999985 179.999985 100.000023 180.000000 -179.999985
23.578367 87.595573 -363.463379 1.901765 -11.223784 -3.535686 1.314167 -1.026665 5.837262 178.749268 -179.736832 -148.306213 177.518463 178.301468 153.933136 176.885178 162.543045 151.486389 178.798340 -175.193069 -134.616943 178.973816 -170.960693 167.988937 179.864319 178.751282 -176.447372 179.721634 178.742935 -176.515640 179.980865 174.169968 -177.436508 1.560908 0.150237 -5.499212 1.613906 0.181494 -6.415552 1.114500 -1.498378 -4.715833 6.982456 9.000388 2.233187 60.014797 13.246150 -11.932550 87.582436 54.541149 82.859245 172.435501 159.378708 177.004974 29.298746 31.125612 85.234123 8.178610 -0.000002 -0.000002 5.446950 -0.000000 0.000000 0.000003 -0.000000 0.000000 79.413383 2.818290 14.738838 64.676300 0.000002 -0.000003 45.273407 -0.000001 0.000003 0.000003 -0.000000 0.000000 89.000015 0.000002 0.000002 97.067757 0.000002 0.000003 64.647110 0.000001 0.000005 0.000003 -0.000000 0.000000 89.015205 -0.173635 -9.998507 104.635612 -0.000004 -0.000005 69.687309 -0.000003 -0.000002 0.000003 -0.000000 0.000000 89.060310 -0.342007 -19.997196 110.000015 -0.000002 -0.000003 80.000000 0.000003 -0.000011 169.709213 -176.843704 -179.407333 122.751480 160.939987 175.473618 96.556213 -119.868591 -100.123055 19.195463 -21.610411 -5.693570 156.576889 -148.243317 -110.236069 168.478302 -179.999985 -180.000000 172.326553 179.999985 -180.000000 0.000000 -0.000000 0.000000 90.965942 -179.741196 -165.002182 92.434486 -179.999985 -179.999985 118.704140 -180.000000 179.999985 0.000000 -0.000000 0.000000 91.000000 -179.999985 179.999985 71.312683 179.999985 -179.999985 107.614235 -179.999985 180.000000 0.000000 -0.000000 0.000000 90.984818 179.826355 170.001495 69.999977 179.999985 -179.999985 100.000008 180.000000 -179.999985 0.000000 -0.000000 0.000000 90.939728 179.657990 160.002792 70.000008 -179.999985 -180.000000 100.000008 180.000000 180.000000
23.381201 87.900192 -362.139130 1.997745 -11.428515 -3.582710 1.412142 -1.267068 7.148241 178.343704 179.909897 -149.333633 177.963303 178.111191 155.525665 176.898041 162.547012 151.759552 178.547684 -175.364456 -137.607391 178.396469 -170.536987 168.251434 179.842789 178.664474 -176.516968 179.683212 178.655304 -176.583908 179.948318 173.765182 -177.479706 1.545747 0.147982 -5.470836 1.598272 0.178762 -6.382453 1.122230 -1.718054 -4.692444 6.917818 9.030315 2.433554 59.870132 14.027907 -11.911385 88.110016 54.789021 83.441635 172.405228 159.500153 176.852509 29.251295 30.712004 85.158127 8.408656 0.000246 -0.000480 5.600170 0.000196 -0.000302 0.000000 -0.000000 0.000000 79.372787 2.828759 14.736836 64.642052 -0.000074 -0.000132 45.249447 0.000032 -0.000094 0.000000 -0.000000 0.000000 88.999977 -0.000002 -0.000002 96.972755 0.000133 -0.000323 64.583832 0.000235 -0.000013 0.000000 -0.000000 0.000000 89.015182 -0.173648 -9.998507 104.504013 0.000278 -0.000388 69.599686 0.000310 0.000074 0.000000 -0.000000 0.000000 89.060280 -0.342008 -19.997200 109.999992 -0.000002 -0.000003 79.999969 -0.000001 -0.000001 169.788620 -176.899368 -179.305435 122.806503 160.517014 175.654724 96.792381 -119.812477 -100.416496 19.219505 -21.599583 -5.596566 156.448807 -147.976410 -110.166473 168.609222 179.999985 179.999878 172.413742 179.999985 179.999924 0.000000 -0.000000 0.000000 90.965958 -179.741196 -165.002182 92.302162 179.999893 179.999786 118.611534 -179.999893 179.999847 0.000000 -0.000000 0.000000 91.000000 179.999985 179.999985 71.150070 -179.999985 179.999725 107.505928 -179.999847 179.999969 0.000000 -0.000000 0.000000 90.984810 179.826355 170.001511 70.000008 -180.000000 179.999985 100.000023 179.999985 179.999985 0.000000 -0.000000 0.000000 90.939743 179.657990 160.002808 70.000008 -179.999985 -180.000000 100.000038 180.000000 180.000000
23.158972 88.188507 -360.785217 2.062591 -11.645456 -3.648175 1.463634 -1.673845 8.378039 177.946579 179.493256 -150.200653 178.442581 177.804199 157.405106 177.071793 162.662262 152.225128 178.219208 -175.606323 -140.667007 177.872421 -170.197876 168.583832 179.825668 178.573364 -176.584549 179.652023 178.563568 -176.650208 179.926041 173.340302 -177.521439 1.530161 0.145862 -5.447206 1.582202 0.176182 -6.354896 1.132628 -1.973531 -4.673317 6.869425 9.050036 2.667168 59.764141 14.750509 -11.812582 88.620667 55.134228 84.076385 172.393173 159.613892 176.722549 29.157032 30.323257 85.018417 8.641185 0.000411 -0.000888 5.755027 0.000332 -0.000558 0.000000 -0.000000 0.000000 79.327606 2.840256 14.734624 64.603920 -0.000207 -0.000401 45.222733 0.000094 -0.000305 0.000000 -0.000000 0.000000 88.999985 0.000005 -0.000004 96.866646 0.000336 -0.000764 64.513168 0.000555 -0.000029 0.000000 -0.000000 0.000000 89.015205 -0.173634 -9.998509 104.364243 0.000659 -0.000922 69.506607 0.000730 0.000191 0.000000 -0.000000 0.000000 89.060295 -0.342008 -19.997187 110.000023 -0.000000 0.000000 79.999985 0.000006 -0.000013 169.882217 -176.931076 -179.192627 122.836487 160.167542 175.886963 97.055893 -119.728096 -100.713226 19.235323 -21.578083 -5.488097 156.286621 -147.707123 -110.080391 168.739609 179.999939 179.999817 172.500580 179.999969 179.999863 180.000000 180.000000 -180.000000 90.965942 -179.741196 -165.002167 92.141830 179.999817 179.999619 118.499290 -179.999832 179.999771 180.000000 180.000000 -180.000000 91.000015 180.000000 180.000000 70.974106 -179.999969 179.999557 107.388748 -179.999710 179.999939 180.000000 180.000000 -180.000000 90.984802 179.826370 170.001495 69.999977 -179.999985 -180.000000 100.000000 179.999985 -179.999985 180.000000 180.000000 -180.000000 90.939705 179.657990 160.002808 70.000015 -179.999985 179.999985 100.000000 180.000000 179.999985
22.918959 88.478622 -359.401093 2.082180 -11.879708 -3.733153 1.446858 -2.257051 9.509249 177.591431 179.003494 -150.889709 178.929550 177.392212 159.602432 177.407211 162.899536 152.901489 177.833221 -175.911621 -143.821716 177.362885 -169.958664 169.054779 179.815582 178.485062 -176.647842 179.632675 178.474930 -176.712296 179.918320 172.928253 -177.560928 1.522106 0.144855 -5.436496 1.573900 0.174945 -6.342412 1.146332 -2.210733 -4.665087 6.827538 9.113575 2.949915 59.699028 15.413891 -11.667132 89.132210 55.549835 84.756592 172.400772 159.711533 176.626678 29.028509 30.003668 84.840004 8.847237 0.000408 -0.001179 5.892255 0.000354 -0.000756 180.000000 -180.000000 179.999985 79.256233 2.858546 14.731112 64.543739 -0.000404 -0.000703 45.180611 0.000150 -0.000548 180.000000 -180.000000 179.999985 89.000000 -0.000001 0.000004 96.753151 0.000512 -0.001305 64.437584 0.000926 -0.000063 180.000000 -180.000000 179.999985 89.015182 -0.173644 -9.998507 104.214073 0.001056 -0.001579 69.406616 0.001235 0.000290 180.000000 -180.000000 179.999985 89.060280 -0.342002 -19.997213 110.000015 -0.000005 -0.000001 80.000000 -0.000006 0.000008 169.992920 -176.988403 -179.067642 122.827965 159.890366 176.110550 97.315582 -119.661133 -100.968552 19.235125 -21.543070 -5.369835 156.118118 -147.446838 -109.988693 168.866241 179.999832 179.999832 172.584915 179.999893 179.999863 0.000000 -0.000000 0.000000 90.965919 -179.741180 -165.002197 91.987190 179.999786 179.999603 118.391029 -179.999832 179.999741 0.000000 -0.000000 0.000000 91.000000 180.000000 179.999985 70.791260 -179.999985 179.999527 107.267006 -179.999710 179.999908 0.000000 -0.000000 0.000000 90.984795 179.826355 170.001495 70.000008 -179.999985 180.000000 100.000023 180.000000 179.999985 0.000000 -0.000000 0.000000 90.939728 179.657990 160.002792 69.999992 179.999985 -179.999985 100.000038 -179.999985 -180.000000
22.662361 88.773697 -357.972443 2.048234 -12.144596 -3.834845 1.343565 -2.970394 10.581252 177.293762 178.488159 -151.413406 179.423599 176.891037 162.246643 177.890686 163.112885 153.821686 177.315796 -176.102463 -147.217072 176.771652 -169.841354 169.675369 179.814590 178.382950 -176.714874 179.628067 178.372803 -176.778061 179.932114 172.451492 -177.603851 1.515652 0.144182 -5.433357 1.567235 0.174125 -6.338766 1.165752 -2.501605 -4.663538 6.794067 9.145502 3.288025 59.669682 16.052319 -11.436512 89.643463 56.088936 85.459160 172.434280 159.790207 176.568100 28.796036 29.699234 84.514687 9.079368 0.000250 -0.001016 6.046858 0.000236 -0.000653 0.000000 -0.000000 0.000000 79.149231 2.886598 14.725847 64.453293 -0.000486 -0.000714 45.117294 0.000108 -0.000580 0.000000 -0.000000 0.000000 89.000000 0.000009 -0.000001 96.600281 0.000413 -0.001369 64.335754 0.000947 -0.000155 0.000000 -0.000000 0.000000 89.015251 -0.173635 -9.998511 104.011948 0.000963 -0.001697 69.271996 0.001290 0.000206 0.000000 -0.000000 0.000000 89.060295 -0.342005 -19.997190 110.000015 -0.000003 0.000002 80.000000 -0.000008 0.000011 170.128860 -177.007599 -178.904404 122.806091 159.689514 176.359253 97.587479 -119.613220 -101.218575 19.210512 -21.499058 -5.239176 155.956955 -147.157196 -109.888428 169.012741 179.999710 179.999985 172.682495 179.999802 179.999969 180.000000 180.000000 -179.999985 90.965935 -179.741196 -165.002182 91.828888 179.999878 179.999802 118.280220 -179.999924 179.999847 180.000000 180.000000 -179.999985 91.000000 179.999985 -179.999985 70.613953 179.999985 179.999741 107.148895 -179.999847 179.999954 180.000000 180.000000 -179.999985 90.984779 179.826355 170.001480 70.000008 -180.000000 179.999985 99.999977 179.999985 179.999985 180.000000 180.000000 -179.999985 90.939705 179.658005 160.002808 69.999992 -179.999985 -179.999985 99.999985 179.999985 -179.999985
22.409954 89.052071 -356.478516 1.910990 -12.400229 -3.898875 1.057318 -3.590427 11.185787 177.187866 178.437103 -151.384079 179.978668 176.108444 165.415833 178.382538 163.199036 154.945251 177.097351 -176.423889 -150.145523 176.022232 -169.346771 170.094421 179.841049 178.318054 -176.805252 179.671860 178.309006 -176.866837 179.992432 172.149734 -177.670975 1.524144 0.144911 -5.427395 1.576012 0.174993 -6.331809 1.177950 -2.589029 -4.658523 6.736018 9.335702 3.699967 59.719780 16.442144 -11.191361 90.066978 56.581333 85.944267 172.483994 159.807541 176.569153 28.611242 29.557039 84.267525 9.208014 -0.000001 -0.000000 6.132537 -0.000000 0.000002 0.000003 0.000003 0.000000 79.069992 2.908463 14.721689 64.386147 0.000002 -0.000003 45.070312 -0.000001 0.000003 0.000003 0.000003 0.000000 89.000015 0.000008 -0.000007 96.490562 -0.000005 -0.000000 64.262718 -0.000000 0.000004 0.000003 0.000003 0.000000 89.015213 -0.173635 -9.998511 103.865822 -0.000010 -0.000001 69.174629 0.000002 0.000005 0.000003 0.000003 0.000000 89.060295 -0.342008 -19.997196 110.000023 -0.000003 0.000002 80.000000 0.000000 0.000009 170.246262 -177.227112 -178.767532 122.748718 159.675003 176.569275 97.790245 -119.695511 -101.376526 19.165428 -21.443066 -5.126574 155.895157 -146.892670 -109.793976 169.165817 -179.999985 180.000000 172.784439 -179.999985 -179.999985 180.000000 179.999985 -180.000000 90.965950 -179.741196 -165.002182 91.756676 -179.999985 179.999985 118.229675 -180.000000 179.999985 180.000000 179.999985 -180.000000 91.000015 179.999985 179.999985 70.528168 -179.999985 -180.000000 107.091766 179.999985 -179.999985 180.000000 179.999985 -180.000000 90.984825 179.826355 170.001480 70.000008 -179.999985 180.000000 100.000023 -180.000000 179.999985 180.000000 179.999985 -180.000000 90.939713 179.657990 160.002808 70.000008 -180.000000 -179.999985 100.000008 -180.000000 -180.000000
22.155546 89.334747 -354.992004 1.783989 -12.655102 -3.968932 0.782693 -4.211535 11.846550 177.078125 178.311020 -151.431686 0.474432 4.566562 -11.505502 178.869034 163.315491 156.039368 176.854935 -176.715881 -153.102676 175.260544 -168.944763 170.565201 179.864822 178.248901 -176.889420 179.710464 178.240799 -176.949417 0.049204 8.173124 2.267380 1.530893 0.145447 -5.423164 1.582990 0.175641 -6.326878 1.190673 -2.701182 -4.655175 6.684189 9.500115 4.098472 59.762337 16.858297 -10.936828 90.498978 57.088425 86.463417 172.531891 159.831924 176.562744 28.407053 29.390270 83.996864 9.354879 0.000012 -0.000068 6.230358 0.000013 -0.000047 0.000003 -0.000000 0.000000 78.979378 2.932148 14.717080 64.309654 -0.000040 -0.000045 45.016754 0.000005 -0.000039 0.000003 -0.000000 0.000000 88.999977 -0.000002 -0.000002 96.369530 0.000014 -0.000123 64.182121 0.000076 -0.000029 0.000003 -0.000000 0.000000 89.015167 -0.173642 -9.998501 103.707382 0.000076 -0.000168 69.069099 0.000132 -0.000009 0.000003 -0.000000 0.000000 89.060265 -0.341999 -19.997210 110.000000 -0.000003 0.000002 80.000000 0.000003 -0.000006 170.363998 -177.418869 -178.627762 122.704132 159.641403 176.782227 97.997437 -119.760918 -101.540520 19.115961 -21.392010 -5.012582 155.831802 -146.647217 -109.716125 169.303467 179.999863 -179.999939 172.876114 179.999908 -179.999969 0.000000 -0.000000 0.000000 90.965919 -179.741196 -165.002197 91.681961 179.999985 179.999985 118.177406 179.999985 179.999985 0.000000 -0.000000 0.000000 90.999977 180.000000 179.999985 70.439285 179.999985 179.999985 107.032578 -179.999985 179.999985 0.000000 -0.000000 0.000000 90.984779 179.826370 170.001495 69.999977 179.999985 179.999985 100.000023 180.000000 180.000000 0.000000 -0.000000 0.000000 90.939705 179.657990 160.002792 70.000031 -179.999985 180.000000 99.999992 180.000000 180.000000
21.904234 89.598068 -353.476715 1.609736 -12.922973 -4.023061 0.410674 -4.857476 12.366443 176.992111 178.397308 -151.252945 1.065173 5.467837 -7.909814 179.373154 163.375687 157.288422 176.687119 -177.073547 -156.088791 174.383026 -168.349869 170.903793 179.902756 178.205353 -176.995132 179.774139 178.198746 -177.053131 0.129024 8.376462 2.186367 1.551899 0.147289 -5.413237 1.604729 0.177839 -6.315277 1.197343 -2.644183 -4.645949 6.621911 9.844448 4.568759 59.826836 17.198387 -10.697261 90.951332 57.562630 86.942627 172.584763 159.832687 176.574356 28.309132 29.463381 83.867249 9.346560 -0.000050 -0.000391 6.224819 0.000008 -0.000268 0.000000 0.000000 -0.000003 78.958176 2.937548 14.716080 64.291779 -0.000146 -0.000140 45.004230 0.000001 -0.000136 0.000000 0.000000 -0.000003 89.000000 0.000002 0.000007 96.316811 0.000027 -0.000323 64.146996 0.000202 -0.000087 0.000000 0.000000 -0.000003 89.015182 -0.173636 -9.998519 103.624992 0.000144 -0.000452 69.014267 0.000315 -0.000020 0.000000 0.000000 -0.000003 89.060265 -0.342006 -19.997202 110.000015 -0.000010 -0.000014 79.999977 -0.000006 0.000004 170.484650 -177.787430 -178.504669 122.620529 159.665512 176.984772 98.192383 -119.894012 -101.681168 19.076237 -21.325922 -4.902371 155.769943 -146.283493 -109.555473 169.528458 179.999725 -179.999786 173.025940 179.999786 -179.999878 0.000003 -0.000000 0.000000 90.965935 -179.741196 -165.002182 91.611214 -179.999985 -179.999985 118.127823 179.999985 -179.999985 0.000003 -0.000000 0.000000 91.000000 -179.999985 179.999985 70.355515 179.999985 -179.999985 106.976791 179.999985 179.999985 0.000003 -0.000000 0.000000 90.984810 179.826370 170.001480 69.999992 -179.999985 -180.000000 100.000008 180.000000 180.000000 0.000003 -0.000000 0.000000 90.939713 179.657990 160.002792 69.999977 -179.999985 -179.999985 100.000053 -179.999985 179.999985
21.664251 89.882751 -351.940613 1.412325 -13.182404 -4.048547 179.984695 -174.609558 -167.280060 176.912766 178.779083 -150.870453 1.740627 6.531221 -4.099776 179.861862 163.361343 158.574356 176.560059 -177.488861 -158.896347 173.495895 -167.576050 171.078064 179.948715 178.145920 -177.116486 179.851135 178.141052 -177.172150 0.224631 8.654192 2.092464 1.559036 0.147589 -5.402368 1.612115 0.178221 -6.302589 1.208238 -2.722691 -4.636674 6.559710 10.061506 5.036664 59.912106 17.458076 -10.501018 91.381081 57.975471 87.335991 172.646393 159.805908 176.618027 28.142189 29.230560 83.633179 9.518687 -0.000140 -0.000647 6.339448 -0.000036 -0.000438 0.000000 0.000003 0.000000 78.883812 2.957061 14.712269 64.228874 -0.000169 -0.000122 44.960228 -0.000017 -0.000147 0.000000 0.000003 0.000000 89.000008 -0.000006 0.000004 96.213493 -0.000009 -0.000332 64.078239 0.000201 -0.000112 0.000000 0.000003 0.000000 89.015228 -0.173647 -9.998513 103.480469 0.000119 -0.000511 68.917953 0.000340 -0.000044 0.000000 0.000003 0.000000 89.060280 -0.342008 -19.997208 110.000000 -0.000010 -0.000002 80.000000 0.000006 0.000001 170.621597 -178.025391 -178.367828 122.502121 159.737167 177.177307 98.367569 -120.077728 -101.800743 19.055933 -21.248579 -4.803767 155.732788 -145.970016 -109.423859 169.723907 179.999374 -179.999466 173.156128 179.999542 -179.999710 0.000000 -0.000000 0.000000 90.965950 -179.741196 -165.002182 91.558311 180.000000 -179.999924 118.090828 179.999969 -179.999969 0.000000 -0.000000 0.000000 91.000000 -180.000000 -179.999985 70.293709 179.999985 -179.999924 106.935562 179.999954 -179.999985 0.000000 -0.000000 0.000000 90.984810 179.826355 170.001495 69.999992 179.999985 179.999985 100.000000 -180.000000 179.999985 0.000000 -0.000000 0.000000 90.939705 179.658005 160.002808 70.000008 180.000000 180.000000 100.000038 -180.000000 179.999985
21.431080 90.155792 -350.390167 1.208635 -13.428490 -4.031405 179.539001 -174.320297 -167.126114 176.798386 179.591339 -150.224472 2.572840 7.787492 -0.157260 0.321023 16.786304 -20.159695 176.419601 -177.905258 -161.429398 172.680176 -166.623550 171.059036 179.999146 178.100800 -177.259567 179.936722 178.097778 -177.312454 0.324297 8.865272 1.981008 1.564722 0.147612 -5.384095 1.618020 0.178252 -6.281270 1.215554 -2.779857 -4.620988 6.506375 10.328430 5.512195 60.010685 17.633587 -10.355929 91.781845 58.297455 87.661240 172.714157 159.760941 176.680679 28.054543 28.923758 83.482300 9.711221 -0.000307 -0.000826 6.467674 -0.000135 -0.000570 0.000000 -0.000000 0.000000 78.831459 2.970797 14.709579 64.184677 -0.000178 -0.000128 44.929264 -0.000034 -0.000151 0.000000 -0.000000 0.000000 89.000000 -0.000000 0.000000 96.139473 -0.000021 -0.000325 64.028877 0.000193 -0.000109 0.000000 -0.000000 0.000000 89.015213 -0.173634 -9.998496 103.365097 0.000118 -0.000485 68.841179 0.000335 -0.000060 0.000000 -0.000000 0.000000 89.060310 -0.342004 -19.997200 110.000000 -0.000000 0.000000 79.999977 -0.000005 0.000000 170.764496 -178.315750 -178.252396 122.348465 159.857742 177.381577 98.541702 -120.282021 -101.939163 19.053801 -21.162376 -4.704046 155.692978 -145.674500 -109.263794 169.918594 179.998779 -179.998932 173.285797 179.999115 -179.999390 0.000000 -0.000000 0.000000 90.965919 -179.741196 -165.002182 91.527061 -179.999985 -179.999832 118.068893 179.999893 -179.999939 0.000000 -0.000000 0.000000 91.000000 179.999985 -179.999985 70.256966 179.999924 -179.999817 106.911087 179.999863 179.999985 0.000000 -0.000000 0.000000 90.984802 179.826370 170.001495 70.000023 179.999985 179.999985 100.000008 179.999985 -179.999985 0.000000 -0.000000 0.000000 90.939705 179.658005 160.002792 69.999985 -179.999985 -180.000000 100.000038 -180.000000 179.999985
21.229078 90.320259 -348.847748 1.078956 -13.623754 -3.977487 179.039352 -173.892426 -167.398392 176.465851 -179.523117 -148.947754 3.982196 9.018965 3.417070 0.468561 17.073790 -19.145378 176.435654 -178.234619 -163.087631 172.142807 -165.712128 170.932434 0.030479 1.932096 2.578543 179.991943 178.066025 -177.471237 0.376563 9.018125 1.858356 1.562801 0.146234 -5.345362 1.616048 0.176613 -6.236087 1.221572 -2.884957 -4.588401 6.515616 10.514522 5.949214 60.132507 17.605589 -10.393661 92.133316 58.314613 87.993111 172.776733 159.700897 176.765213 27.993568 28.582121 83.363182 9.914789 0.000003 -0.000001 6.603242 -0.000002 -0.000004 0.000000 0.000000 -0.000003 78.789536 2.982018 14.707273 64.149193 -0.000000 0.000000 44.904442 -0.000000 0.000000 0.000000 0.000000 -0.000003 89.000000 0.000002 -0.000002 96.084793 0.000002 0.000003 63.992458 0.000004 -0.000006 0.000000 0.000000 -0.000003 89.015205 -0.173639 -9.998501 103.277863 0.000002 0.000007 68.783073 0.000004 -0.000006 0.000000 0.000000 -0.000003 89.060310 -0.342004 -19.997196 110.000023 0.000002 0.000003 79.999985 -0.000003 0.000006 170.957306 -178.495239 -178.123322 122.072174 160.108185 177.544937 98.600075 -120.454620 -101.948235 19.127832 -21.016903 -4.595583 155.593536 -145.423935 -108.992569 170.112610 -180.000000 180.000000 173.414993 -179.999985 -180.000000 0.000000 -0.000000 0.000000 90.965927 -179.741196 -165.002182 91.489876 179.999985 -180.000000 118.042877 180.000000 179.999985 0.000000 -0.000000 0.000000 91.000000 180.000000 180.000000 70.213570 179.999985 179.999985 106.882233 180.000000 180.000000 0.000000 -0.000000 0.000000 90.984802 179.826355 170.001495 70.000015 -180.000000 179.999985 100.000023 -180.000000 -180.000000 0.000000 -0.000000 0.000000 90.939713 179.658005 160.002808 69.999985 -179.999985 179.999985 100.000008 180.000000 180.000000
21.022203 90.501068 -347.303497 0.936478 -13.826728 -3.923400 178.549515 -173.470932 -167.622711 176.109604 -178.650940 -147.730789 5.279715 10.201329 7.138277 0.654438 17.341316 -18.095287 176.421402 -178.603256 -164.856232 171.555145 -164.758301 170.822876 0.065784 1.964268 2.416919 0.053427 1.964916 2.370320 0.437276 9.168871 1.735343 1.562926 0.145150 -5.308180 1.616207 0.175319 -6.192708 1.226504 -2.968831 -4.556887 6.521105 10.727428 6.396441 60.250431 17.601538 -10.416797 92.494057 58.361523 88.323425 172.841019 159.642593 176.846954 27.937643 28.240265 83.249481 10.117261 -0.000078 -0.000103 6.738091 -0.000040 -0.000071 0.000000 -0.000000 0.000000 78.750938 2.992088 14.705281 64.116608 -0.000017 -0.000018 44.881645 -0.000006 -0.000021 0.000000 -0.000000 0.000000 88.999985 -0.000002 -0.000002 96.032661 0.000002 -0.000039 63.957714 0.000026 -0.000012 0.000000 -0.000000 0.000000 89.015182 -0.173642 -9.998510 103.191040 0.000013 -0.000050 68.725235 0.000040 -0.000001 0.000000 -0.000000 0.000000 89.060265 -0.342009 -19.997194 110.000000 0.000003 0.000010 80.000000 0.000007 -0.000003 171.146072 -178.703308 -177.999313 121.806915 160.340805 177.714600 98.676018 -120.636826 -101.981689 19.194384 -20.877855 -4.486948 155.500519 -145.178314 -108.729523 170.302963 179.999725 -179.999741 173.541779 179.999802 -179.999847 0.000000 -0.000000 0.000000 90.965927 -179.741180 -165.002182 91.456726 -179.999985 -179.999939 118.019684 179.999969 -179.999985 0.000000 -0.000000 0.000000 91.000000 -179.999985 -179.999985 70.174194 179.999985 -179.999939 106.856018 179.999954 179.999985 0.000000 -0.000000 0.000000 90.984818 179.826355 170.001495 70.000015 -179.999985 -179.999985 100.000038 -179.999985 180.000000 0.000000 -0.000000 0.000000 90.939713 179.657990 160.002808 70.000008 -179.999985 -179.999985 100.000000 180.000000 180.000000
20.828188 90.637024 -345.762177 0.821555 -14.014635 -3.860766 178.029373 -173.000046 -167.999557 175.633881 -177.764633 -146.245499 6.760301 11.316524 10.814657 0.729882 17.706263 -17.119537 176.421204 -178.851318 -166.330536 171.061890 -163.887558 170.709137 0.093372 1.999256 2.247610 0.102243 1.999004 2.204341 0.480107 9.332759 1.608145 1.556267 0.143214 -5.263298 1.609351 0.173005 -6.140347 1.231982 -3.124041 -4.519364 6.556792 10.871206 6.832089 60.380436 17.527660 -10.499200 92.831543 58.306339 88.663498 172.905945 159.577469 176.942108 27.876705 27.883757 83.129570 10.328601 -0.000261 -0.000101 6.878856 -0.000155 -0.000095 0.000000 0.000003 0.000000 78.702492 3.004787 14.702749 64.075699 -0.000023 -0.000014 44.852993 0.000000 -0.000018 0.000000 0.000003 0.000000 89.000008 0.000004 -0.000001 95.969498 0.000016 -0.000033 63.915703 0.000029 -0.000010 0.000000 0.000003 0.000000 89.015182 -0.173637 -9.998504 103.104561 0.000050 -0.000031 68.667633 0.000038 0.000017 0.000000 0.000003 0.000000 89.060280 -0.342005 -19.997200 109.999992 -0.000001 0.000005 80.000000 0.000003 -0.000006 171.363144 -178.821060 -177.851212 121.477974 160.628830 177.855774 98.701157 -120.814369 -101.951027 19.293974 -20.712284 -4.369539 155.373703 -144.930908 -108.421547 170.501877 179.999252 -179.999146 173.674255 179.999420 -179.999481 0.000000 -0.000000 0.000000 90.965950 -179.741196 -165.002182 91.419533 -179.999985 -179.999710 117.993675 179.999832 -179.999893 0.000000 -0.000000 0.000000 91.000000 180.000000 180.000000 70.119156 179.999908 -179.999786 106.828743 179.999786 179.999969 0.000000 -0.000000 0.000000 90.984818 179.826370 170.001495 70.000008 -180.000000 179.999985 100.000008 -179.999985 179.999985 0.000000 -0.000000 0.000000 90.939743 179.658005 160.002808 69.999992 179.999985 -179.999985 100.000008 179.999985 -179.999985
20.648983 90.721298 -344.232880 0.759624 -14.165896 -3.799453 177.545593 -172.603439 -168.472260 175.101578 -176.986603 -144.683899 8.300856 12.159189 13.971161 0.710610 18.148945 -16.350943 176.420731 -178.972977 -167.322479 170.708099 -163.282852 170.687195 0.105944 2.055549 2.093878 0.125334 2.054927 2.053606 0.495500 9.595456 1.495481 1.530514 0.139656 -5.217865 1.582769 0.168694 -6.087359 1.240719 -3.484581 -4.482715 6.607170 10.774296 7.184595 60.520447 17.409845 -10.634252 93.102829 58.156071 88.989586 172.961609 159.513962 177.044998 27.819889 27.621424 83.066208 10.476684 -0.001285 0.000115 6.977473 -0.000860 -0.000032 0.000003 -0.000003 -0.000000 78.640724 3.021066 14.699469 64.023491 0.000025 0.000044 44.816433 -0.000008 0.000037 0.000003 -0.000003 -0.000000 88.999962 -0.000001 -0.000016 95.902031 0.000019 0.000057 63.870750 -0.000024 0.000029 0.000003 -0.000003 -0.000000 89.015167 -0.173643 -9.998513 103.015915 0.000051 0.000086 68.608589 -0.000034 0.000047 0.000003 -0.000003 -0.000000 89.060280 -0.342011 -19.997202 110.000031 -0.000010 -0.000002 80.000038 0.000007 -0.000007 171.583771 -178.688705 -177.678040 121.131599 160.936813 177.951324 98.693306 -120.942955 -101.878403 19.396753 -20.549200 -4.249700 155.284409 -144.773987 -108.187347 170.637604 179.997375 -179.996552 173.764648 179.998032 -179.997894 0.000000 0.000003 0.000003 90.965904 -179.741196 -165.002182 91.389702 -179.999969 -179.998795 117.972786 179.999252 -179.999573 0.000000 0.000003 0.000003 90.999969 179.999985 179.999985 70.000031 179.999985 179.999985 106.804321 179.999115 179.999878 0.000000 0.000003 0.000003 90.984772 179.826355 170.001480 69.999977 179.999985 180.000000 100.000038 180.000000 -179.999985 0.000000 0.000003 0.000003 90.939728 179.657990 160.002792 69.999992 179.999985 180.000000 100.000008 -179.999985 179.999985
20.489292 90.747383 -342.714966 0.767572 -14.282446 -3.748830 176.999680 -172.081528 -169.134827 174.430374 -176.383316 -142.767761 10.146342 12.530536 17.108683 0.558613 18.562969 -15.672980 176.471313 -179.044159 -167.935013 170.323364 -162.953552 170.477951 0.099612 2.078528 1.934036 0.118151 2.077961 1.896877 0.463356 9.702518 1.381889 1.516639 0.136949 -5.166549 1.568453 0.165453 -6.027516 1.246624 -3.707786 -4.440634 6.684119 10.783635 7.522933 60.684395 17.161764 -10.811190 93.396454 57.859238 89.386917 173.014389 159.447556 177.157654 27.664244 27.164818 82.681664 10.804709 -0.001661 0.000546 7.195934 -0.001140 0.000219 0.000000 0.000003 0.000000 78.594116 3.033648 14.696945 63.984043 0.000204 0.000280 44.788834 -0.000045 0.000244 0.000000 0.000003 0.000000 88.999985 -0.000002 -0.000002 95.855507 -0.000004 0.000321 63.839775 -0.000198 0.000102 0.000000 0.000003 0.000000 89.015182 -0.173642 -9.998501 102.929893 -0.000004 0.000401 68.551353 -0.000243 0.000087 0.000000 0.000003 0.000000 89.060257 -0.342002 -19.997194 110.000015 -0.000006 -0.000008 79.999992 -0.000003 -0.000002 171.827530 -178.662018 -177.509781 120.737282 161.328720 178.071182 98.596855 -120.984192 -101.670235 19.506016 -20.358763 -4.138150 154.853073 -143.958221 -107.429604 171.218735 179.999161 -179.998383 174.151688 179.999329 -179.998993 179.999985 179.999985 180.000000 90.965942 -179.741180 -165.002182 91.158485 -179.999939 -179.998810 117.810951 179.999283 -179.999588 179.999985 179.999985 180.000000 91.000015 180.000000 180.000000 69.999977 180.000000 179.999985 106.632843 179.999176 179.999893 179.999985 179.999985 180.000000 90.984802 179.826370 170.001480 70.000023 -179.999985 -179.999985 100.000008 -179.999985 180.000000 179.999985 179.999985 180.000000 90.939720 179.658005 160.002808 69.999992 -179.999985 179.999985 100.000008 179.999985 179.999985
20.384293 90.609627 -341.204926 0.877310 -14.297889 -3.760603 176.434555 -171.378693 -169.937897 173.797775 -176.212463 -140.715546 11.513271 12.107310 19.372896 0.151951 18.708012 -15.233455 176.656891 -178.791138 -167.859116 170.444351 -163.103439 170.304626 0.066923 2.055232 1.808118 0.067169 2.055136 1.773365 0.376525 9.594147 1.296602 1.520936 0.136345 -5.128145 1.572954 0.164683 -5.982693 1.248726 -3.742239 -4.407318 6.759774 10.843404 7.742973 60.867523 16.722431 -10.873811 93.592369 57.522884 89.702682 173.032928 159.386642 177.237732 27.443956 26.903978 82.319481 11.019442 -0.000001 0.000002 7.338948 0.000002 0.000000 0.000000 -0.000000 0.000000 78.476723 3.063959 14.690772 63.884979 -0.000000 0.000000 44.719486 -0.000000 0.000000 0.000000 -0.000000 0.000000 89.000000 -0.000002 0.000002 95.762497 0.000005 0.000000 63.777794 -0.000000 0.000000 0.000000 -0.000000 0.000000 89.015205 -0.173633 -9.998509 102.816475 -0.000006 -0.000008 68.475784 -0.000004 0.000010 0.000000 -0.000000 0.000000 89.060280 -0.342002 -19.997194 110.000015 -0.000000 0.000000 80.000000 0.000001 -0.000008 172.024277 -178.680557 -177.381393 120.409081 161.770004 178.249832 98.275734 -120.856590 -101.192612 19.607824 -20.135292 -4.102592 154.707489 -143.788925 -107.235695 171.341187 -179.999985 179.999985 174.233231 179.999985 180.000000 0.000000 -0.000000 0.000000 90.965935 -179.741196 -165.002197 91.068855 -180.000000 -179.999985 117.748199 179.999985 180.000000 0.000000 -0.000000 0.000000 91.000000 -179.999985 179.999985 69.999977 179.999985 179.999985 106.569778 179.999985 -179.999985 0.000000 -0.000000 0.000000 90.984810 179.826355 170.001495 69.999992 -179.999985 -179.999985 100.000008 -179.999985 180.000000 0.000000 -0.000000 0.000000 90.939705 179.657990 160.002808 70.000008 -179.999985 179.999985 100.000023 179.999985 179.999985
20.272608 90.492317 -339.695740 0.979020 -14.325425 -3.763812 175.875092 -170.640762 -170.725372 173.101379 -176.083344 -138.677475 12.921563 11.681773 21.774450 179.769669 161.136978 165.223648 176.837509 -178.598312 -167.851151 170.474716 -163.213074 170.129684 0.035893 2.033403 1.677147 0.018966 2.033758 1.644897 0.292288 9.492005 1.207462 1.526621 0.135873 -5.086859 1.578892 0.164081 -5.934504 1.250460 -3.767901 -4.371253 6.837711 10.924582 7.980869 61.051598 16.306374 -10.953899 93.795235 57.186581 90.031883 173.055267 159.326569 177.321060 27.223986 26.633606 81.955818 11.239504 -0.000282 0.000125 7.485512 -0.000195 0.000054 0.000000 -0.000000 0.000000 78.356689 3.095481 14.684313 63.783577 0.000051 0.000080 44.648521 -0.000008 0.000056 0.000000 -0.000000 0.000000 89.000008 -0.000002 0.000002 95.664848 -0.000008 0.000072 63.712776 -0.000046 0.000019 0.000000 -0.000000 0.000000 89.015205 -0.173641 -9.998513 102.698708 -0.000016 0.000100 68.397377 -0.000057 0.000015 0.000000 -0.000000 0.000000 89.060310 -0.342011 -19.997198 110.000015 -0.000003 0.000002 79.999969 0.000002 0.000002 172.231430 -178.720551 -177.248489 120.065140 162.207764 178.419449 97.982147 -120.751610 -100.741058 19.711025 -19.915133 -4.054720 154.553925 -143.613083 -107.031891 171.469055 179.999893 -179.999756 174.318390 179.999924 -179.999847 0.000000 -0.000000 0.000000 90.965942 -179.741196 -165.002167 90.975563 -179.999985 -179.999817 117.682877 179.999893 -179.999924 0.000000 -0.000000 0.000000 90.999992 -179.999985 -179.999985 70.000000 -179.999985 179.999985 106.503563 179.999863 179.999985 0.000000 -0.000000 0.000000 90.984795 179.826370 170.001495 70.000008 -179.999985 179.999985 100.000000 179.999985 -180.000000 0.000000 -0.000000 0.000000 90.939720 179.657990 160.002808 69.999992 -179.999985 -179.999985 100.000008 -179.999985 180.000000
20.183125 90.311180 -338.188782 1.117279 -14.311448 -3.793524 175.328232 -170.059341 -171.564758 172.441208 -175.901367 -136.586014 13.887424 11.043403 23.864235 179.300354 160.955414 165.591263 177.016205 -178.083557 -167.565567 170.854721 -163.578461 169.893585 179.996780 177.983566 -178.439041 179.956848 177.982651 -178.469070 0.192550 9.412374 1.131053 1.521588 0.134651 -5.056048 1.573718 0.162604 -5.898554 1.253917 -3.885625 -4.345367 6.909840 10.878152 8.157256 61.234653 15.817240 -10.998158 93.963516 56.830601 90.329124 173.057755 159.270401 177.383362 27.005859 26.397146 81.579971 11.444633 -0.000606 0.000344 7.622132 -0.000422 0.000172 0.000000 -0.000000 0.000000 78.250359 3.123557 14.678511 63.693714 0.000160 0.000240 44.585613 -0.000036 0.000196 0.000000 -0.000000 0.000000 89.000000 -0.000001 0.000008 95.586639 -0.000034 0.000211 63.660698 -0.000137 0.000059 0.000000 -0.000000 0.000000 89.015213 -0.173639 -9.998490 102.594055 -0.000073 0.000242 68.327644 -0.000166 0.000011 0.000000 -0.000000 0.000000 89.060280 -0.342008 -19.997194 110.000000 0.000000 0.000012 80.000000 0.000007 -0.000007 172.414398 -178.625641 -177.112350 119.751930 162.660736 178.618027 97.606728 -120.576157 -100.191032 19.801884 -19.684399 -4.037596 154.416946 -143.477417 -106.863304 171.568375 179.999741 -179.999374 174.384537 179.999786 -179.999588 0.000000 -0.000000 0.000000 90.965935 -179.741180 -165.002197 90.894180 -179.999969 -179.999588 117.625900 179.999756 -179.999847 0.000000 -0.000000 0.000000 91.000000 180.000000 180.000000 69.999977 179.999985 -179.999985 106.449043 179.999725 179.999985 0.000000 -0.000000 0.000000 90.984802 179.826370 170.001495 70.000023 180.000000 -179.999985 100.000023 179.999985 -179.999985 0.000000 -0.000000 0.000000 90.939728 179.657990 160.002792 69.999992 -179.999985 -179.999985 100.000008 180.000000 -179.999985
20.116308 90.064018 -336.682098 1.284950 -14.260237 -3.844938 174.794128 -169.418762 -172.426056 171.801819 -175.900177 -134.516846 14.625626 10.259466 25.617968 178.718506 160.869049 165.877792 177.263840 -177.498199 -167.094131 171.450455 -164.081390 169.600021 179.952103 178.020142 -178.542725 179.885544 178.018646 -178.570801 0.080591 9.241163 1.064407 1.525688 0.134323 -5.030218 1.577986 0.162209 -5.868414 1.256538 -3.909643 -4.323222 6.976959 10.870668 8.305884 61.399563 15.250585 -11.028226 94.102516 56.451645 90.555855 173.058731 159.207031 177.450317 26.790144 26.187672 81.215317 11.632037 -0.000816 0.000598 7.746941 -0.000595 0.000319 0.000000 0.000003 0.000000 78.141411 3.152415 14.672480 63.601643 0.000356 0.000482 44.521133 -0.000055 0.000413 0.000000 0.000003 0.000000 89.000008 0.000003 0.000003 95.511192 -0.000065 0.000386 63.610474 -0.000249 0.000071 0.000000 0.000003 0.000000 89.015190 -0.173638 -9.998504 102.499924 -0.000125 0.000385 68.264954 -0.000260 0.000001 0.000000 0.000003 0.000000 89.060265 -0.342001 -19.997190 110.000000 -0.000006 -0.000008 79.999969 0.000001 0.000001 172.559814 -178.566177 -176.992157 119.487381 163.131500 178.853729 97.146706 -120.334137 -99.552986 19.881193 -19.445982 -4.062978 154.318817 -143.330750 -106.732964 171.668945 179.999512 -179.998795 174.451523 179.999603 -179.999222 0.000000 -0.000000 0.000000 90.965912 -179.741196 -165.002167 90.827431 -179.999893 -179.999329 117.579193 179.999619 -179.999725 0.000000 -0.000000 0.000000 91.000000 179.999985 -179.999985 69.999969 -180.000000 179.999985 106.398880 179.999588 179.999985 0.000000 -0.000000 0.000000 90.984779 179.826355 170.001495 70.000008 179.999985 179.999985 100.000023 180.000000 180.000000 0.000000 -0.000000 0.000000 90.939705 179.657990 160.002808 69.999992 179.999985 -179.999985 100.000023 -179.999985 -179.999985
20.070734 89.748947 -335.169434 1.465066 -14.173345 -3.891862 174.270142 -168.631012 -173.348419 171.216309 -176.141983 -132.390762 14.980742 9.495625 26.842323 178.038071 161.088455 166.132156 177.632614 -177.267838 -166.588821 172.022522 -164.245407 169.560837 179.906113 178.082718 -178.650284 179.812515 178.080688 -178.676300 179.963501 171.051514 -179.005447 1.536441 0.134553 -5.003985 1.589145 0.162479 -5.837817 1.256458 -3.837684 -4.300311 7.030989 10.938168 8.464418 61.562416 14.626813 -10.968978 94.169151 56.118946 90.680702 173.063965 159.134201 177.520203 26.623686 26.010323 80.945747 11.780884 -0.001057 0.001045 7.846066 -0.000799 0.000592 0.000000 -0.000000 0.000003 78.038521 3.179847 14.666631 63.514610 0.000639 0.000785 44.460232 -0.000062 0.000712 0.000000 -0.000000 0.000003 89.000008 0.000004 -0.000001 95.448608 -0.000070 0.000599 63.568794 -0.000375 0.000138 0.000000 -0.000000 0.000003 89.015236 -0.173639 -9.998513 102.427528 -0.000157 0.000503 68.216766 -0.000342 0.000033 0.000000 -0.000000 0.000003 89.060295 -0.342009 -19.997206 110.000015 -0.000005 -0.000001 80.000008 0.000004 -0.000005 172.672180 -178.610519 -176.890732 119.274788 163.651123 179.172821 96.560547 -120.038551 -98.797707 19.966236 -19.179420 -4.130112 154.278473 -143.238083 -106.651848 171.736221 179.998856 -179.997253 174.496323 179.999069 -179.998260 0.000000 -0.000000 0.000003 90.965935 -179.741196 -165.002197 90.794334 -179.999756 -179.998520 117.556023 179.999161 -179.999390 0.000000 -0.000000 0.000003 90.999992 -179.999985 -179.999985 70.000008 179.999985 180.000000 106.385818 179.998993 179.999969 0.000000 -0.000000 0.000003 90.984779 179.826370 170.001480 70.000015 179.999985 180.000000 100.000023 179.999985 -180.000000 0.000000 -0.000000 0.000003 90.939690 179.657974 160.002808 70.000008 179.999985 179.999985 99.999985 179.999985 -179.999985
20.036148 89.334152 -333.576508 1.534989 -14.059333 -4.078715 173.954880 -168.110825 -174.069839 171.037216 -176.625381 -130.510712 14.391360 9.565679 26.209942 177.645523 161.131882 166.798355 178.024689 -177.116333 -166.175034 172.861496 -163.870255 170.316376 179.893341 178.159164 -178.663574 179.792572 178.156982 -178.689316 179.928345 171.408600 -179.014252 1.533796 0.134470 -5.010315 1.586383 0.162406 -5.845213 1.245414 -3.717889 -4.304869 7.055751 10.946972 8.347722 61.655659 13.830733 -10.514048 93.967400 56.075050 90.477463 173.060806 159.012466 177.636292 26.545124 25.777813 80.829308 11.923835 -0.000001 0.000002 7.941276 0.000000 -0.000003 0.000000 -0.000000 0.000000 77.938942 3.204596 14.661368 63.430805 -0.000006 0.000004 44.401581 0.000003 0.000001 0.000000 -0.000000 0.000000 88.999985 -0.000001 -0.000001 95.399475 -0.000003 0.000002 63.536045 0.000001 0.000005 0.000000 -0.000000 0.000000 89.015205 -0.173643 -9.998501 102.384651 0.000006 0.000008 68.188194 0.000007 -0.000004 0.000000 -0.000000 0.000000 89.060287 -0.342003 -19.997204 110.000015 -0.000007 -0.000004 80.000000 0.000002 -0.000003 172.593369 -178.561295 -176.974319 119.284088 164.026550 179.352737 95.723999 -119.879166 -97.869072 20.068983 -18.895935 -4.250914 154.096695 -143.065903 -106.363708 171.883926 179.999985 180.000000 174.594696 -179.999985 179.999985 0.000000 -0.000000 0.000000 90.965942 -179.741196 -165.002167 90.714806 -179.999985 180.000000 117.500343 179.999985 179.999985 0.000000 -0.000000 0.000000 91.000023 180.000000 180.000000 69.999992 -179.999985 -179.999985 106.332657 -179.999985 179.999985 0.000000 -0.000000 0.000000 90.984825 179.826355 170.001480 70.000008 179.999985 179.999985 100.000008 179.999985 179.999985 0.000000 -0.000000 0.000000 90.939743 179.657990 160.002808 69.999992 180.000000 -179.999985 100.000008 179.999985 -179.999985
19.993610 88.873764 -332.008270 1.609265 -13.957843 -4.229521 173.630737 -167.546341 -174.799942 170.814926 -177.100174 -128.662003 13.891514 9.534498 25.802124 177.258041 161.166458 167.384338 178.385818 -176.999176 -165.756241 173.672867 -163.459030 171.106247 179.878403 178.235275 -178.694641 179.769562 178.232925 -178.719772 179.885834 171.764297 -179.035400 1.536726 0.134686 -5.009278 1.589406 0.162677 -5.844004 1.237004 -3.582250 -4.303339 7.077761 10.995606 8.312557 61.750217 13.119596 -10.102710 93.783264 56.033798 90.300598 173.054276 158.899673 177.742004 26.490942 25.628284 80.775467 12.009953 -0.000775 0.000681 7.998633 -0.000574 0.000376 0.000000 -0.000000 0.000000 77.859695 3.225739 14.656794 63.363842 0.000256 0.000274 44.354683 -0.000007 0.000270 0.000000 -0.000000 0.000000 88.999985 -0.000001 -0.000001 95.364273 -0.000017 0.000265 63.512589 -0.000159 0.000066 0.000000 -0.000000 0.000000 89.015175 -0.173642 -9.998500 102.360107 -0.000063 0.000287 68.171852 -0.000198 0.000035 0.000000 -0.000000 0.000000 89.060280 -0.342003 -19.997192 110.000015 -0.000008 -0.000011 80.000000 -0.000008 0.000007 172.538513 -178.555344 -177.024277 119.258461 164.405457 179.531006 94.909714 -119.726212 -96.945557 20.169558 -18.615387 -4.363058 153.979263 -142.972443 -106.182411 171.969223 179.999039 -179.998276 174.651505 179.999268 -179.998917 0.000000 -0.000000 0.000000 90.965919 -179.741180 -165.002182 90.661324 -179.999893 -179.999329 117.462914 179.999619 -179.999725 0.000000 -0.000000 0.000000 91.000000 -179.999985 179.999985 70.000008 179.999985 179.999985 106.299973 179.999512 179.999985 0.000000 -0.000000 0.000000 90.984802 179.826370 170.001480 70.000023 -179.999985 -180.000000 99.999977 180.000000 179.999985 0.000000 -0.000000 0.000000 90.939728 179.658005 160.002808 69.999977 179.999985 -179.999985 100.000038 -179.999985 179.999985
19.972593 88.631210 -330.295929 1.629677 -13.820224 -4.510096 173.358261 -167.109451 -175.472382 170.762939 -177.660889 -126.688072 12.992811 9.871611 24.582079 176.891998 160.959991 168.458145 178.889145 -176.701889 -165.549683 174.673721 -163.056427 171.855209 179.879791 178.307266 -178.663773 179.772278 178.304825 -178.689407 179.885391 172.100342 -179.014496 1.514253 0.133377 -5.033533 1.566103 0.161126 -5.872317 1.220760 -3.548385 -4.323969 7.115270 10.888117 8.044110 61.769367 12.119678 -9.620385 93.568680 55.927284 90.063721 173.049454 158.744553 177.886475 26.347628 24.970648 80.457977 12.418447 -0.001674 0.001494 8.270685 -0.001249 0.000820 0.000003 -0.000000 0.000000 77.682388 3.272860 14.646460 63.213966 0.000772 0.000760 44.249771 0.000022 0.000754 0.000003 -0.000000 0.000000 89.000008 -0.000008 0.000006 95.254875 -0.000031 0.000680 63.439766 -0.000407 0.000182 0.000003 -0.000000 0.000000 89.015205 -0.173639 -9.998519 102.234070 -0.000154 0.000664 68.087898 -0.000447 0.000081 0.000003 -0.000000 0.000000 89.060287 -0.342008 -19.997200 109.999992 -0.000001 0.000005 79.999969 0.000003 -0.000002 172.380630 -178.360016 -177.163956 119.366028 164.778976 179.719940 93.951660 -119.566437 -95.929192 20.281494 -18.315882 -4.503193 153.410339 -142.240845 -105.298828 172.536606 179.999741 -179.999466 175.029373 179.999802 -179.999664 0.000000 0.000000 -0.000003 90.965927 -179.741196 -165.002167 90.408516 -179.999954 -179.999573 117.285973 179.999741 -179.999832 0.000000 0.000000 -0.000003 90.999992 179.999985 179.999985 70.000023 179.999985 179.999985 106.112259 179.999725 179.999985 0.000000 0.000000 -0.000003 90.984802 179.826355 170.001495 69.999992 -179.999985 -179.999985 100.000038 -179.999985 -179.999985 0.000000 0.000000 -0.000003 90.939705 179.657990 160.002792 69.999977 -179.999985 180.000000 100.000023 179.999985 179.999985
20.071066 88.365532 -328.636536 1.630907 -13.653335 -4.936646 173.110474 -166.690872 -176.027695 170.862869 -178.396103 -124.725990 12.039159 10.382571 22.683430 176.052185 161.128952 169.380554 179.948608 -176.503784 -165.137772 175.541199 -162.889923 172.321213 179.887085 178.389648 -178.561050 179.783997 178.387146 -178.588455 179.903610 172.484695 -178.942490 1.486517 0.131965 -5.078411 1.537381 0.159438 -5.924703 1.201929 -3.477298 -4.363560 7.156563 10.713359 7.442764 61.740211 10.889123 -8.803497 93.235260 55.968662 89.676720 173.059814 158.564850 178.063507 26.246742 24.623318 80.213219 12.652334 -0.005111 0.004460 8.426453 -0.003817 0.002426 0.000000 -0.000003 0.000000 77.541862 3.311692 14.637638 63.094883 0.002105 0.002002 44.166412 0.000088 0.002026 0.000000 -0.000003 0.000000 88.999977 0.000001 -0.000008 95.194595 -0.000109 0.002074 63.399551 -0.001267 0.000570 0.000000 -0.000003 0.000000 89.015190 -0.173640 -9.998502 102.193596 -0.000546 0.002433 68.060936 -0.001641 0.000277 0.000000 -0.000003 0.000000 89.060280 -0.342002 -19.997198 110.000000 -0.000010 -0.000002 79.999985 0.000011 -0.000009 172.178452 -178.125443 -177.465622 119.560333 165.067032 179.924744 92.907700 -119.429886 -94.848610 20.409140 -18.041859 -4.657276 153.020950 -142.110519 -104.675064 172.737503 -179.999298 179.998230 175.163177 -179.999435 179.998856 0.000000 -0.000000 0.000000 90.965950 -179.741211 -165.002182 90.317589 179.999985 179.999847 117.222328 -179.999893 179.999939 0.000000 -0.000000 0.000000 91.000000 -180.000000 -179.999985 70.000008 -179.999985 -179.999985 106.050827 -179.999832 -179.999985 0.000000 -0.000000 0.000000 90.984795 179.826355 170.001495 70.000008 -179.999985 -180.000000 100.000023 180.000000 180.000000 0.000000 -0.000000 0.000000 90.939735 179.658005 160.002808 70.000008 179.999985 -179.999985 100.000000 179.999985 -179.999985
20.075407 88.173080 -326.859894 1.767818 -13.558469 -5.457391 172.827805 -166.789093 -176.649292 171.120193 -178.898849 -122.646782 10.797127 10.941427 20.093634 175.856476 161.953949 170.617020 0.339937 -3.289285 15.408665 176.416183 -163.162521 172.680283 179.861694 178.472412 -178.416687 179.740585 178.469406 -178.446426 179.854263 172.871719 -178.835495 1.471124 0.133197 -5.174389 1.521349 0.160966 -6.036668 1.180966 -3.259659 -4.444941 7.212294 10.500521 6.516847 61.633175 9.410655 -7.708424 92.860100 56.113678 89.236984 173.071167 158.409561 178.222153 25.926945 23.955437 79.512688 13.147933 -0.005771 0.005499 8.756524 -0.004370 0.003019 0.000000 -0.000000 0.000003 77.315720 3.373546 14.623541 62.903332 0.003844 0.003684 44.032310 0.000150 0.003729 0.000000 -0.000000 0.000003 89.000015 0.000003 -0.000002 95.064415 -0.000270 0.004020 63.312916 -0.002478 0.001052 0.000000 -0.000000 0.000003 89.015228 -0.173636 -9.998507 102.032860 -0.001160 0.004554 67.953888 -0.003093 0.000424 0.000000 -0.000000 0.000003 89.060257 -0.342008 -19.997192 110.000015 -0.000000 0.000000 79.999969 -0.000007 0.000007 171.986710 -177.931137 -177.988129 119.817612 165.254318 -179.827591 91.840416 -119.325989 -93.713264 20.542490 -17.787298 -4.823502 152.623108 -142.246216 -104.130806 172.772308 -179.998642 179.994858 175.186340 -179.998795 179.996674 0.000000 0.000003 0.000003 90.965912 -179.741211 -165.002182 90.268234 179.999878 179.998276 117.187798 -179.998947 179.999374 0.000000 0.000003 0.000003 91.000000 179.999985 179.999985 69.999985 179.999985 179.999985 106.011261 -179.998535 -179.999832 0.000000 0.000003 0.000003 90.984802 179.826355 170.001495 69.999985 179.999985 179.999985 100.000008 179.999985 -179.999985 0.000000 0.000003 0.000003 90.939751 179.658005 160.002792 69.999985 179.999985 179.999985 100.000038 179.999985 179.999985
19.967922 88.097542 -325.356567 2.121736 -13.055920 -5.798634 172.656235 -166.990707 -177.741531 171.617538 -179.316132 -120.643791 9.652684 10.721915 17.101587 175.974442 163.180283 170.849487 179.782990 -176.140121 -162.760544 177.597061 -164.676590 172.194168 179.775635 178.583084 -178.311722 179.598068 178.578339 -178.344742 179.665634 173.390289 -178.758667 1.426631 0.130919 -5.239140 1.475284 0.158204 -6.112252 1.151973 -3.194030 -4.501275 7.330177 10.045259 5.366008 61.503307 7.559530 -6.916491 92.308815 56.042801 88.655991 173.115723 158.259766 178.388168 25.521097 23.711452 78.815445 13.415930 0.000004 -0.000001 8.935016 0.000005 -0.000001 0.000000 0.000003 0.000000 77.063026 3.432955 14.610667 62.691383 0.000002 -0.000003 43.883938 -0.000001 0.000003 0.000000 0.000003 0.000000 88.999977 -0.000001 0.000004 94.903069 -0.000000 0.000000 63.205452 0.000001 -0.000008 0.000000 0.000003 0.000000 89.015175 -0.173639 -9.998507 101.845375 0.000003 -0.000002 67.829018 0.000004 -0.000006 0.000000 0.000003 0.000000 89.060265 -0.342007 -19.997189 109.999992 0.000003 0.000010 80.000008 0.000006 -0.000004 171.822021 -177.445953 -178.468384 120.085228 165.864136 -179.774399 91.331589 -119.267120 -93.065865 20.671137 -17.467890 -5.101512 152.653198 -142.744949 -104.218117 172.484360 179.999985 -179.999985 174.994583 179.999985 -179.999985 0.000000 -0.000000 0.000000 90.965935 -179.741196 -165.002182 90.338631 179.999985 -179.999985 117.237030 180.000000 -179.999985 0.000000 -0.000000 0.000000 91.000000 179.999985 179.999985 70.000008 -180.000000 179.999985 106.071190 179.999985 179.999985 0.000000 -0.000000 0.000000 90.984818 179.826370 170.001495 69.999992 179.999985 179.999985 100.000038 179.999985 -179.999985 0.000000 -0.000000 0.000000 90.939713 179.658005 160.002808 70.000008 -179.999985 180.000000 100.000008 -180.000000 179.999985
19.872715 88.009689 -323.809387 2.456683 -12.587710 -6.147803 172.451981 -167.209076 -178.789551 172.132782 -179.686356 -118.605400 8.459179 10.509866 14.127097 176.072144 164.311554 171.226517 179.263840 -175.600479 -161.095596 178.699509 -166.107559 171.898682 179.694550 178.691757 -178.207123 179.463593 178.685043 -178.242737 179.487076 173.898117 -178.680420 1.385024 0.129148 -5.319879 1.432221 0.156026 -6.206440 1.124470 -3.108213 -4.571404 7.458436 9.603544 4.202095 61.302780 5.730669 -6.034105 91.778885 56.017586 88.097404 173.150650 158.110504 178.548752 25.130735 23.366552 78.092812 13.737933 -0.000181 0.000193 9.149459 -0.000144 0.000107 0.000000 -0.000003 0.000000 76.803688 3.501435 14.594673 62.472279 0.000597 0.000622 43.730595 0.000008 0.000603 0.000000 -0.000003 0.000000 89.000008 -0.000000 0.000000 94.731377 -0.000064 0.000556 63.091091 -0.000349 0.000134 0.000000 -0.000003 0.000000 89.015182 -0.173636 -9.998503 101.644150 -0.000191 0.000587 67.694992 -0.000415 0.000046 0.000000 -0.000003 0.000000 89.060280 -0.342005 -19.997204 109.999992 -0.000002 -0.000003 80.000000 0.000001 0.000001 171.657761 -176.974976 -178.980606 120.356262 166.374680 -179.712494 90.732735 -119.228630 -92.321106 20.803135 -17.154379 -5.366851 152.671127 -143.273743 -104.312599 172.178192 -179.999802 179.999374 174.790680 -179.999832 179.999588 0.000000 -0.000000 0.000000 90.965912 -179.741180 -165.002182 90.404587 179.999985 179.999649 117.283226 -179.999786 179.999878 0.000000 -0.000000 0.000000 91.000000 -179.999985 179.999985 69.999969 180.000000 -179.999985 106.128250 -179.999710 -179.999954 0.000000 -0.000000 0.000000 90.984802 179.826370 170.001495 70.000008 179.999985 179.999985 100.000008 179.999985 179.999985 0.000000 -0.000000 0.000000 90.939705 179.657990 160.002792 70.000008 -179.999985 -180.000000 100.000008 179.999985 -179.999985
19.752670 88.075226 -322.363159 2.862341 -11.956696 -6.481492 172.264359 -167.396744 -179.972549 172.793411 179.966309 -116.578926 7.248288 9.907549 11.046493 176.116165 165.832733 171.084610 178.419098 -174.839523 -158.844116 179.828979 -168.276947 171.136978 179.594391 178.811127 -178.097595 179.297348 178.801743 -178.135757 179.264969 174.455109 -178.597565 1.323106 0.124115 -5.349381 1.368186 0.149893 -6.240861 1.088371 -3.123886 -4.598686 7.623108 9.061264 2.967114 61.062691 3.710968 -5.389332 91.191986 55.789738 87.515434 173.206009 157.953247 178.722519 24.763359 23.307798 77.477364 13.883716 0.001213 -0.001298 9.246550 0.000937 -0.000725 179.999985 179.999985 179.999985 76.562065 3.565162 14.579663 62.268200 0.001061 0.001235 43.587734 -0.000060 0.001135 179.999985 179.999985 179.999985 89.000000 0.000002 0.000007 94.588348 -0.000178 0.000829 62.995811 -0.000550 0.000143 179.999985 179.999985 179.999985 89.015213 -0.173642 -9.998502 101.483978 -0.000350 0.000824 67.588348 -0.000606 -0.000007 179.999985 179.999985 179.999985 89.060287 -0.342017 -19.997190 110.000000 -0.000004 0.000007 80.000000 -0.000000 0.000004 171.503174 -176.380722 -179.409134 120.666107 167.199463 -179.589981 90.474915 -119.054886 -91.942276 20.938997 -16.818714 -5.683144 152.784424 -143.856064 -104.554970 171.813309 179.999619 -179.999374 174.547653 179.999710 -179.999603 0.000000 -0.000003 0.000000 90.965950 -179.741196 -165.002167 90.514694 179.999985 179.999588 117.360298 -179.999741 179.999847 0.000000 -0.000003 0.000000 91.000015 180.000000 180.000000 69.999992 179.999985 179.999985 106.220863 -179.999725 -179.999969 0.000000 -0.000003 0.000000 90.984818 179.826355 170.001495 69.999985 180.000000 180.000000 100.000038 -179.999985 180.000000 0.000000 -0.000003 0.000000 90.939728 179.657990 160.002808 69.999992 179.999985 -179.999985 100.000008 179.999985 -179.999985
19.571892 87.844139 -321.237549 3.329547 -11.264075 -6.706583 172.138382 -167.621582 178.768692 173.514038 179.726471 -114.829506 6.243563 8.899013 8.339753 176.303955 167.969772 169.937073 176.968460 -174.446136 -155.800385 0.802789 -9.265467 -9.753839 179.475357 178.920135 -178.016846 179.099991 178.907715 -178.056549 179.000427 174.963943 -178.532562 1.264351 0.117255 -5.292342 1.307489 0.141540 -6.174343 1.055527 -3.236137 -4.551990 7.782254 8.460933 1.908950 60.900570 1.929994 -4.878206 90.454193 55.625446 86.819588 173.290237 157.820602 178.900482 24.539070 23.710434 77.144371 13.734973 0.002514 -0.002550 9.147489 0.001919 -0.001413 0.000000 -0.000000 0.000000 76.473686 3.592258 14.573936 62.192780 0.002765 0.004045 43.534916 -0.000536 0.003386 0.000000 -0.000000 0.000000 89.000031 -0.000002 0.000012 94.581512 -0.001171 0.003363 62.991337 -0.002348 0.000316 0.000000 -0.000000 0.000000 89.015228 -0.173645 -9.998507 101.490547 -0.002157 0.003615 67.592728 -0.002766 -0.000401 0.000000 -0.000000 0.000000 89.060265 -0.342000 -19.997194 110.000000 -0.000006 0.000004 80.000000 0.000001 -0.000004 171.436050 -175.765305 -179.666000 120.899879 168.210571 -179.630981 90.533043 -118.987389 -91.850479 21.088987 -16.490553 -6.026011 153.010696 -144.343338 -104.857170 171.498184 179.990326 -179.988892 174.337784 179.992935 -179.993225 0.000003 -0.000000 0.000000 90.965912 -179.741196 -165.002182 90.666000 -179.999908 -179.998276 117.466209 179.998962 -179.999374 0.000003 -0.000000 0.000000 90.999977 179.999985 -179.999985 70.000031 -179.999985 -179.999985 106.339172 179.998413 179.999832 0.000003 -0.000000 0.000000 90.984802 179.826355 170.001480 69.999977 179.999985 -180.000000 100.000008 179.999985 -179.999985 0.000003 -0.000000 0.000000 90.939728 179.657990 160.002808 69.999962 179.999985 179.999985 100.000038 -180.000000 179.999985
19.207916 87.656174 -320.132477 3.796365 -10.513540 -6.815567 172.178497 -167.890198 177.221771 174.362564 179.477402 -113.196083 5.262290 7.448956 5.693511 177.187149 170.016327 168.762436 174.724701 -174.467361 -152.621140 1.812210 -7.122555 -10.677449 179.340546 179.060287 -177.934235 178.878372 179.044403 -177.975128 178.695541 175.619507 -178.468842 1.239365 0.113485 -5.232382 1.281721 0.136933 -6.104388 1.028374 -3.146779 -4.501158 7.989964 8.126471 1.259050 60.849205 0.231337 -5.089799 89.687088 55.128597 86.073395 173.377014 157.658661 179.108124 23.541151 23.895775 75.693703 13.882277 0.008622 -0.010914 9.245592 0.006787 -0.006293 0.000003 -0.000000 0.000000 75.961113 3.720262 14.541910 61.761322 0.000497 0.000898 43.232944 -0.000178 0.000701 0.000003 -0.000000 0.000000 89.000000 0.000010 -0.000015 94.213936 0.000558 -0.001185 62.746494 0.000883 -0.000022 0.000003 -0.000000 0.000000 89.015205 -0.173640 -9.998502 101.054016 0.001216 -0.001607 67.301956 0.001306 0.000328 0.000003 -0.000000 0.000000 89.060295 -0.342002 -19.997204 109.999985 0.000002 0.000003 80.000000 0.000009 -0.000010 171.393814 -175.364334 -179.782196 121.163795 169.796875 -179.785553 90.836617 -118.954727 -92.011459 21.247866 -16.105062 -6.419256 152.499725 -143.135818 -103.645432 172.433701 179.994232 -179.992676 174.960846 179.995758 -179.995453 0.000000 -0.000000 0.000000 90.965904 -179.741196 -165.002167 90.475647 -179.999985 -179.999847 117.332954 179.999908 -179.999939 0.000000 -0.000000 0.000000 90.999992 179.999985 -179.999985 69.999985 179.999985 179.999985 106.179482 179.999390 179.999939 0.000000 -0.000000 0.000000 90.984795 179.826370 170.001511 70.000000 -179.999985 -179.999985 100.000023 -179.999985 -180.000000 0.000000 -0.000000 0.000000 90.939728 179.657990 160.002808 69.999962 179.999985 180.000000 100.000038 -179.999985 179.999985
18.977869 87.481743 -319.163025 3.970979 -9.850693 -6.947695 172.520248 -167.782181 175.846008 174.942169 179.003799 -112.289406 4.473275 6.184839 3.614295 177.169281 170.680176 168.161194 174.114685 -174.422272 -150.292816 2.664808 -6.549906 -11.831278 179.261719 179.194565 -177.749054 178.750809 179.175308 -177.793884 178.509735 176.248230 -178.347443 1.237041 0.112187 -5.192440 1.279346 0.135435 -6.057755 1.017357 -3.018776 -4.464900 8.179934 8.113640 1.111154 61.008369 -1.129648 -6.189141 89.015274 54.304424 85.249641 173.423782 157.418137 179.316238 23.267462 24.683712 75.539055 13.489979 -0.000006 0.000007 8.984322 -0.000006 0.000005 0.000003 -0.000000 0.000003 75.922203 3.729017 14.539409 61.728806 -0.000001 -0.000005 43.210152 -0.000004 0.000002 0.000003 -0.000000 0.000003 89.000000 -0.000002 0.000002 94.253616 0.000007 0.000008 62.772896 0.000003 0.000002 0.000003 -0.000000 0.000003 89.015205 -0.173642 -9.998503 101.112663 -0.000000 0.000005 67.341026 0.000000 -0.000004 0.000003 -0.000000 0.000003 89.060295 -0.342010 -19.997192 109.999992 -0.000000 0.000000 80.000000 0.000001 0.000001 171.309921 -175.189651 -179.821396 121.397758 171.768097 179.805084 90.979019 -119.115166 -91.985535 21.341347 -15.787070 -6.754915 152.257950 -142.838272 -103.033775 172.740540 -180.000000 179.999985 175.165207 -179.999985 179.999985 0.000000 -0.000000 0.000000 90.965919 -179.741180 -165.002182 90.470062 179.999985 -180.000000 117.329041 -180.000000 179.999985 0.000000 -0.000000 0.000000 91.000000 -180.000000 179.999985 69.999985 179.999985 -179.999985 106.158287 -179.999985 179.999985 0.000000 -0.000000 0.000000 90.984810 179.826370 170.001495 69.999985 180.000000 180.000000 100.000023 -179.999985 179.999985 0.000000 -0.000000 0.000000 90.939705 179.658005 160.002808 70.000008 -179.999985 -180.000000 100.000008 180.000000 -179.999985
18.736713 87.295921 -318.208649 4.166062 -9.148059 -7.054344 172.831879 -167.707840 174.428680 175.605896 178.583481 -111.284042 3.654634 4.808816 1.523922 177.221725 171.454376 167.392456 173.305496 -174.370941 -147.785904 3.522633 -5.771807 -12.942487 179.180634 179.331268 -177.579239 178.618362 179.308533 -177.626877 178.318314 176.886475 -178.232346 1.226333 0.110000 -5.142040 1.268305 0.132864 -5.998932 1.001910 -2.921393 -4.420603 8.372681 8.053057 0.923519 61.180977 -2.519984 -7.239507 88.321304 53.485126 84.471825 173.471390 157.180786 179.524338 22.976360 25.510059 75.316040 13.084798 0.001178 -0.001641 8.714474 0.000937 -0.000963 0.000000 -0.000000 0.000000 75.877556 3.740656 14.536502 61.691116 0.000028 0.000053 43.183784 -0.000019 0.000048 0.000000 -0.000000 0.000000 89.000000 0.000001 0.000006 94.292053 0.000134 -0.000212 62.798500 0.000167 0.000006 0.000000 -0.000000 0.000000 89.015190 -0.173642 -9.998491 101.172333 0.000222 -0.000235 67.380760 0.000203 0.000074 0.000000 -0.000000 0.000000 89.060295 -0.342005 -19.997192 110.000015 0.000002 0.000003 80.000000 0.000002 0.000002 171.226608 -174.964294 -179.844604 121.671814 173.717316 179.387512 91.143372 -119.287437 -91.994553 21.453588 -15.453587 -7.103769 152.000443 -142.508423 -102.393692 173.074966 179.999405 -179.999191 175.387939 179.999573 -179.999481 0.000000 -0.000000 0.000000 90.965935 -179.741196 -165.002197 90.463425 179.999985 -179.999985 117.324402 179.999985 -179.999985 0.000000 -0.000000 0.000000 91.000000 180.000000 180.000000 70.000008 179.999985 180.000000 106.136520 179.999893 -179.999985 0.000000 -0.000000 0.000000 90.984810 179.826355 170.001480 69.999977 179.999985 -180.000000 100.000038 180.000000 -179.999985 0.000000 -0.000000 0.000000 90.939713 179.657990 160.002808 69.999977 179.999985 -179.999985 100.000038 -179.999985 -180.000000
18.528990 87.134010 -317.220398 4.260645 -8.586609 -7.283411 173.203842 -167.536865 173.185638 176.147995 178.068512 -110.555038 2.855409 3.604844 -0.337966 177.023956 171.922241 167.117233 173.147888 -174.520447 -145.767365 4.319934 -5.528927 -14.221014 179.117935 179.459503 -177.329926 178.515915 179.432617 -177.382233 178.167374 177.485519 -178.064774 1.241351 0.110658 -5.105154 1.283794 0.133778 -5.955874 0.994780 -2.726639 -4.387382 8.560411 8.170744 0.903248 61.462879 -3.773234 -8.604673 87.687515 52.538414 83.687325 173.504700 156.916031 179.721252 22.752819 26.262505 75.229546 12.691668 0.001828 -0.002684 8.452662 0.001474 -0.001593 0.000000 0.000003 0.000000 75.840935 3.749662 14.534057 61.660351 -0.000113 -0.000290 43.162258 0.000089 -0.000215 0.000000 0.000003 0.000000 88.999985 0.000002 -0.000002 94.322044 0.000537 -0.000792 62.818459 0.000639 0.000074 0.000000 0.000003 0.000000 89.015228 -0.173636 -9.998511 101.217072 0.000744 -0.000730 67.410583 0.000637 0.000269 0.000000 0.000003 0.000000 89.060287 -0.341999 -19.997206 110.000023 -0.000003 0.000002 79.999969 0.000002 0.000006 171.144440 -174.906998 -179.889114 121.963600 175.815109 179.036789 91.263374 -119.399208 -91.971039 21.534056 -15.174411 -7.412349 151.688034 -142.269363 -101.758553 173.353897 179.999802 -179.999710 175.573700 179.999847 -179.999817 0.000000 0.000003 0.000000 90.965919 -179.741196 -165.002182 90.442322 179.999985 179.999481 117.309647 -179.999710 179.999832 0.000000 0.000003 0.000000 90.999992 179.999985 179.999985 70.000008 179.999985 180.000000 106.102852 -179.999847 -179.999985 0.000000 0.000003 0.000000 90.984779 179.826355 170.001480 70.000023 179.999985 -179.999985 99.999985 179.999985 -180.000000 0.000000 0.000003 0.000000 90.939713 179.657990 160.002792 70.000008 -179.999985 -179.999985 100.000000 180.000000 180.000000
18.359869 87.003746 -316.173889 4.315034 -8.137433 -7.548563 173.623657 -167.433716 172.000549 176.446640 177.609421 -110.074722 2.125267 2.664873 -2.015440 176.582413 171.900238 167.513443 173.698303 -174.710922 -144.470551 5.003485 -5.970716 -15.546767 179.056244 179.587387 -177.041748 178.415680 179.555695 -177.099640 178.016159 178.084442 -177.872375 1.298223 0.117143 -5.151455 1.342482 0.141694 -6.009833 1.006261 -2.400538 -4.424871 8.760878 8.472363 0.983132 61.797272 -4.907789 -10.061147 87.117477 51.627148 82.841339 173.542694 156.631500 179.894501 22.637161 26.874371 75.238426 12.362345 0.001367 -0.002249 8.233316 0.001114 -0.001355 0.000000 -0.000000 0.000000 75.856094 3.745038 14.534983 61.673233 -0.000327 -0.000812 43.171291 0.000211 -0.000570 0.000000 -0.000000 0.000000 89.000031 -0.000007 0.000002 94.387398 0.001047 -0.001533 62.862041 0.001220 0.000133 0.000000 -0.000000 0.000000 89.015213 -0.173647 -9.998488 101.292290 0.001267 -0.001207 67.460693 0.001083 0.000456 0.000000 -0.000000 0.000000 89.060295 -0.342008 -19.997196 109.999985 -0.000000 -0.000012 79.999969 -0.000004 -0.000008 171.084854 -175.057785 179.933731 122.229607 177.846130 178.621078 91.133926 -119.649452 -91.627914 21.576950 -14.955011 -7.674539 151.376617 -142.208511 -101.197517 173.517593 -179.998505 179.997864 175.682724 -179.998901 179.998657 180.000000 180.000000 -180.000000 90.965935 -179.741196 -165.002182 90.430984 179.999939 179.997513 117.301720 -179.998474 179.999146 180.000000 180.000000 -180.000000 90.999992 -179.999985 -179.999985 70.000031 -179.999985 -179.999985 106.073372 -179.998459 -179.999847 180.000000 180.000000 -180.000000 90.984795 179.826355 170.001511 69.999985 179.999985 -179.999985 100.000008 -179.999985 179.999985 180.000000 180.000000 -180.000000 90.939713 179.658005 160.002777 69.999977 179.999985 179.999985 100.000023 180.000000 -179.999985
18.248211 86.969170 -314.999847 4.353754 -7.766948 -7.784346 174.067383 -167.272003 170.763474 176.516632 177.114822 -109.849030 1.415037 2.022290 -3.635476 175.916977 171.278091 168.592072 174.877731 -174.684921 -143.959808 5.540540 -6.978620 -16.873663 178.994827 179.716873 -176.747681 178.316803 179.680099 -176.811310 177.862244 178.691986 -177.677338 1.380786 0.128352 -5.302896 1.427729 0.155227 -6.186481 1.026579 -1.923264 -4.552170 8.948326 8.915049 1.119510 62.153313 -6.039244 -11.509302 86.607742 50.819256 81.924011 173.597687 156.331680 -179.948303 22.789680 27.244946 75.455727 12.141970 0.000213 -0.000451 8.086545 0.000187 -0.000276 0.000000 -0.000000 0.000003 75.994255 3.711416 14.544118 61.789436 0.000372 0.000748 43.252598 -0.000176 0.000555 0.000000 -0.000000 0.000003 88.999985 0.000006 -0.000009 94.562965 -0.000112 0.000150 62.978947 -0.000120 0.000007 0.000000 -0.000000 0.000003 89.015190 -0.173631 -9.998512 101.467575 -0.000506 0.000541 67.577469 -0.000462 -0.000169 0.000000 -0.000000 0.000003 89.060234 -0.342002 -19.997202 110.000046 -0.000002 -0.000003 79.999985 -0.000000 0.000004 170.999023 -175.344177 179.600311 122.471085 179.881348 178.249420 90.890457 -119.909958 -91.081383 21.567274 -14.781146 -7.905756 151.235306 -142.545303 -100.905052 173.411133 -179.997360 179.996353 175.611816 -179.998047 179.997726 0.000000 -0.000000 0.000000 90.965897 -179.741196 -165.002182 90.510002 179.999924 179.995560 117.357018 -179.997269 179.998505 0.000000 -0.000000 0.000000 91.000000 179.999985 179.999985 70.000008 179.999985 179.999985 106.119080 -179.997116 -179.999634 0.000000 -0.000000 0.000000 90.984772 179.826370 170.001480 70.000023 -179.999985 -179.999985 100.000038 179.999985 -179.999985 0.000000 -0.000000 0.000000 90.939728 179.657990 160.002792 70.000008 179.999985 -179.999985 99.999985 -179.999985 180.000000
18.154959 87.063110 -313.766754 4.407110 -7.502465 -7.793835 174.488129 -167.104446 169.638428 176.093399 176.907944 -110.430290 0.977255 2.123389 -4.812089 175.326706 170.437897 169.886826 175.908722 -174.282227 -144.376556 5.777635 -7.831439 -17.684925 178.950638 179.824463 -176.638229 178.247467 179.784988 -176.704163 177.744095 179.196106 -177.613998 1.435255 0.135966 -5.399468 1.483920 0.164467 -6.299082 1.035636 -1.566941 -4.632197 9.037689 9.197336 1.231051 62.418362 -7.118203 -12.153777 86.078346 50.661026 81.086395 173.605652 156.094208 -179.790009 22.858547 27.197163 75.639000 12.126604 -0.000000 0.000001 8.076313 0.000000 -0.000001 0.000000 -0.000000 0.000003 75.958527 3.719616 14.541768 61.759499 0.000005 -0.000001 43.231636 -0.000003 -0.000001 0.000000 -0.000000 0.000003 89.000000 -0.000004 0.000001 94.556824 -0.000007 -0.000003 62.974842 -0.000000 0.000000 0.000000 -0.000000 0.000003 89.015205 -0.173636 -9.998513 101.444099 0.000004 0.000005 67.561768 0.000004 -0.000009 0.000000 -0.000000 0.000003 89.060280 -0.342006 -19.997204 110.000023 -0.000001 0.000005 80.000000 0.000002 -0.000003 170.913666 -175.521439 179.393860 122.533508 -178.534332 177.919632 90.599831 -120.017654 -90.395912 21.523176 -14.648763 -8.088903 151.222519 -142.940948 -100.807648 173.228027 179.999985 -179.999985 175.489853 179.999985 -179.999985 0.000000 -0.000000 0.000000 90.965935 -179.741196 -165.002182 90.640076 179.999985 -180.000000 117.448051 180.000000 179.999985 0.000000 -0.000000 0.000000 90.999992 179.999985 179.999985 69.999992 179.999985 179.999985 106.203835 179.999985 -180.000000 0.000000 -0.000000 0.000000 90.984810 179.826370 170.001495 70.000008 -179.999985 -180.000000 100.000008 179.999985 -179.999985 0.000000 -0.000000 0.000000 90.939705 179.657990 160.002808 70.000008 -179.999985 -179.999985 100.000008 180.000000 180.000000
18.068150 87.143234 -312.535461 4.461064 -7.240689 -7.835530 174.890717 -166.930878 168.521896 175.715439 176.637375 -110.895630 0.513988 2.170210 -6.027674 174.720779 169.545975 171.190002 177.033249 -173.946091 -144.780243 6.056643 -8.762992 -18.558134 178.905045 179.932556 -176.503616 178.175537 179.890045 -176.572174 177.623764 179.702606 -177.531067 1.495652 0.144423 -5.504786 1.546335 0.174590 -6.421970 1.045720 -1.180621 -4.720679 9.131278 9.517521 1.345031 62.702038 -8.171210 -12.885183 85.567299 50.432804 80.247314 173.622253 155.840576 -179.636780 22.988377 27.240726 75.912888 12.052892 -0.000645 0.001297 8.027225 -0.000549 0.000794 0.000000 -0.000000 0.000000 75.954346 3.721519 14.541411 61.755737 0.000359 0.000537 43.229019 -0.000061 0.000450 0.000000 -0.000000 0.000000 89.000015 0.000006 -0.000004 94.577225 -0.000226 0.000520 62.988449 -0.000376 0.000018 0.000000 -0.000000 0.000000 89.015205 -0.173638 -9.998504 101.450188 -0.000442 0.000604 67.565819 -0.000481 -0.000125 0.000000 -0.000000 0.000000 89.060295 -0.342008 -19.997192 110.000015 -0.000000 0.000000 79.999985 -0.000002 0.000003 170.823029 -175.727295 179.149963 122.630035 -176.940170 177.583801 90.305260 -120.180389 -89.715645 21.483812 -14.521778 -8.272399 151.230423 -143.436996 -100.765480 172.980637 179.999771 -179.999725 175.325104 179.999847 -179.999832 0.000000 -0.000000 0.000000 90.965919 -179.741196 -165.002182 90.781044 179.999985 179.999496 117.546722 -179.999695 179.999832 0.000000 -0.000000 0.000000 91.000000 180.000000 179.999985 70.000008 179.999985 179.999985 106.297104 -179.999710 -179.999969 0.000000 -0.000000 0.000000 90.984810 179.826355 170.001495 69.999992 -179.999985 179.999985 100.000038 -179.999985 179.999985 0.000000 -0.000000 0.000000 90.939713 179.657990 160.002808 69.999992 -179.999985 179.999985 100.000015 179.999985 -179.999985
17.969770 87.269135 -311.290924 4.522755 -6.965796 -7.769221 175.349503 -166.778366 167.330429 175.147873 176.519348 -111.756035 0.105613 2.459842 -7.165173 174.224731 168.706436 172.527512 177.924500 -173.443832 -145.399872 6.256360 -9.428656 -19.274910 178.861740 -179.955872 -176.451492 178.107895 179.999603 -176.521057 177.506836 -179.775040 -177.507507 1.545991 0.151208 -5.579350 1.598392 0.182672 -6.509004 1.054176 -0.867912 -4.783069 9.210977 9.743180 1.471213 62.990940 -9.317917 -13.327853 84.945290 50.452408 79.391197 173.613434 155.622314 -179.479355 22.690569 26.502640 75.605682 12.464547 0.000717 -0.001905 8.301383 0.000651 -0.001189 0.000000 0.000007 0.000000 75.675003 3.792063 14.523351 61.520523 -0.000449 -0.000554 43.064377 0.000038 -0.000506 0.000000 0.000007 0.000000 89.000008 -0.000007 -0.000007 94.358437 0.000364 -0.001069 62.842747 0.000745 -0.000105 0.000000 0.000007 0.000000 89.015213 -0.173652 -9.998513 101.178841 0.000727 -0.001159 67.385132 0.000904 0.000155 0.000000 0.000007 0.000000 89.060295 -0.342008 -19.997194 110.000015 0.000004 0.000006 79.999985 0.000003 0.000007 170.744751 -175.854660 179.023773 122.697098 -175.335922 177.250793 90.005188 -120.236427 -88.997070 21.451298 -14.376963 -8.469747 150.945480 -143.227753 -100.166107 173.237717 -179.999039 179.998260 175.496323 -179.999268 179.998901 0.000000 -0.000000 0.000000 90.965958 -179.741196 -165.002182 90.842545 179.999954 179.998260 117.589821 -179.998932 179.999405 0.000000 -0.000000 0.000000 91.000023 -179.999985 -179.999985 70.000015 179.999985 179.999985 106.325401 -179.998795 -179.999878 0.000000 -0.000000 0.000000 90.984810 179.826355 170.001495 70.000015 -179.999985 179.999985 100.000000 -180.000000 -179.999985 0.000000 -0.000000 0.000000 90.939728 179.658005 160.002808 69.999985 180.000000 -179.999985 100.000038 179.999985 -179.999985
17.843643 87.435165 -310.059692 4.578105 -6.701937 -7.589297 175.873505 -166.790344 166.110718 174.453735 176.630707 -112.911179 179.803207 177.125061 171.852676 173.920685 168.039307 173.701111 178.434402 -172.822052 -146.045883 6.372721 -9.724315 -19.792818 178.827011 -179.853500 -176.484238 178.054169 -179.898697 -176.553207 177.410889 -179.296432 -177.543472 1.573892 0.155062 -5.622852 1.627254 0.187251 -6.559800 1.056132 -0.665061 -4.819541 9.269391 9.826557 1.582435 63.267181 -10.498993 -13.472513 84.253624 50.679764 78.581390 173.573410 155.447128 -179.322647 22.753235 26.573380 75.770050 12.393295 0.002100 -0.005670 8.253940 0.001916 -0.003543 0.000000 -0.000000 0.000000 75.728409 3.777116 14.527184 61.565762 -0.001113 -0.001255 43.096046 0.000029 -0.001171 0.000000 -0.000000 0.000000 89.000015 0.000005 -0.000000 94.447182 0.000618 -0.002042 62.901794 0.001388 -0.000248 0.000000 -0.000000 0.000000 89.015228 -0.173635 -9.998508 101.281013 0.001359 -0.002263 67.453156 0.001735 0.000255 0.000000 -0.000000 0.000000 89.060265 -0.342001 -19.997190 110.000000 0.000010 0.000002 79.999985 0.000007 -0.000012 170.685333 -175.869781 179.018875 122.721741 -173.813934 176.962372 89.720139 -120.181656 -88.267593 21.446213 -14.208914 -8.694708 151.117355 -143.705887 -100.429451 172.926163 -179.998886 179.997528 175.288834 -179.999115 179.998413 0.000000 0.000003 0.000000 90.965935 -179.741180 -165.002197 91.007263 179.999863 179.997986 117.705116 -179.998795 179.999252 0.000000 0.000003 0.000000 90.999992 180.000000 180.000000 70.000008 180.000000 180.000000 106.441895 -179.998642 -179.999908 0.000000 0.000003 0.000000 90.984795 179.826370 170.001495 69.999985 -179.999985 -179.999985 100.000000 -179.999985 180.000000 0.000000 0.000003 0.000000 90.939690 179.657990 160.002792 69.999992 179.999985 -179.999985 100.000000 -179.999985 -180.000000
17.675846 87.637306 -308.834076 4.614483 -6.437860 -7.308005 176.446091 -166.891556 164.904190 173.729691 176.895309 -114.364937 179.639297 176.684326 171.056137 173.864120 167.714127 174.701508 178.504883 -172.237762 -146.648758 6.434223 -9.660975 -20.124569 178.805099 -179.766708 -176.589218 178.020752 -179.811203 -176.656189 177.347290 -178.891296 -177.628922 1.566051 0.154740 -5.640331 1.619146 0.186842 -6.580224 1.047759 -0.618730 -4.835354 9.294144 9.705633 1.620447 63.542316 -11.743339 -13.425043 83.522148 50.990574 77.861679 173.490265 155.318817 -179.180939 22.716936 26.936232 75.784409 12.196468 0.004116 -0.011074 8.122861 0.003718 -0.006935 180.000000 179.999985 -180.000000 75.799797 3.756782 14.532238 61.626324 -0.002063 -0.002415 43.138416 0.000100 -0.002223 180.000000 179.999985 -180.000000 89.000000 -0.000007 0.000007 94.541031 0.001151 -0.003379 62.964333 0.002348 -0.000328 180.000000 179.999985 -180.000000 89.015205 -0.173648 -9.998513 101.397461 0.002335 -0.003601 67.530708 0.002815 0.000518 180.000000 179.999985 -180.000000 89.060295 -0.342002 -19.997211 110.000000 -0.000010 -0.000014 80.000000 -0.000002 0.000003 170.640686 -175.713379 179.113083 122.694298 -172.372650 176.787918 89.496826 -119.947098 -87.579346 21.464746 -14.010896 -8.951926 151.298599 -144.113602 -100.790245 172.624207 -179.998901 179.997055 175.087723 -179.999100 179.998108 0.000000 -0.000003 0.000000 90.965958 -179.741211 -165.002182 91.126045 179.999725 179.997711 117.788239 -179.998672 179.999084 0.000000 -0.000003 0.000000 91.000015 179.999985 -179.999985 70.000000 -179.999985 -179.999985 106.523270 -179.998505 -179.999985 0.000000 -0.000003 0.000000 90.984810 179.826370 170.001480 69.999985 179.999985 179.999985 100.000038 -179.999985 179.999985 0.000000 -0.000003 0.000000 90.939751 179.658005 160.002792 69.999985 179.999985 179.999985 100.000023 180.000000 179.999985
17.429396 87.910896 -307.595520 4.571703 -6.116721 -6.984971 176.954315 -167.096176 163.999420 173.315033 177.398376 -116.485542 179.725082 176.440231 170.759201 174.162979 167.883926 175.728470 178.394104 -172.167175 -147.432678 6.348639 -9.751050 -20.212376 178.808899 -179.683487 -176.758774 178.028793 -179.725616 -176.822357 177.344666 -178.503448 -177.757492 1.520120 0.149765 -5.633404 1.571668 0.180876 -6.572201 1.038582 -0.839343 -4.832314 9.272912 9.339601 1.573610 63.789898 -12.987897 -13.569342 83.010887 50.896976 77.341515 173.343582 155.275589 -179.111694 22.617395 27.712641 75.734589 11.804620 0.000003 0.000009 7.861882 -0.000000 0.000005 0.000000 -0.000000 0.000000 75.943825 3.723438 14.540809 61.747013 -0.000000 0.000000 43.222916 -0.000004 0.000002 0.000000 -0.000000 0.000000 89.000008 -0.000007 0.000002 94.671875 0.000005 0.000000 63.051464 -0.000000 0.000000 0.000000 -0.000000 0.000000 89.015182 -0.173640 -9.998508 101.548973 -0.000005 -0.000000 67.631638 -0.000004 -0.000003 0.000000 -0.000000 0.000000 89.060295 -0.342000 -19.997204 110.000000 0.000003 -0.000002 80.000000 0.000002 0.000006 170.670029 -175.396942 179.315948 122.459801 -171.153641 176.976807 89.448761 -119.280357 -87.274925 21.390837 -13.918518 -9.073298 151.410767 -144.395401 -101.076118 172.403961 179.999985 -179.999985 174.941040 -179.999985 -180.000000 0.000000 -0.000000 0.000003 90.965950 -179.741211 -165.002182 91.205551 -179.999985 180.000000 117.843887 -180.000000 -180.000000 0.000000 -0.000000 0.000003 91.000000 179.999985 -180.000000 70.000008 -179.999985 -179.999985 106.574867 179.999985 -180.000000 0.000000 -0.000000 0.000003 90.984840 179.826370 170.001480 70.000008 179.999985 179.999985 100.000008 -179.999985 180.000000 0.000000 -0.000000 0.000003 90.939751 179.657990 160.002792 69.999992 179.999985 179.999985 100.000008 180.000000 179.999985
17.186787 88.177040 -306.362549 4.544485 -5.799741 -6.658978 177.468765 -167.306534 163.048218 172.842865 177.875809 -118.528961 179.797760 176.163330 170.406479 174.443192 168.009308 176.727570 178.255661 -172.012833 -148.167130 6.287182 -9.785542 -20.328753 178.808685 -179.599823 -176.925568 178.030502 -179.639679 -176.985825 177.333664 -178.113266 -177.884384 1.476296 0.145220 -5.627951 1.526359 0.175409 -6.565841 1.028124 -1.038133 -4.829600 9.255785 8.993152 1.530483 64.037170 -14.244288 -13.683377 82.454613 50.861008 76.807304 173.192184 155.219742 -179.040497 22.510241 28.469950 75.644089 11.424463 0.000713 -0.001951 7.608682 0.000633 -0.001229 0.000000 -0.000000 0.000000 76.078712 3.687746 14.549622 61.860977 -0.000349 -0.000488 43.302692 0.000048 -0.000418 0.000000 -0.000000 0.000000 89.000008 -0.000000 0.000000 94.797760 0.000261 -0.000584 63.135303 0.000435 -0.000029 0.000000 -0.000000 0.000000 89.015205 -0.173641 -9.998504 101.695808 0.000471 -0.000612 67.729393 0.000497 0.000132 0.000000 -0.000000 0.000000 89.060295 -0.342005 -19.997204 110.000000 0.000004 0.000006 80.000015 0.000000 -0.000004 170.688919 -175.095505 179.513138 122.255875 -169.894287 177.147644 89.408661 -118.646919 -86.930649 21.335260 -13.809158 -9.216977 151.530350 -144.682800 -101.373795 172.177490 -179.999878 179.999588 174.790207 -179.999908 179.999741 0.000003 -0.000000 0.000003 90.965935 -179.741196 -165.002182 91.285980 179.999939 179.999649 117.900185 -179.999817 179.999847 0.000003 -0.000000 0.000003 91.000000 179.999985 179.999985 70.000023 180.000000 180.000000 106.627289 -179.999786 179.999985 0.000003 -0.000000 0.000003 90.984810 179.826355 170.001480 70.000008 179.999985 -179.999985 100.000038 -179.999985 -179.999985 0.000003 -0.000000 0.000003 90.939728 179.657990 160.002808 70.000015 -179.999985 180.000000 100.000008 180.000000 180.000000
16.916759 88.470093 -305.117737 4.484129 -5.448386 -6.314281 177.947647 -167.531601 162.190201 172.518738 178.418823 -120.860962 179.971115 176.014603 170.239044 174.857758 168.386505 177.791107 178.107910 -172.166153 -149.041183 6.162138 -9.967613 -20.355976 178.817780 -179.524155 -177.117935 178.047165 -179.561157 -177.174347 177.346207 -177.760727 -178.027832 1.415065 0.138844 -5.616833 1.463050 0.167742 -6.552865 1.020414 -1.401938 -4.822376 9.224842 8.489787 1.453384 64.266075 -15.515374 -13.909577 81.987358 50.629543 76.326286 173.023590 155.205811 -179.012955 22.407820 29.416634 75.574516 10.942553 0.001146 -0.003226 7.287743 0.001020 -0.002039 0.000000 -0.000000 0.000000 76.248413 3.642934 14.560399 62.004307 -0.000594 -0.001126 43.403027 0.000224 -0.000859 0.000000 -0.000000 0.000000 88.999985 -0.000002 -0.000002 94.948479 0.000683 -0.001145 63.235687 0.000879 0.000064 0.000000 -0.000000 0.000000 89.015205 -0.173640 -9.998516 101.870712 0.001077 -0.001085 67.845871 0.000934 0.000389 0.000000 -0.000000 0.000000 89.060265 -0.342006 -19.997194 110.000031 0.000013 0.000012 79.999947 0.000001 -0.000004 170.733063 -174.656891 179.759445 121.981987 -168.731201 177.369446 89.366608 -117.927505 -86.651100 21.238138 -13.745741 -9.313695 151.649185 -144.986389 -101.679993 171.940048 -179.999893 179.999496 174.632080 -179.999893 179.999680 0.000000 -0.000000 0.000000 90.965927 -179.741196 -165.002182 91.369179 179.999847 179.999435 117.958420 -179.999710 179.999725 0.000000 -0.000000 0.000000 91.000000 -179.999985 180.000000 69.996315 -179.999985 179.999939 106.681046 -179.999649 179.999954 0.000000 -0.000000 0.000000 90.984795 179.826355 170.001511 70.000008 -179.999985 -179.999985 100.000023 -179.999985 179.999985 0.000000 -0.000000 0.000000 90.939690 179.657990 160.002808 70.000008 -179.999985 -180.000000 100.000008 179.999985 180.000000
16.648998 88.781647 -303.858429 4.375560 -5.121996 -6.014561 178.320541 -167.790482 161.550735 172.416595 178.977905 -123.160553 0.193640 3.957494 -9.735154 175.260818 168.869919 178.834747 178.154358 -172.644455 -150.017181 6.021951 -10.436948 -20.375736 178.838852 -179.439941 -177.300583 178.083908 -179.473862 -177.353394 177.386108 -177.368515 -178.164505 1.369790 0.134352 -5.610590 1.416235 0.162303 -6.545576 1.010940 -1.645003 -4.817790 9.173635 8.101796 1.386833 64.439865 -16.635689 -14.280040 81.716705 50.172226 75.907570 172.882202 155.190765 -179.005646 22.415009 30.264261 75.569893 10.510448 0.001072 -0.003866 6.999956 0.001013 -0.002472 0.000003 0.000007 0.000000 76.486435 3.581229 14.575279 62.205143 -0.000491 -0.001130 43.543598 0.000298 -0.000819 0.000003 0.000007 0.000000 88.999977 -0.000000 -0.000005 95.152206 0.000669 -0.000908 63.371410 0.000748 0.000128 0.000003 0.000007 0.000000 89.015190 -0.173644 -9.998492 102.087769 0.001036 -0.000859 67.990494 0.000793 0.000436 0.000003 0.000007 0.000000 89.060249 -0.342004 -19.997198 109.999977 -0.000003 0.000002 80.000000 0.000007 0.000005 170.792511 -174.329834 179.952087 121.623650 -167.780579 177.767548 89.451492 -117.087982 -86.583549 21.090918 -13.750888 -9.342352 151.749023 -145.329315 -101.918312 171.700272 179.999863 -179.999466 174.472366 179.999893 -179.999649 0.000000 -0.000000 0.000000 90.965935 -179.741196 -165.002182 91.459793 179.999863 179.999649 118.021873 -179.999832 179.999802 0.000000 -0.000000 0.000000 90.999992 179.999985 -179.999985 70.001213 -179.999985 179.999832 106.740776 -179.999878 179.999969 0.000000 -0.000000 0.000000 90.984802 179.826355 170.001480 70.000023 179.999985 179.999985 100.000023 179.999985 180.000000 0.000000 -0.000000 0.000000 90.939720 179.657990 160.002808 70.000008 180.000000 180.000000 100.000008 179.999985 -179.999985
16.396921 89.112312 -302.558533 4.176159 -4.798293 -5.782286 178.638123 -168.148300 161.143890 172.590958 179.632980 -125.950577 0.437534 3.828325 -9.550251 175.621460 169.300964 -179.773849 178.538635 -173.282562 -151.383682 5.716952 -11.177170 -20.280722 178.883591 -179.341721 -177.466995 178.160217 -179.372223 -177.516495 177.476898 -176.910873 -178.288010 1.328269 0.130124 -5.598843 1.373336 0.157157 -6.531872 1.000204 -1.850310 -4.808399 9.089886 7.721368 1.352180 64.532494 -17.759987 -14.792303 81.685745 49.495415 75.522491 172.794235 155.167679 -178.972305 22.207119 30.778841 75.409431 10.261421 -0.000006 -0.004287 6.834101 0.000327 -0.002841 0.000000 -0.000000 0.000000 76.502747 3.574906 14.576077 62.219299 -0.001101 -0.002683 43.553543 0.000753 -0.001895 0.000000 -0.000000 0.000000 89.000008 0.000005 -0.000010 95.131653 0.002015 -0.002574 63.357708 0.002137 0.000440 0.000000 -0.000000 0.000000 89.015244 -0.173633 -9.998511 102.059067 0.003174 -0.002489 67.971382 0.002332 0.001349 0.000000 -0.000000 0.000000 89.060280 -0.342002 -19.997208 109.999992 0.000001 -0.000005 80.000000 -0.000000 -0.000005 170.866623 -174.106171 -179.868942 121.114182 -166.878754 178.335632 89.511177 -116.127296 -86.595116 20.862839 -13.845502 -9.262225 151.640671 -144.732437 -101.748703 172.051575 179.999710 179.997879 174.706345 179.999939 179.998566 0.000000 0.000000 -0.000003 90.965904 -179.741196 -165.002167 91.411919 179.999100 179.998032 117.988365 -179.999084 179.998810 0.000000 0.000000 -0.000003 91.000000 179.999985 -179.999985 69.923218 179.999985 179.997757 106.688904 -179.998550 179.999573 0.000000 0.000000 -0.000003 90.984802 179.826370 170.001495 70.000031 -179.999985 179.999985 100.000008 179.999985 -179.999985 0.000000 0.000000 -0.000003 90.939713 179.658005 160.002792 70.000008 -180.000000 179.999985 100.000008 179.999985 -179.999985
16.217236 89.465439 -301.181824 3.919885 -4.516809 -5.721575 178.756775 -168.332306 161.283340 173.220230 -179.956039 -129.216827 0.734229 3.778653 -9.183160 175.841034 169.385269 -178.150696 179.211716 -173.666931 -152.949966 5.086617 -11.968394 -19.620548 178.950256 -179.232376 -177.550583 178.273483 -179.260147 -177.598083 177.611526 -176.401031 -178.348007 1.296275 0.126269 -5.567409 1.340341 0.152457 -6.495238 0.983844 -1.912884 -4.782319 8.989552 7.614853 1.437030 64.541397 -18.680296 -15.356419 81.940910 48.951332 75.384102 172.791397 155.152496 -178.891098 22.577394 31.106455 75.943253 10.004879 -0.000007 0.000003 6.663250 0.000007 0.000002 179.999985 179.999985 180.000000 76.722984 3.521370 14.590037 62.404411 0.000001 0.000001 43.683098 -0.000006 0.000005 179.999985 179.999985 180.000000 89.000008 -0.000000 0.000000 95.315903 -0.000007 0.000002 63.480427 -0.000001 -0.000005 179.999985 179.999985 180.000000 89.015205 -0.173643 -9.998508 102.266220 -0.000003 0.000002 68.109299 -0.000000 0.000000 179.999985 179.999985 180.000000 89.060295 -0.342007 -19.997194 109.999969 0.000003 -0.000002 80.000008 0.000000 0.000005 170.961212 -174.003952 -179.685974 120.583099 -166.275543 178.692886 89.145538 -115.408859 -86.339264 20.629950 -14.002286 -9.080215 151.695297 -145.095505 -101.897438 171.822708 -180.000000 180.000000 174.553925 180.000000 -180.000000 0.000000 -0.000000 0.000000 90.965958 -179.741196 -165.002182 91.505089 180.000000 180.000000 118.053566 180.000000 180.000000 0.000000 -0.000000 0.000000 91.000023 -180.000000 -179.999985 70.022980 180.000000 -180.000000 106.755302 180.000000 -179.999985 0.000000 -0.000000 0.000000 90.984840 179.826370 170.001495 70.000008 180.000000 180.000000 100.000023 180.000000 -179.999985 0.000000 -0.000000 0.000000 90.939728 179.658005 160.002808 70.000015 179.999985 179.999985 99.999985 180.000000 -179.999985
16.029892 89.818153 -299.811829 3.663967 -4.232634 -5.644334 178.903351 -168.545456 161.357544 173.802094 -179.552887 -132.443100 1.015834 3.681620 -8.838690 176.077530 169.500214 -176.533157 179.842941 -174.124786 -154.517929 4.489549 -12.771897 -19.033323 179.015884 -179.121613 -177.644608 178.385178 -179.146515 -177.690186 177.743912 -175.885391 -178.416931 1.264067 0.122544 -5.536996 1.307088 0.147924 -6.459753 0.967243 -1.977896 -4.756845 8.886958 7.491502 1.511863 64.552605 -19.623468 -15.926101 82.155609 48.365074 75.196121 172.779633 155.133957 -178.813385 22.961588 31.467091 76.485382 9.732969 -0.000062 -0.000485 6.482155 -0.000019 -0.000327 0.000000 -0.000000 0.000000 76.956383 3.460340 14.604245 62.601456 -0.000122 -0.000262 43.821037 0.000060 -0.000186 0.000000 -0.000000 0.000000 88.999985 -0.000002 -0.000002 95.513657 0.000172 -0.000253 63.612106 0.000207 0.000036 0.000000 -0.000000 0.000000 89.015175 -0.173644 -9.998507 102.487396 0.000309 -0.000248 68.256599 0.000233 0.000137 0.000000 -0.000000 0.000000 89.060287 -0.342002 -19.997194 109.999985 0.000003 -0.000002 80.000000 -0.000002 0.000003 171.049591 -173.906357 -179.504471 120.047462 -165.635818 179.081284 88.812927 -114.657715 -86.096420 20.384678 -14.158005 -8.901543 151.760681 -145.450180 -102.062943 171.594574 179.999939 179.999664 174.401978 179.999985 179.999771 0.000000 -0.000000 0.000003 90.965935 -179.741196 -165.002182 91.598198 179.999847 179.999710 118.118752 -179.999863 179.999817 0.000000 -0.000000 0.000003 91.000015 180.000000 180.000000 70.122696 179.999985 179.999664 106.821724 -179.999771 179.999924 0.000000 -0.000000 0.000003 90.984810 179.826355 170.001495 69.999992 179.999985 -179.999985 100.000023 -179.999985 179.999985 0.000000 -0.000000 0.000003 90.939705 179.657990 160.002792 70.000015 180.000000 180.000000 100.000038 179.999985 -179.999985
15.871050 90.185669 -298.415619 3.388358 -3.962933 -5.629209 178.976990 -168.672928 161.637573 174.544586 -179.292786 -135.850845 1.331759 3.606324 -8.438525 176.262955 169.563126 -174.852371 0.537926 -5.457560 23.867434 3.761669 -13.532108 -18.182636 179.089371 -179.017944 -177.705612 178.509918 -179.040222 -177.749908 177.892654 -175.403091 -178.460175 1.229026 0.118351 -5.498194 1.270882 0.142858 -6.414497 0.949424 -2.050981 -4.724524 8.780983 7.430769 1.622956 64.564133 -20.503780 -16.541384 82.456635 47.850842 75.135406 172.793777 155.118576 -178.727478 23.343481 31.704901 77.044960 9.516652 -0.000189 -0.000820 6.338092 -0.000068 -0.000557 180.000000 180.000000 -180.000000 77.149948 3.409933 14.615913 62.764835 -0.000197 -0.000268 43.935360 0.000032 -0.000226 180.000000 180.000000 -180.000000 89.000000 0.000002 0.000007 95.671051 0.000160 -0.000292 63.716934 0.000208 0.000009 180.000000 180.000000 -180.000000 89.015213 -0.173639 -9.998505 102.666298 0.000321 -0.000305 68.375771 0.000270 0.000125 180.000000 180.000000 -180.000000 89.060295 -0.342000 -19.997181 110.000015 0.000005 0.000001 80.000000 -0.000002 0.000003 171.144440 -173.760345 -179.308411 119.528938 -165.118683 179.343658 88.233177 -114.036690 -85.633965 20.157629 -14.310377 -8.714793 151.797104 -145.825714 -102.179993 171.366837 179.999847 179.999237 174.250305 179.999954 179.999481 0.000000 -0.000000 0.000000 90.965950 -179.741196 -165.002182 91.694321 179.999695 179.999420 118.186043 -179.999756 179.999603 0.000000 -0.000000 0.000000 91.000015 179.999985 -179.999985 70.225815 179.999954 179.999329 106.890388 -179.999588 179.999847 0.000000 -0.000000 0.000000 90.984840 179.826370 170.001495 70.000000 179.999985 -180.000000 100.000008 -179.999985 179.999985 0.000000 -0.000000 0.000000 90.939728 179.657990 160.002808 70.000000 179.999985 179.999985 100.000008 -179.999985 180.000000
15.734516 90.586235 -296.998932 3.111583 -3.695905 -5.687663 178.972412 -168.679398 162.142929 175.401047 -179.227600 -139.431366 1.709123 3.635274 -7.995460 176.469421 169.415863 -173.145798 1.203258 -5.284251 22.286531 2.937606 -14.202484 -17.021158 179.164886 -178.899918 -177.722076 178.638947 -178.919968 -177.765991 178.041275 -174.853592 -178.472031 1.204358 0.115167 -5.460290 1.245365 0.139052 -6.370290 0.929282 -2.014522 -4.692715 8.679892 7.505623 1.761016 64.562576 -21.295559 -17.074234 82.795204 47.500214 75.196182 172.850006 155.109619 -178.621597 23.643948 31.874027 77.526222 9.342930 -0.000330 -0.001080 6.222395 -0.000141 -0.000738 179.999985 180.000000 180.000000 77.276917 3.376934 14.623524 62.871960 -0.000240 -0.000187 44.010395 -0.000047 -0.000211 179.999985 180.000000 180.000000 88.999985 0.000005 0.000010 95.768974 0.000068 -0.000246 63.782158 0.000172 -0.000018 179.999985 180.000000 180.000000 89.015182 -0.173642 -9.998509 102.786026 0.000224 -0.000288 68.455467 0.000231 0.000079 179.999985 180.000000 180.000000 89.060280 -0.342011 -19.997183 109.999992 0.000003 -0.000002 80.000008 -0.000002 -0.000006 171.258484 -173.733261 -179.138123 119.003395 -164.667908 179.615860 87.499123 -113.451683 -85.007736 19.959492 -14.451082 -8.534030 151.798981 -146.243607 -102.229683 171.133179 179.999664 179.998718 174.094711 179.999863 179.999130 0.000000 -0.000000 0.000000 90.965935 -179.741196 -165.002182 91.794640 179.999588 179.999313 118.256226 -179.999725 179.999527 0.000000 -0.000000 0.000000 91.000000 179.999985 -179.999985 70.332748 179.999924 179.999191 106.961639 -179.999496 179.999786 0.000000 -0.000000 0.000000 90.984779 179.826370 170.001480 69.999992 179.999985 179.999985 100.000008 179.999985 -179.999985 0.000000 -0.000000 0.000000 90.939713 179.657990 160.002808 70.000015 -179.999985 -179.999985 100.000008 -179.999985 179.999985
15.613712 90.838028 -295.567993 2.852271 -3.402130 -5.809608 178.851593 -168.657761 162.881973 176.314514 -179.242157 -143.331207 2.228154 3.791990 -7.449704 176.749603 169.040955 -171.411880 1.799161 -5.418069 20.769352 1.968727 -14.746086 -15.423834 179.238449 -178.792923 -177.699631 178.764923 -178.811081 -177.743958 178.184357 -174.354935 -178.453568 1.167784 0.111171 -5.435760 1.207537 0.134239 -6.341649 0.910837 -2.086651 -4.672451 8.588513 7.479033 1.896570 64.554413 -22.023645 -17.521069 83.158272 47.314644 75.400635 172.921997 155.112762 -178.505753 23.854435 32.026978 77.872414 9.199624 -0.000465 -0.001243 6.126953 -0.000214 -0.000853 0.000000 -0.000000 0.000000 77.373665 3.351902 14.629215 62.953629 -0.000167 -0.000070 44.067524 -0.000058 -0.000112 0.000000 -0.000000 0.000000 88.999985 0.000002 -0.000012 95.846138 -0.000004 -0.000102 63.833527 0.000051 -0.000024 0.000000 -0.000000 0.000000 89.015205 -0.173630 -9.998506 102.879318 0.000082 -0.000166 68.517609 0.000108 0.000024 0.000000 -0.000000 0.000000 89.060265 -0.341997 -19.997194 109.999985 0.000005 0.000001 80.000008 -0.000004 0.000002 171.400833 -173.628433 -178.951508 118.449989 -164.247681 179.906891 86.598206 -112.890900 -84.186272 19.776487 -14.584847 -8.361242 151.777557 -146.731171 -102.255638 170.867432 179.999374 179.998413 173.917709 179.999710 179.998901 0.000000 -0.000000 0.000003 90.965958 -179.741196 -165.002182 91.891457 179.999664 179.999466 118.324013 -179.999771 179.999619 0.000000 -0.000000 0.000003 91.000015 179.999985 -180.000000 70.434151 179.999939 179.999374 107.029198 -179.999603 179.999847 0.000000 -0.000000 0.000003 90.984818 179.826355 170.001495 69.999992 -180.000000 -179.999985 99.999985 -179.999985 179.999985 0.000000 -0.000000 0.000003 90.939774 179.657990 160.002792 69.999985 180.000000 180.000000 100.000038 179.999985 -179.999985
15.496959 91.053970 -294.155792 2.845132 -3.116341 -5.870161 178.521317 -168.458420 163.705856 176.930634 -179.372498 -146.952545 2.920072 4.380265 -6.843545 176.952545 168.666260 -170.334137 2.133485 -5.561249 20.027096 1.154789 -15.222632 -13.218325 179.249268 -178.713791 -177.695984 178.785080 -178.731613 -177.740448 178.198044 -173.985764 -178.454697 1.138342 0.108555 -5.448523 1.177064 0.131104 -6.356553 0.898945 -2.160992 -4.684274 8.540671 7.375087 2.033725 64.615257 -22.428782 -17.771772 83.341858 47.402386 75.639610 172.939835 155.137924 -178.429459 23.883865 32.181404 77.969887 9.098041 -0.000007 -0.000001 6.059296 0.000003 0.000001 0.000000 -0.000000 0.000000 77.404366 3.344069 14.630836 62.979496 -0.000001 0.000011 44.085636 0.000006 0.000003 0.000000 -0.000000 0.000000 89.000008 -0.000000 -0.000005 95.861282 0.000000 -0.000005 63.843609 -0.000008 -0.000001 0.000000 -0.000000 0.000000 89.015205 -0.173634 -9.998516 102.906921 -0.000002 -0.000003 68.535995 -0.000004 0.000006 0.000000 -0.000000 0.000000 89.060280 -0.341999 -19.997202 110.000015 -0.000006 0.000004 80.000000 0.000004 0.000003 171.552063 -173.399704 -178.722565 118.079453 -164.101044 179.916931 85.685715 -112.630478 -83.264481 19.663717 -14.683916 -8.241191 151.755142 -147.125610 -102.330002 170.635056 -179.999985 -180.000000 173.762955 179.999985 -179.999985 0.000000 -0.000003 0.000000 90.965958 -179.741196 -165.002182 91.938667 179.999985 179.999985 118.357056 180.000000 -179.999985 0.000000 -0.000003 0.000000 91.000000 180.000000 -179.999985 70.483589 -179.999985 -180.000000 107.062073 180.000000 179.999985 0.000000 -0.000003 0.000000 90.984818 179.826355 170.001495 70.000008 -179.999985 -179.999985 100.000008 -180.000000 179.999985 0.000000 -0.000003 0.000000 90.939728 179.657990 160.002792 70.000015 179.999985 -179.999985 100.000008 -179.999985 180.000000
15.382248 91.275436 -292.742065 2.801690 -2.833544 -5.952703 178.211975 -168.281036 164.533325 177.553940 -179.523254 -150.557190 3.626523 4.869786 -6.226228 177.183487 168.297684 -169.183853 2.484246 -5.707068 19.195686 0.335378 -15.659810 -11.102341 179.269379 -178.633270 -177.680649 178.821014 -178.650558 -177.725494 178.230042 -173.609894 -178.446304 1.107537 0.105787 -5.457880 1.145192 0.127773 -6.367457 0.886080 -2.237756 -4.693025 8.489123 7.292860 2.168318 64.668793 -22.863586 -18.041742 83.549393 47.480602 75.890213 172.966782 155.159424 -178.349503 23.932766 32.334698 78.076302 8.997055 -0.000095 -0.000228 5.992037 -0.000053 -0.000157 0.000000 -0.000003 0.000000 77.450493 3.332072 14.633488 63.018433 0.000027 0.000008 44.112858 0.000022 0.000009 0.000000 -0.000003 0.000000 88.999985 0.000000 0.000010 95.891502 0.000012 0.000039 63.863766 -0.000020 0.000012 0.000000 -0.000003 0.000000 89.015213 -0.173641 -9.998512 102.951042 -0.000009 0.000033 68.565392 -0.000019 0.000004 0.000000 -0.000003 0.000000 89.060318 -0.342008 -19.997202 110.000000 -0.000007 -0.000004 80.000000 -0.000003 0.000011 171.699829 -173.175720 -178.503647 117.699707 -163.928040 179.927551 84.729324 -112.369400 -82.306923 19.545877 -14.783104 -8.119145 151.736115 -147.522217 -102.393066 170.406113 179.999832 179.999725 173.610474 179.999908 179.999802 0.000000 -0.000003 0.000000 90.965958 -179.741196 -165.002197 91.993904 179.999985 179.999985 118.395760 -179.999985 179.999985 0.000000 -0.000003 0.000000 91.000000 180.000000 180.000000 70.541306 180.000000 179.999985 107.100510 -179.999985 179.999985 0.000000 -0.000003 0.000000 90.984825 179.826355 170.001480 70.000008 -179.999985 -179.999985 100.000023 -180.000000 179.999985 0.000000 -0.000003 0.000000 90.939743 179.657990 160.002808 69.999992 -179.999985 179.999985 100.000008 179.999985 -179.999985
15.263798 91.481758 -291.334320 2.879536 -2.534117 -5.969358 177.818604 -168.051773 165.405212 178.050949 -179.727661 -154.370499 4.500778 5.544013 -5.551430 177.388885 167.963120 -168.231140 2.753878 -5.766184 18.618029 179.536911 -163.871094 171.442734 179.259354 -178.559250 -177.699020 178.805939 -178.576569 -177.743652 178.201385 -173.264404 -178.466293 1.078862 0.103528 -5.483376 1.115518 0.125053 -6.397202 0.876043 -2.323810 -4.715686 8.443397 7.111541 2.307778 64.753380 -23.210169 -18.257318 83.701927 47.601479 76.139481 172.957977 155.190857 -178.285675 23.811983 32.497028 78.122620 8.887229 -0.000195 -0.000360 5.918896 -0.000103 -0.000252 0.000000 -0.000000 0.000000 77.357559 3.356175 14.628291 62.940010 -0.000181 0.000005 44.057968 -0.000095 -0.000083 0.000000 -0.000000 0.000000 89.000000 -0.000002 0.000007 95.786133 -0.000028 -0.000108 63.793579 0.000054 -0.000055 0.000000 -0.000000 0.000000 89.015213 -0.173648 -9.998509 102.849037 0.000040 -0.000119 68.497437 0.000081 0.000002 0.000000 -0.000000 0.000000 89.060280 -0.342000 -19.997196 110.000031 -0.000000 0.000000 79.999969 -0.000005 0.000000 171.853424 -172.893234 -178.237244 117.343399 -163.816284 179.931458 83.786034 -112.133789 -81.309944 19.437166 -14.879587 -8.002499 151.662201 -147.847839 -102.482155 170.198547 179.999268 179.999466 173.472244 179.999573 179.999588 0.000000 -0.000000 0.000000 90.965927 -179.741196 -165.002182 91.980659 179.999863 179.999817 118.386497 -179.999939 179.999863 0.000000 -0.000000 0.000000 91.000000 180.000000 180.000000 70.523735 179.999985 179.999756 107.088806 -179.999847 179.999954 0.000000 -0.000000 0.000000 90.984818 179.826370 170.001495 70.000008 180.000000 -179.999985 100.000023 -180.000000 -179.999985 0.000000 -0.000000 0.000000 90.939705 179.657990 160.002808 70.000008 -179.999985 -180.000000 100.000038 180.000000 179.999985
15.139681 91.659966 -289.932098 3.064090 -2.240086 -5.915169 177.359497 -167.814362 166.227997 178.410950 -179.944305 -158.092194 5.508332 6.316076 -4.940462 177.550995 167.536972 -167.510071 2.970479 -5.875980 18.297031 178.805634 -163.408264 174.210403 179.220428 -178.492554 -177.755707 178.741791 -178.510391 -177.799316 178.114746 -172.953094 -178.517517 1.055292 0.101855 -5.518306 1.091138 0.123040 -6.437971 0.870879 -2.411826 -4.746818 8.414557 6.833234 2.441522 64.819946 -23.441647 -18.343149 83.778816 47.761944 76.296257 172.922241 155.229248 -178.229874 23.833878 32.694473 78.139244 8.783628 -0.000328 -0.000406 5.849903 -0.000187 -0.000289 0.000000 -0.000003 0.000000 77.422020 3.339376 14.632328 62.994404 -0.000373 0.000112 44.096081 -0.000238 -0.000141 0.000000 -0.000003 0.000000 88.999985 -0.000002 0.000012 95.836372 -0.000110 -0.000163 63.827019 0.000064 -0.000129 0.000000 -0.000003 0.000000 89.015190 -0.173638 -9.998508 102.909348 0.000053 -0.000169 68.537659 0.000124 -0.000019 0.000000 -0.000003 0.000000 89.060272 -0.342015 -19.997200 110.000000 -0.000001 -0.000008 80.000000 -0.000002 0.000003 172.010284 -172.610107 -177.947327 117.024216 -163.767258 179.940765 82.934433 -111.932938 -80.365524 19.337143 -14.971035 -7.893898 151.696747 -148.355240 -102.670105 169.880081 179.998367 179.999374 173.260132 179.998962 179.999466 180.000000 180.000000 -179.999985 90.965942 -179.741180 -165.002182 92.046173 179.999802 179.999817 118.432312 -179.999954 179.999817 180.000000 180.000000 -179.999985 91.000000 -179.999985 179.999985 70.598557 179.999939 179.999725 107.138657 -179.999847 179.999908 180.000000 180.000000 -179.999985 90.984795 179.826370 170.001495 70.000000 179.999985 179.999985 100.000008 -180.000000 179.999985 180.000000 180.000000 -179.999985 90.939728 179.658005 160.002792 70.000008 -179.999985 -179.999985 100.000023 -179.999985 180.000000
15.006224 91.774429 -288.536896 3.354987 -1.952811 -5.765168 176.878967 -167.520599 166.955109 178.680740 179.714111 -161.650955 6.612431 7.056640 -4.520488 177.607178 167.094833 -167.048126 3.177891 -5.923494 18.228937 178.149658 -162.911911 177.158615 179.150757 -178.418411 -177.865326 178.625610 -178.437057 -177.906845 177.967545 -172.606598 -178.612991 1.043598 0.101314 -5.553548 1.079031 0.122394 -6.479101 0.866512 -2.418267 -4.777729 8.390635 6.627674 2.603792 64.930931 -23.591019 -18.434649 83.787956 47.891354 76.366112 172.855362 155.269653 -178.175598 23.909828 32.896049 78.187706 8.676296 -0.000354 -0.000253 5.778419 -0.000216 -0.000190 180.000000 179.999985 179.999985 77.517647 3.314601 14.638262 63.075115 -0.000587 0.000345 44.152573 -0.000473 -0.000107 180.000000 179.999985 179.999985 89.000000 -0.000002 0.000007 95.913322 -0.000310 -0.000130 63.878273 -0.000010 -0.000223 180.000000 179.999985 179.999985 89.015213 -0.173634 -9.998509 103.003128 -0.000054 -0.000123 68.600067 0.000073 -0.000070 180.000000 179.999985 179.999985 89.060249 -0.342006 -19.997196 110.000015 -0.000005 -0.000001 80.000038 -0.000008 0.000002 172.162338 -172.421585 -177.648300 116.760269 -163.792618 179.950485 82.216301 -111.768593 -79.529816 19.242264 -15.056677 -7.793831 151.768158 -148.899551 -102.926613 169.526245 179.997253 179.999619 173.024475 179.998230 179.999512 0.000000 -0.000000 0.000000 90.965919 -179.741196 -165.002182 92.121780 179.999741 179.999954 118.485275 179.999939 179.999817 0.000000 -0.000000 0.000000 91.000000 -180.000000 -179.999985 70.687584 179.999847 179.999863 107.197937 -179.999954 179.999878 0.000000 -0.000000 0.000000 90.984779 179.826355 170.001480 69.999992 179.999985 179.999985 100.000008 179.999985 -179.999985 0.000000 -0.000000 0.000000 90.939690 179.657974 160.002823 70.000015 -179.999985 -179.999985 100.000038 180.000000 -179.999985
14.826429 91.971039 -287.127075 3.771560 -1.653896 -5.501950 176.485306 -166.950806 167.464188 178.855789 179.368591 -164.281219 7.387766 7.768028 -4.876964 177.607376 166.598572 -167.047806 3.311419 -6.034956 18.811184 177.538910 -162.368683 -179.831314 179.038635 -178.334442 -178.049118 178.436584 -178.353897 -178.087708 177.742676 -172.216232 -178.776932 1.055797 0.102996 -5.568489 1.091628 0.124396 -6.496490 0.861097 -2.276537 -4.788983 8.358196 6.596871 2.818873 65.188881 -23.549704 -18.650372 83.641113 47.923218 76.315117 172.798477 155.322220 -178.094711 24.131903 32.956284 78.346115 8.628725 0.000003 0.000000 5.746729 0.000003 0.000001 0.000000 0.000003 0.000000 77.679779 3.272245 14.646728 63.212006 0.000006 -0.000004 44.248409 -0.000000 0.000000 0.000000 0.000003 0.000000 88.999977 -0.000007 0.000002 96.050758 0.000002 0.000003 63.969810 0.000006 0.000004 0.000000 0.000003 0.000000 89.015182 -0.173641 -9.998505 103.159149 0.000005 0.000001 68.703972 -0.000003 0.000010 0.000000 0.000003 0.000000 89.060265 -0.342016 -19.997198 110.000000 -0.000005 -0.000001 80.000008 -0.000005 0.000009 172.280502 -172.446609 -177.436066 116.633072 -164.078171 -179.990952 81.848251 -111.723686 -79.088249 19.170927 -15.114584 -7.723282 151.922485 -149.324280 -103.276642 169.219604 -179.999985 -179.999985 172.820267 -180.000000 -180.000000 0.000000 -0.000000 0.000000 90.965950 -179.741196 -165.002182 92.203506 179.999985 179.999985 118.542480 180.000000 180.000000 0.000000 -0.000000 0.000000 91.000000 -179.999985 180.000000 70.789894 180.000000 180.000000 107.266037 -179.999985 179.999985 0.000000 -0.000000 0.000000 90.984818 179.826370 170.001495 69.999992 179.999985 179.999985 100.000038 179.999985 -179.999985 0.000000 -0.000000 0.000000 90.939728 179.657990 160.002808 70.000008 -179.999985 -179.999985 100.000008 179.999985 -179.999985
14.653252 92.181259 -285.719910 4.185163 -1.358033 -5.239905 176.075958 -166.381516 167.999298 179.030960 178.974045 -167.048798 8.241196 8.469790 -5.139449 177.597763 166.120972 -166.998306 3.461215 -6.123689 19.307573 176.960052 -161.846298 -176.797516 178.928543 -178.250183 -178.228806 178.251251 -178.270035 -178.264008 177.521515 -171.821548 -178.935883 1.066294 0.104453 -5.585771 1.102471 0.126133 -6.516618 0.856162 -2.141425 -4.802722 8.325471 6.555523 3.031017 65.430321 -23.529684 -18.847401 83.511894 47.965969 76.270866 172.735916 155.372101 -178.016678 24.343258 33.026764 78.495628 8.577799 -0.000047 -0.000016 5.712814 -0.000030 -0.000013 0.000000 -0.000000 0.000000 77.838707 3.230815 14.655889 63.346207 -0.000095 0.000102 44.342335 -0.000096 0.000009 0.000000 -0.000000 0.000000 88.999977 -0.000005 -0.000005 96.183426 -0.000085 0.000007 64.058128 -0.000033 -0.000045 0.000000 -0.000000 0.000000 89.015182 -0.173648 -9.998511 103.309639 -0.000050 0.000009 68.804237 -0.000018 -0.000016 0.000000 -0.000000 0.000000 89.060303 -0.342014 -19.997202 109.999969 -0.000008 -0.000011 80.000000 -0.000005 0.000014 172.402603 -172.454346 -177.208771 116.490082 -164.329865 -179.943680 81.443489 -111.665901 -78.599457 19.096060 -15.176303 -7.648046 152.066879 -149.768066 -103.619080 168.903366 179.999542 -179.999985 172.609665 179.999695 179.999985 0.000000 -0.000000 0.000000 90.965935 -179.741196 -165.002182 92.287880 179.999969 -179.999969 118.601509 179.999969 179.999985 0.000000 -0.000000 0.000000 91.000000 180.000000 -179.999985 70.894112 179.999969 -179.999985 107.335510 179.999985 179.999985 0.000000 -0.000000 0.000000 90.984795 179.826355 170.001495 70.000008 179.999985 180.000000 100.000008 179.999985 180.000000 0.000000 -0.000000 0.000000 90.939728 179.658005 160.002792 69.999985 179.999985 179.999985 100.000008 -179.999985 179.999985
14.460431 92.355469 -284.303345 4.647642 -1.045565 -4.933635 175.693771 -165.758377 168.462997 179.174500 178.641876 -169.492264 8.956590 9.155971 -5.714442 177.585983 165.565857 -167.102509 3.590476 -6.316748 20.053986 176.372055 -161.352417 -173.698959 178.801987 -178.163696 -178.437164 178.037613 -178.183441 -178.468338 177.270630 -171.415527 -179.120361 1.084055 0.106468 -5.596689 1.120833 0.128531 -6.529331 0.853226 -1.975242 -4.810958 8.288949 6.556101 3.264780 65.736168 -23.437641 -19.108765 83.318665 47.966248 76.192436 172.682648 155.426331 -177.926025 24.621449 33.058449 78.699387 8.539850 -0.000075 -0.000001 5.687532 -0.000071 -0.000007 0.000000 0.000003 0.000000 78.027176 3.181749 14.666590 63.505276 -0.000153 0.000263 44.453720 -0.000201 0.000058 0.000000 0.000003 0.000000 88.999977 0.000000 0.000010 96.351151 -0.000225 0.000096 64.169846 -0.000133 -0.000103 0.000000 0.000003 0.000000 89.015228 -0.173632 -9.998496 103.496758 -0.000221 0.000100 68.928818 -0.000113 -0.000107 0.000000 0.000003 0.000000 89.060280 -0.342004 -19.997194 110.000015 -0.000005 -0.000001 80.000000 -0.000004 0.000002 172.512405 -172.523254 -177.014420 116.398933 -164.688995 -179.868362 81.155647 -111.655533 -78.253563 19.030071 -15.223805 -7.582440 152.248871 -150.167725 -104.008743 168.601929 179.999146 -179.999847 172.408875 179.999420 -179.999985 0.000003 -0.000007 -0.000000 90.965958 -179.741196 -165.002182 92.366852 179.999954 -179.999878 118.656776 179.999908 -179.999985 0.000003 -0.000007 -0.000000 91.000000 179.999985 -179.999985 70.999176 179.999908 -179.999863 107.405434 179.999893 179.999969 0.000003 -0.000007 -0.000000 90.984825 179.826355 170.001495 69.999985 -179.999985 -179.999985 100.000008 180.000000 179.999985 0.000003 -0.000007 -0.000000 90.939713 179.657990 160.002808 69.999992 179.999985 179.999985 100.000023 179.999985 179.999985
14.249475 92.486588 -282.884064 5.086819 -0.745372 -4.644265 175.378693 -165.143906 168.796387 179.320328 178.490707 -171.233002 9.414091 9.783105 -6.555754 177.581390 164.930817 -167.315109 3.712154 -6.706481 20.937578 175.816635 -160.955551 -170.922134 178.676926 -178.083679 -178.637421 177.826080 -178.102844 -178.664734 177.025101 -171.039764 -179.299820 1.110406 0.109097 -5.597346 1.148083 0.131696 -6.530100 0.852541 -1.771818 -4.810493 8.259598 6.607479 3.492962 66.079185 -23.290560 -19.439255 83.080910 47.919731 76.107361 172.668945 155.482956 -177.815598 24.863010 32.974579 78.832840 8.575595 -0.000759 0.000212 5.711341 -0.000511 0.000090 180.000000 180.000000 -180.000000 78.187943 3.140024 14.675623 63.640984 -0.000176 0.000534 44.548691 -0.000349 0.000185 180.000000 180.000000 -180.000000 89.000000 0.000002 -0.000007 96.493874 -0.000464 0.000291 64.264885 -0.000314 -0.000193 180.000000 180.000000 -180.000000 89.015213 -0.173646 -9.998507 103.662727 -0.000523 0.000302 69.039398 -0.000307 -0.000253 180.000000 180.000000 -180.000000 89.060280 -0.342004 -19.997208 110.000015 -0.000009 -0.000006 80.000008 -0.000005 0.000000 172.606552 -172.653061 -176.902466 116.368881 -165.124435 -179.770035 81.017258 -111.692001 -78.104759 18.974758 -15.251584 -7.533542 152.398483 -150.356155 -104.275391 168.443726 179.997498 -179.999252 172.303513 179.998276 -179.999725 0.000000 -0.000000 0.000000 90.965935 -179.741196 -165.002182 92.423119 179.999908 -179.999695 118.696190 179.999786 -179.999969 0.000000 -0.000000 0.000000 90.999992 179.999985 -179.999985 71.069122 179.999741 -179.999649 107.451981 179.999725 179.999908 0.000000 -0.000000 0.000000 90.984818 179.826355 170.001495 69.999992 -179.999985 -179.999985 99.993340 179.999969 179.999985 0.000000 -0.000000 0.000000 90.939728 179.657990 160.002823 69.999985 179.999985 179.999985 100.000008 -180.000000 -180.000000
14.015121 92.568352 -281.458771 5.511093 -0.435839 -4.394379 175.156387 -164.490067 169.117310 179.452698 178.578903 -172.506134 9.613910 10.290442 -7.656878 177.704254 164.167389 -167.651962 3.846178 -7.198830 22.243263 175.173950 -160.514145 -168.047562 178.552551 -177.999435 -178.833878 177.615356 -178.017441 -178.857315 176.782028 -170.644699 -179.477524 1.140499 0.111700 -5.586466 1.179211 0.134854 -6.517437 0.852806 -1.538157 -4.800689 8.219373 6.750282 3.729031 66.480713 -23.072720 -19.831381 82.786247 47.868698 76.062042 172.691071 155.556183 -177.687988 25.231300 33.076267 79.285782 8.443458 -0.000622 0.000307 5.623347 -0.000418 0.000164 0.000000 0.000007 0.000007 78.344353 3.099385 14.684145 63.772984 -0.000091 0.000728 44.641106 -0.000406 0.000313 0.000000 0.000007 0.000007 89.000015 -0.000002 0.000002 96.637268 -0.000610 0.000548 64.360405 -0.000483 -0.000207 0.000000 0.000007 0.000007 89.015236 -0.173635 -9.998517 103.843376 -0.000745 0.000544 69.159698 -0.000512 -0.000328 0.000000 0.000007 0.000007 89.060310 -0.342002 -19.997202 109.999992 0.000005 0.000001 80.000000 -0.000000 0.000000 172.682358 -172.898254 -176.858246 116.351151 -165.722458 -179.575119 80.974678 -111.761551 -78.089088 18.928669 -15.271605 -7.510701 152.700150 -150.858368 -105.021072 168.000336 179.999237 -179.999649 172.008224 179.999466 -179.999847 180.000000 -180.000000 179.999985 90.965889 -179.741196 -165.002197 92.476990 179.999847 -179.999420 118.733849 179.999588 -179.999893 180.000000 -180.000000 179.999985 90.999977 -180.000000 -180.000000 71.151321 179.999588 -179.999344 107.506760 179.999512 179.999847 180.000000 -180.000000 179.999985 90.984756 179.826355 170.001495 70.000008 179.999985 179.999985 100.000839 179.999893 179.999969 180.000000 -180.000000 179.999985 90.939728 179.658005 160.002792 70.000008 179.999985 179.999985 100.000023 179.999985 -179.999985
13.721524 92.495766 -280.000885 5.717363 -0.283134 -4.329659 175.129379 -164.438644 169.407440 179.432114 179.284058 -172.743820 9.346119 10.479495 -8.773652 178.092010 163.776443 -168.178848 3.949177 -7.119958 24.242413 174.507614 -160.234314 -165.738495 178.490677 -177.994156 -178.957642 177.509277 -178.010910 -178.978622 176.664612 -170.619812 -179.579559 1.147510 0.111898 -5.565257 1.186453 0.135120 -6.492694 0.854641 -1.508294 -4.782284 8.139834 6.698702 3.859810 66.850357 -22.795822 -20.156488 82.546806 47.893913 76.098228 172.731445 155.628922 -177.613342 25.320482 33.257668 79.291290 8.356855 0.000003 -0.000001 5.565663 -0.000000 0.000000 0.000000 -0.000000 0.000000 78.450890 3.070715 14.689389 63.863163 0.000005 -0.000005 44.704224 -0.000005 -0.000006 0.000000 -0.000000 0.000000 88.999977 -0.000002 -0.000002 96.741539 -0.000005 0.000005 64.429848 0.000005 -0.000001 0.000000 -0.000000 0.000000 89.015175 -0.173639 -9.998518 103.966171 -0.000005 -0.000001 69.241463 -0.000008 -0.000001 0.000000 -0.000000 0.000000 89.060280 -0.342003 -19.997198 110.000000 0.000004 0.000006 80.000000 0.000005 -0.000000 172.677277 -172.926804 -176.823380 116.335854 -166.481766 -179.334412 80.942322 -111.892029 -78.110779 18.917198 -15.292048 -7.526114 152.864319 -150.951294 -105.193138 167.926407 -180.000000 -180.000000 171.958969 180.000000 -180.000000 0.000000 -0.000000 0.000000 90.965919 -179.741196 -165.002182 92.533005 -179.999985 -179.999985 118.773056 -179.999985 179.999985 0.000000 -0.000000 0.000000 91.000000 -180.000000 179.999985 71.223389 179.999985 179.999985 107.554771 179.999985 -180.000000 0.000000 -0.000000 0.000000 90.984802 179.826355 170.001495 70.000008 179.999985 179.999985 100.011147 179.999985 -179.999985 0.000000 -0.000000 0.000000 90.939713 179.658005 160.002792 69.999992 -179.999985 180.000000 100.000008 179.999985 -179.999985
13.435390 92.443176 -278.546265 5.954468 -0.105220 -4.241529 175.077728 -164.317993 169.702301 179.439941 179.969711 -173.099884 9.172529 10.758296 -9.937923 178.446625 163.337585 -168.678238 4.078107 -7.136348 26.158457 173.879471 -159.936813 -163.355530 178.419479 -177.978455 -179.091080 177.387833 -177.993835 -179.109283 176.529099 -170.545029 -179.691711 1.158027 0.112395 -5.544539 1.197331 0.135756 -6.468529 0.856318 -1.446190 -4.764251 8.064309 6.673913 4.003890 67.226028 -22.525597 -20.497747 82.295372 47.904312 76.129921 172.773834 155.702881 -177.528748 25.416588 33.419075 79.302116 8.280422 -0.000131 0.000110 5.514760 -0.000102 0.000065 180.000000 -179.999985 -179.999985 78.559814 3.042342 14.695258 63.955147 0.000012 0.000112 44.768593 -0.000053 0.000067 180.000000 -179.999985 -179.999985 89.000008 0.000000 0.000010 96.848343 -0.000079 0.000107 64.500977 -0.000090 -0.000024 180.000000 -179.999985 -179.999985 89.015190 -0.173637 -9.998514 104.091728 -0.000106 0.000113 69.325081 -0.000104 -0.000047 180.000000 -179.999985 -179.999985 89.060295 -0.342002 -19.997198 109.999992 -0.000003 0.000002 80.000008 0.000002 -0.000003 172.682129 -172.986801 -176.792847 116.324295 -167.225693 -179.089523 80.921295 -112.013046 -78.142456 18.901402 -15.311644 -7.537320 153.037338 -151.044250 -105.382393 167.848480 179.999908 -179.999954 171.907089 179.999939 -179.999969 0.000000 -0.000000 0.000000 90.965912 -179.741196 -165.002182 92.592316 179.999985 -179.999908 118.814613 179.999939 -179.999985 0.000000 -0.000000 0.000000 91.000000 -179.999985 179.999985 71.298004 179.999939 -179.999878 107.604454 179.999924 179.999985 0.000000 -0.000000 0.000000 90.984802 179.826355 170.001480 70.000008 -179.999985 -179.999985 100.024651 -179.999985 179.999985 0.000000 -0.000000 0.000000 90.939720 179.658005 160.002777 70.000015 179.999985 -179.999985 100.000038 -179.999985 -180.000000
13.126230 92.330849 -277.080475 6.098194 0.002737 -4.230235 175.094498 -164.388290 169.980057 179.385849 -179.190826 -173.063019 8.758402 10.842039 -10.975595 178.898117 163.115280 -169.259857 4.231203 -6.855240 28.358738 173.266998 -159.716019 -161.199722 178.375534 -178.001022 -179.194000 177.312057 -178.015152 -179.210052 176.448074 -170.649628 -179.770767 1.154052 0.111533 -5.521432 1.193230 0.134728 -6.441570 0.859184 -1.519161 -4.744508 7.970942 6.532691 4.101531 67.578552 -22.235670 -20.800714 82.070953 47.950741 76.184357 172.820511 155.769531 -177.470169 25.464119 33.689590 79.282982 8.150081 -0.000236 0.000335 5.427948 -0.000198 0.000206 0.000000 -0.000003 0.000000 78.655838 3.017440 14.700317 64.036194 0.000113 0.000296 44.825344 -0.000092 0.000206 0.000000 -0.000003 0.000000 88.999977 0.000002 0.000002 96.940170 -0.000146 0.000325 64.562172 -0.000245 -0.000009 0.000000 -0.000003 0.000000 89.015175 -0.173644 -9.998507 104.203522 -0.000225 0.000339 69.399582 -0.000276 -0.000063 0.000000 -0.000003 0.000000 89.060272 -0.342006 -19.997208 110.000015 0.000002 0.000003 80.000000 0.000003 -0.000011 172.652161 -172.913879 -176.752304 116.317795 -168.028275 -178.850342 80.877960 -112.170914 -78.157700 18.900587 -15.331025 -7.561841 153.180634 -151.126724 -105.497841 167.794327 179.999756 -179.999832 171.871002 179.999832 -179.999908 0.000000 -0.000000 0.000000 90.965927 -179.741196 -165.002182 92.645065 179.999985 -179.999878 118.851547 179.999924 -179.999985 0.000000 -0.000000 0.000000 91.000000 -179.999985 179.999985 71.372513 179.999908 -179.999817 107.654060 179.999863 179.999985 0.000000 -0.000000 0.000000 90.984818 179.826370 170.001495 70.000008 -179.999985 -180.000000 100.029167 -179.999908 -179.999969 0.000000 -0.000000 0.000000 90.939720 179.658005 160.002792 69.999977 179.999985 180.000000 100.000023 179.999985 -179.999985
12.796362 92.156815 -275.605835 6.139729 0.020348 -4.291074 175.202835 -164.720520 170.234360 179.274231 -178.464172 -172.663971 7.917429 10.261686 -11.852209 179.441650 162.892365 -169.911072 4.459678 -6.495391 30.784126 172.680618 -159.580887 -159.216904 178.361374 -178.053680 -179.266068 177.286423 -178.066772 -179.280624 176.426010 -170.895569 -179.816406 1.141284 0.109778 -5.494168 1.180042 0.132620 -6.409758 0.862426 -1.669260 -4.721493 7.866521 6.338719 4.161891 67.895264 -21.926863 -21.040903 81.903175 48.037144 76.261757 172.855865 155.835663 -177.443970 25.498919 33.961281 79.235649 8.025189 -0.000334 0.000710 5.344773 -0.000271 0.000448 180.000000 -180.000000 179.999985 78.754051 2.992151 14.705334 64.119019 0.000367 0.000544 44.883347 -0.000086 0.000449 180.000000 -180.000000 179.999985 88.999985 -0.000005 -0.000010 97.032387 -0.000184 0.000746 64.623566 -0.000498 0.000097 180.000000 -180.000000 179.999985 89.015205 -0.173649 -9.998516 104.310204 -0.000347 0.000784 69.470551 -0.000576 -0.000038 180.000000 -180.000000 179.999985 89.060310 -0.342009 -19.997183 109.999992 -0.000007 -0.000004 79.999985 -0.000001 0.000004 172.597092 -172.769806 -176.692657 116.312988 -168.873566 -178.642319 80.800331 -112.362480 -78.131714 18.914055 -15.359118 -7.594282 153.293594 -151.229904 -105.573677 167.736938 179.999481 -179.999634 171.832794 179.999634 -179.999817 0.000000 -0.000000 0.000003 90.965958 -179.741196 -165.002197 92.686462 179.999985 179.999985 118.880508 -179.999985 179.999985 0.000000 -0.000000 0.000003 91.000046 180.000000 180.000000 71.429306 179.999969 -179.999893 107.691978 179.999924 179.999985 0.000000 -0.000000 0.000003 90.984802 179.826370 170.001495 69.999985 180.000000 -179.999985 100.000008 -179.999985 179.999985 0.000000 -0.000000 0.000003 90.939766 179.657990 160.002808 69.999985 -179.999985 179.999985 100.000008 -179.999985 179.999985
12.440969 91.915382 -274.117432 6.076100 -0.059170 -4.427690 175.399719 -165.192093 170.490234 179.118561 -177.819717 -171.919067 6.812382 9.321444 -12.654685 0.094034 17.352491 9.342319 4.774432 -6.031658 33.513554 172.140533 -159.577682 -157.343979 178.377701 -178.131531 -179.307678 177.312073 -178.143829 -179.321381 176.464386 -171.259918 -179.829498 1.123791 0.107563 -5.464605 1.161981 0.129934 -6.375267 0.866415 -1.868694 -4.696940 7.746292 6.132738 4.212346 68.186218 -21.558723 -21.203218 81.801193 48.171619 76.357124 172.856720 155.906403 -177.468750 25.515379 34.231411 79.137764 7.912287 -0.000535 0.001401 5.269584 -0.000441 0.000898 0.000000 -0.000000 0.000000 78.844383 2.969200 14.709603 64.195236 0.000905 0.000942 44.936649 -0.000008 0.000921 0.000000 -0.000000 0.000000 88.999977 0.000007 0.000012 97.121292 -0.000133 0.001475 64.682762 -0.000926 0.000339 0.000000 -0.000000 0.000000 89.015205 -0.173638 -9.998512 104.412094 -0.000443 0.001563 69.538422 -0.001075 0.000069 0.000000 -0.000000 0.000000 89.060295 -0.341998 -19.997202 110.000000 0.000003 -0.000002 79.999947 0.000005 0.000004 172.518539 -172.594040 -176.601486 116.315308 -169.781906 -178.463058 80.673607 -112.588234 -78.036980 18.941607 -15.396440 -7.643096 153.358704 -151.303741 -105.616234 167.696960 179.998825 -179.999161 171.806168 179.999146 -179.999557 0.000007 0.000003 -0.000003 90.965912 -179.741180 -165.002197 92.696777 179.999985 179.999771 118.887718 -179.999847 179.999924 0.000007 0.000003 -0.000003 90.999992 -179.999985 179.999985 71.450996 -179.999985 -179.999985 107.706360 179.999985 -179.999985 0.000007 0.000003 -0.000003 90.984802 179.826370 170.001495 70.000000 -180.000000 -179.999985 100.000053 -179.999985 179.999985 0.000007 0.000003 -0.000003 90.939690 179.657990 160.002808 70.000008 -179.999985 -179.999985 100.000008 180.000000 179.999985
12.030620 91.525276 -272.625580 5.850823 -0.337240 -4.603249 175.836548 -166.279800 170.747742 178.794998 -177.303757 -170.891068 5.829452 8.409801 -12.877149 0.686808 17.747530 8.502805 4.991196 -5.970699 36.116035 171.877869 -160.540070 -156.261993 178.443680 -178.237335 -179.287888 177.421600 -178.249588 -179.302322 176.602005 -171.755432 -179.788528 1.117624 0.106827 -5.458144 1.155620 0.129034 -6.367733 0.872025 -1.987772 -4.691430 7.671516 6.008042 4.206812 68.339462 -21.097103 -21.115398 81.891930 48.425884 76.479492 172.827377 155.969269 -177.567337 25.693521 34.425713 79.290977 7.789014 -0.000007 -0.000001 5.187483 0.000000 -0.000001 0.000000 -0.000000 0.000000 78.972549 2.934022 14.716706 64.303818 -0.000003 -0.000002 45.012688 0.000003 0.000001 0.000000 -0.000000 0.000000 89.000000 0.000002 0.000002 97.245430 -0.000005 -0.000000 64.765442 0.000002 -0.000003 0.000000 -0.000000 0.000000 89.015205 -0.173637 -9.998508 104.547363 0.000007 0.000003 69.628540 0.000006 -0.000008 0.000000 -0.000000 0.000000 89.060310 -0.342003 -19.997206 110.000015 -0.000000 0.000000 80.000000 0.000004 -0.000002 172.403580 -172.466766 -176.495285 116.440521 -170.619873 -178.377609 80.461891 -112.784943 -77.817680 18.945112 -15.440524 -7.712529 153.411972 -151.451447 -105.767487 167.583649 -179.999985 180.000000 171.730713 -180.000000 -180.000000 0.000000 -0.000000 0.000000 90.965935 -179.741196 -165.002182 92.681824 179.999985 179.999985 118.877281 179.999985 -179.999985 0.000000 -0.000000 0.000000 91.000015 180.000000 179.999985 71.451042 -179.999985 -179.999985 107.706406 179.999985 -179.999985 0.000000 -0.000000 0.000000 90.984818 179.826370 170.001495 70.000008 180.000000 180.000000 99.999985 -179.999985 179.999985 0.000000 -0.000000 0.000000 90.939705 179.657990 160.002808 70.000031 -179.999985 -179.999985 100.000008 179.999985 -180.000000
11.626388 91.150246 -271.133942 5.643117 -0.588823 -4.773870 176.244919 -167.362915 170.991791 178.493515 -176.703400 -169.861511 4.854245 7.438019 -13.228263 1.285596 18.098783 7.692046 5.258723 -5.859274 38.692020 171.579529 -161.342712 -155.091125 178.504623 -178.339279 -179.275528 177.522446 -178.351242 -179.290237 176.730072 -172.233017 -179.752472 1.109571 0.105825 -5.446676 1.147313 0.127810 -6.354357 0.877386 -2.122070 -4.682141 7.586133 5.868404 4.221622 68.509567 -20.646368 -21.061186 81.959000 48.660812 76.591011 172.796677 156.030350 -177.659088 25.813911 34.571537 79.366043 7.705865 -0.000362 0.000848 5.132103 -0.000291 0.000542 0.000000 -0.000003 0.000000 79.075020 2.907690 14.721720 64.390305 0.000353 0.000327 45.073219 0.000017 0.000325 0.000000 -0.000003 0.000000 89.000008 -0.000000 0.000000 97.344070 -0.000018 0.000538 64.831161 -0.000328 0.000148 0.000000 -0.000003 0.000000 89.015205 -0.173638 -9.998502 104.652222 -0.000141 0.000605 69.698364 -0.000402 0.000040 0.000000 -0.000003 0.000000 89.060265 -0.342004 -19.997196 109.999992 0.000003 0.000010 80.000000 0.000000 0.000005 172.299744 -172.323929 -176.375656 116.545784 -171.439819 -178.295853 80.257500 -112.987785 -77.604164 18.953045 -15.480599 -7.779259 153.451843 -151.537933 -105.875298 167.512894 179.999344 -179.999542 171.683578 179.999527 -179.999756 0.000003 -0.000000 0.000007 90.965958 -179.741196 -165.002182 92.657104 -179.999985 -179.999924 118.860001 179.999969 -179.999969 0.000003 -0.000000 0.000007 91.000023 179.999985 -180.000000 71.439728 179.999969 -179.999878 107.698875 179.999908 -179.999985 0.000003 -0.000000 0.000007 90.984825 179.826355 170.001495 70.000015 180.000000 180.000000 100.000000 179.999985 -179.999985 0.000003 -0.000000 0.000007 90.939758 179.657990 160.002808 69.999977 -179.999985 -179.999985 100.000038 179.999985 -179.999985
11.200948 90.719093 -269.644623 5.374595 -0.941045 -4.939778 176.804276 -168.455856 171.253815 178.118088 -176.351776 -168.748672 3.913738 6.598718 -12.974478 1.873502 18.648840 6.759654 5.455426 -6.063090 41.418114 171.369583 -162.718140 -154.096817 178.585266 -178.457779 -179.247284 177.656326 -178.469498 -179.262543 176.899506 -172.788116 -179.700653 1.107929 0.105627 -5.443722 1.145624 0.127569 -6.350928 0.883470 -2.210712 -4.680239 7.538669 5.778006 4.221596 68.618011 -20.098255 -20.888882 82.102730 48.988605 76.727425 172.766678 156.094696 -177.777786 26.326246 35.155750 79.942764 7.298801 -0.000067 0.000245 4.861000 -0.000072 0.000160 0.000000 -0.000000 0.000000 79.376938 2.828467 14.736793 64.645325 0.000388 0.000335 45.251766 0.000018 0.000366 0.000000 -0.000000 0.000000 88.999977 0.000002 0.000007 97.634163 -0.000023 0.000601 65.024384 -0.000373 0.000179 0.000000 -0.000000 0.000000 89.015228 -0.173634 -9.998505 104.983818 -0.000158 0.000647 69.919197 -0.000445 0.000047 0.000000 -0.000000 0.000000 89.060272 -0.341996 -19.997194 109.999985 -0.000002 -0.000003 80.000000 -0.000003 -0.000002 172.174774 -172.230499 -176.254028 116.728645 -172.303070 -178.210159 80.004257 -113.196564 -77.315475 18.953781 -15.517928 -7.872801 153.563629 -152.095505 -106.316460 167.111145 179.999847 -179.999832 171.416016 179.999878 -179.999893 0.000000 -0.000000 0.000000 90.965958 -179.741196 -165.002182 92.684448 -179.999985 -179.999863 118.879128 179.999924 -179.999939 0.000000 -0.000000 0.000000 91.000023 -179.999985 179.999985 71.491508 179.999939 -179.999741 107.733330 179.999847 -179.999985 0.000000 -0.000000 0.000000 90.984810 179.826355 170.001480 69.999992 179.999985 179.999985 100.000008 -179.999985 179.999985 0.000000 -0.000000 0.000000 90.939743 179.657990 160.002792 69.999977 179.999985 179.999985 100.000008 180.000000 179.999985
10.754399 90.046890 -268.142853 5.099362 -1.369992 -5.152018 177.436478 -169.497345 171.690369 177.683212 -176.187851 -167.773605 3.042607 6.023047 -12.160312 2.420164 19.467415 5.868294 5.527119 -6.661683 44.088528 171.262695 -164.642105 -153.486160 178.672211 -178.591049 -179.183502 177.801086 -178.602951 -179.199875 177.081161 -173.411392 -179.622269 1.105032 0.105692 -5.458942 1.142657 0.127614 -6.368691 0.891211 -2.313549 -4.693468 7.535638 5.707420 4.133447 68.710205 -19.609581 -20.791582 82.373817 49.227234 77.029297 172.744934 156.163879 -177.907700 26.608622 35.253067 80.268562 7.187541 0.000132 -0.000626 4.786897 0.000123 -0.000409 180.000000 -179.999985 -179.999985 79.500679 2.796034 14.742815 64.749924 0.000446 0.000388 45.324947 0.000021 0.000420 180.000000 -179.999985 -179.999985 89.000000 -0.000003 -0.000012 97.755966 -0.000037 0.000762 65.105469 -0.000479 0.000192 180.000000 -179.999985 -179.999985 89.015190 -0.173638 -9.998498 105.124954 -0.000208 0.000723 70.013199 -0.000507 0.000033 180.000000 -179.999985 -179.999985 89.060295 -0.342011 -19.997198 110.000000 -0.000002 -0.000003 79.999985 0.000002 -0.000003 171.999756 -172.101486 -176.154358 117.004677 -173.188004 -178.121109 79.766975 -113.342537 -77.065041 18.924711 -15.584381 -7.938360 153.598068 -152.137085 -106.355011 167.084183 179.999512 -179.999420 171.398071 179.999619 -179.999664 0.000000 -0.000000 0.000000 90.965912 -179.741211 -165.002182 92.678879 -179.999847 -179.999329 118.875191 179.999634 -179.999695 0.000000 -0.000000 0.000000 91.000000 180.000000 180.000000 71.499687 179.999847 -179.999069 107.738838 179.999390 -179.999924 0.000000 -0.000000 0.000000 90.984779 179.826355 170.001495 70.000031 179.999985 179.999985 100.000000 179.999985 -179.999985 0.000000 -0.000000 0.000000 90.939697 179.657990 160.002792 70.000008 179.999985 180.000000 100.000023 -180.000000 179.999985
10.255920 89.759483 -266.582275 4.843768 -1.892819 -5.395562 178.019760 -170.414703 172.486679 177.273331 -176.496460 -167.165909 2.550683 5.475058 -11.373312 2.902797 20.183563 4.972252 5.332824 -7.295735 46.753254 171.335861 -167.086761 -153.412598 178.761414 -178.713928 -179.081284 177.949829 -178.726379 -179.099457 177.265335 -173.984528 -179.518661 1.127824 0.108844 -5.509462 1.166168 0.131443 -6.427645 0.898852 -2.203997 -4.737048 7.536827 5.739563 3.800913 68.683243 -19.239737 -20.361452 82.702141 49.579418 77.360527 172.716080 156.237625 -178.060837 26.857904 35.267673 80.553963 7.125728 0.000394 -0.002972 4.745733 0.000429 -0.001950 180.000000 -179.999985 -179.999985 79.600838 2.769444 14.747803 64.834579 0.000274 0.000243 45.384254 0.000007 0.000266 180.000000 -179.999985 -179.999985 89.000008 0.000002 -0.000002 97.860756 -0.000057 0.000584 65.175316 -0.000368 0.000126 180.000000 -179.999985 -179.999985 89.015190 -0.173645 -9.998516 105.229591 -0.000184 0.000519 70.082893 -0.000356 -0.000004 180.000000 -179.999985 -179.999985 89.060295 -0.342010 -19.997198 109.999992 0.000001 -0.000005 79.999962 -0.000002 0.000007 171.750107 -172.187271 -176.234970 117.396187 -174.161545 -177.934540 79.542046 -113.440346 -76.849442 18.866199 -15.694185 -7.974686 153.627090 -152.100479 -106.268478 167.134659 179.997269 -179.997101 171.431702 179.997910 -179.998367 180.000000 180.000000 -180.000000 90.965897 -179.741196 -165.002182 92.703285 -179.999588 -179.998322 118.892258 179.999115 -179.999191 180.000000 180.000000 -180.000000 90.999992 179.999985 -179.999985 71.526741 179.999603 -179.997543 107.756828 179.998367 -179.999741 180.000000 180.000000 -180.000000 90.984749 179.826355 170.001495 69.999992 -179.999985 -179.999985 100.000031 180.000000 179.999985 180.000000 180.000000 -180.000000 90.939697 179.657990 160.002823 70.000023 179.999985 179.999985 100.000000 -179.999985 179.999985
9.826468 89.553780 -265.151062 4.280437 -2.393438 -5.659225 178.763809 -171.778183 172.951126 177.149292 -177.325531 -166.112411 2.147565 4.050221 -10.828559 3.503474 20.317568 4.010958 4.734836 -7.754802 49.267639 172.170868 -169.356079 -154.781845 178.916443 -178.818878 -178.919815 178.208420 -178.831558 -178.942245 177.591843 -174.480698 -179.376907 1.149622 0.112878 -5.635303 1.188615 0.136268 -6.574471 0.901758 -2.020854 -4.845485 7.525497 5.842514 3.183259 68.531487 -18.896822 -19.492502 82.873619 50.131363 77.589928 172.655731 156.323257 -178.253311 27.007399 34.898964 80.677063 7.300602 -0.000000 0.000003 4.862195 -0.000000 0.000001 0.000000 -0.000000 0.000000 79.626160 2.762351 14.749192 64.856117 0.000002 -0.000007 45.399265 -0.000004 0.000002 0.000000 -0.000000 0.000000 89.000008 -0.000000 0.000000 97.895973 -0.000003 0.000002 65.198723 0.000006 0.000004 0.000000 -0.000000 0.000000 89.015190 -0.173644 -9.998516 105.262238 -0.000004 -0.000005 70.104652 0.000002 -0.000003 0.000000 -0.000000 0.000000 89.060295 -0.342007 -19.997198 110.000000 -0.000009 -0.000006 80.000008 -0.000001 0.000004 171.400970 -172.433685 -176.747940 117.944305 -175.423447 -177.632263 79.866997 -113.432953 -77.265633 18.705046 -15.911304 -7.979408 153.810120 -152.369217 -106.610054 166.925156 -179.999985 179.999985 171.292160 180.000000 179.999985 0.000000 -0.000000 0.000000 90.965942 -179.741196 -165.002182 92.779465 180.000000 180.000000 118.945641 180.000000 180.000000 0.000000 -0.000000 0.000000 91.000000 179.999985 180.000000 71.636917 -179.999985 179.999985 107.830208 180.000000 -179.999985 0.000000 -0.000000 0.000000 90.984810 179.826355 170.001480 69.999992 180.000000 179.999985 100.000008 -179.999985 179.999985 0.000000 -0.000000 0.000000 90.939705 179.657990 160.002808 70.000008 179.999985 180.000000 100.000008 -180.000000 -180.000000
9.382722 89.334801 -263.693878 3.740832 -2.885669 -5.958241 179.535599 -173.140030 173.566315 176.981232 -178.044342 -165.197983 1.818451 2.736367 -10.201923 4.130542 20.501347 3.111649 4.119099 -8.215066 51.819244 172.805573 -171.752167 -155.927246 179.067505 -178.926544 -178.742615 178.460922 -178.939194 -178.768402 177.909393 -174.986984 -179.220154 1.169879 0.117260 -5.760159 1.209442 0.141560 -6.720127 0.903924 -1.842795 -4.952207 7.505973 5.916888 2.556780 68.401932 -18.576214 -18.655087 83.076599 50.663239 77.853981 172.598785 156.402039 -178.442001 27.167961 34.576817 80.813675 7.445621 0.000071 -0.000831 4.958782 0.000099 -0.000549 180.000000 180.000000 -180.000000 79.660332 2.753350 14.750851 64.884979 -0.000018 -0.000016 45.419476 -0.000001 -0.000015 180.000000 180.000000 -180.000000 89.000000 0.000005 -0.000005 97.939705 0.000005 0.000000 65.227814 0.000003 0.000002 180.000000 180.000000 -180.000000 89.015190 -0.173642 -9.998518 105.304390 0.000005 -0.000016 70.132721 0.000015 0.000002 180.000000 180.000000 -180.000000 89.060295 -0.341999 -19.997198 110.000000 -0.000002 -0.000003 80.000000 -0.000001 -0.000001 171.043335 -172.644302 -177.226273 118.506790 -176.635056 -177.291534 80.121529 -113.402382 -77.596909 18.554276 -16.122587 -7.981203 153.953125 -152.605621 -106.870087 166.751068 179.998825 -179.998947 171.176208 179.999130 -179.999435 0.000000 0.000003 0.000000 90.965904 -179.741196 -165.002167 92.844635 -179.999878 -179.999496 118.991241 179.999725 -179.999741 0.000000 0.000003 0.000000 91.000000 180.000000 180.000000 71.733337 179.999878 -179.999313 107.894424 179.999542 -179.999939 0.000000 0.000003 0.000000 90.984779 179.826370 170.001495 70.000008 -180.000000 179.999985 100.000053 -179.999985 179.999985 0.000000 0.000003 0.000000 90.939728 179.658005 160.002792 69.999992 -179.999985 -179.999985 99.999985 180.000000 180.000000
8.976530 89.161179 -262.301544 3.082509 -3.431993 -6.096320 0.320027 -5.522716 -6.222174 177.093002 -179.263687 -163.893127 1.413715 1.008468 -9.471010 4.719128 20.477924 1.991407 3.387869 -8.453554 54.370701 173.715897 -174.036804 -157.608597 179.240891 -179.028900 -178.613510 178.750107 -179.040039 -178.641586 178.280151 -175.466827 -179.097687 1.196030 0.123410 -5.922790 1.236309 0.149009 -6.909846 0.906637 -1.618788 -5.090265 7.504222 6.110009 1.896116 68.259392 -18.216150 -17.700308 83.188080 51.272530 78.074013 172.520889 156.492523 -178.655960 27.229151 34.012913 80.776443 7.753911 0.000416 -0.001903 5.164109 0.000404 -0.001237 0.000000 -0.000000 0.000000 79.639198 2.759000 14.749805 64.867126 0.000045 0.000053 45.406990 -0.000003 0.000043 0.000000 -0.000000 0.000000 89.000000 -0.000000 -0.000005 97.929626 -0.000041 0.000130 65.221138 -0.000090 0.000007 0.000000 -0.000000 0.000000 89.015182 -0.173642 -9.998512 105.286270 -0.000067 0.000098 70.120644 -0.000077 -0.000033 0.000000 -0.000000 0.000000 89.060295 -0.342007 -19.997196 110.000015 0.000001 -0.000005 80.000008 0.000001 0.000001 170.665909 -172.979141 -177.882706 119.150986 -178.017990 -176.965240 80.594910 -113.418671 -78.171967 18.359026 -16.364962 -7.974009 154.166931 -153.045410 -107.387993 166.409500 179.996201 -179.996750 170.948730 179.997147 -179.998291 0.000003 -0.000000 0.000000 90.965919 -179.741180 -165.002197 92.947906 -179.999680 -179.998306 119.063530 179.999084 -179.999222 0.000003 -0.000000 0.000000 91.000000 -179.999985 179.999985 71.869164 179.999435 -179.997620 107.984848 179.998367 -179.999847 0.000003 -0.000000 0.000000 90.984802 179.826370 170.001480 70.000046 179.999985 180.000000 100.000008 -179.999985 179.999985 0.000003 -0.000000 0.000000 90.939728 179.658005 160.002808 70.000015 -179.999985 179.999985 99.999985 -180.000000 179.999985
8.612310 89.024170 -261.023376 2.415240 -3.975565 -6.131044 1.032154 -4.288004 -6.554198 177.477386 179.041245 -162.115051 0.926663 -1.419192 -9.221004 5.263751 20.357012 0.907115 2.595720 -8.734038 56.539822 174.746887 -175.933136 -159.719070 179.406342 -179.111511 -178.546478 179.026077 -179.120483 -178.575577 178.638306 -175.850159 -179.024673 1.226754 0.129710 -6.061064 1.267967 0.156608 -7.071144 0.912294 -1.401631 -5.207393 7.495162 6.407119 1.323626 68.171021 -17.904346 -16.792986 83.180588 51.816822 78.239990 172.415710 156.597839 -178.871689 27.150232 33.281315 80.509735 8.197991 0.000319 -0.000587 5.459863 0.000250 -0.000366 0.000000 0.000000 -0.000007 79.552040 2.783450 14.745547 64.793098 0.000587 0.001125 45.355209 -0.000270 0.000842 0.000000 0.000000 -0.000007 89.000008 0.000005 -0.000010 97.863930 -0.000739 0.001319 65.177330 -0.001007 -0.000073 0.000000 0.000000 -0.000007 89.015190 -0.173639 -9.998511 105.183182 -0.001465 0.001542 70.051971 -0.001293 -0.000565 0.000000 0.000000 -0.000007 89.060257 -0.342008 -19.997185 110.000015 0.000005 0.000001 79.999969 0.000004 -0.000002 170.304138 -173.428162 -178.599930 119.789635 -179.423065 -176.727127 81.316116 -113.505211 -78.990181 18.123602 -16.593243 -7.958580 154.369339 -153.454132 -108.106331 166.022522 179.991913 -179.992462 170.691010 179.993851 -179.995941 0.000000 0.000003 0.000000 90.965927 -179.741196 -165.002182 92.989708 -179.999222 -179.993210 119.092842 179.996124 -179.997192 0.000000 0.000003 0.000000 91.000015 -179.999985 180.000000 71.957985 179.997101 -179.991501 108.044029 179.994019 179.999954 0.000000 0.000003 0.000000 90.984802 179.826370 170.001495 70.000031 180.000000 180.000000 99.865219 179.996140 179.999039 0.000000 0.000003 0.000000 90.939728 179.658005 160.002792 70.000023 -179.999985 -179.999985 100.000000 -179.999985 179.999985
8.308186 89.162170 -259.861694 1.713248 -4.599884 -6.074493 1.564189 -2.524021 -7.660040 178.452576 177.648560 -159.282455 0.367365 -4.369468 -9.868375 5.818450 19.821383 -0.494266 1.553195 -8.557898 58.826881 176.313797 -177.290970 -162.409775 179.580750 -179.206207 -178.537827 179.316360 -179.212570 -178.567001 179.021133 -176.289230 -178.997757 1.240818 0.131647 -6.055502 1.282512 0.158962 -7.064646 0.905054 -1.219331 -5.200925 7.459008 6.717422 0.918622 67.937027 -17.243279 -15.497431 82.849678 52.683563 78.031448 172.302383 156.743668 -179.085541 27.903406 32.766953 81.365578 8.296865 -0.000414 0.000704 5.525718 -0.000315 0.000436 0.000000 -0.000000 0.000000 79.823647 2.710819 14.758642 65.022911 0.000111 0.000306 45.516041 -0.000116 0.000207 0.000000 -0.000000 0.000000 88.999985 0.000000 0.000019 98.125244 -0.000193 0.000262 65.351425 -0.000217 -0.000029 0.000000 -0.000000 0.000000 89.015244 -0.173640 -9.998526 105.493973 -0.000835 0.000708 70.258995 -0.000635 -0.000355 0.000000 -0.000000 0.000000 89.060303 -0.342010 -19.997210 109.999992 -0.000011 -0.000009 80.000008 0.000005 0.000013 169.995499 -174.016251 -179.276031 120.374763 179.006485 -176.742126 82.443718 -113.867630 -80.299683 17.874987 -16.844967 -7.979012 155.387787 -154.556656 -110.084236 165.087433 -179.994995 179.993561 170.068222 -179.995972 179.996338 0.000000 -0.000000 0.000000 90.965912 -179.741180 -165.002182 93.509056 -179.999786 -179.996445 119.456337 179.997910 -179.998657 0.000000 -0.000000 0.000000 90.999992 -180.000000 -179.999985 72.624603 179.997940 -179.995132 108.487984 179.996475 179.999741 0.000000 -0.000000 0.000000 90.984764 179.826355 170.001495 69.999992 -179.999985 -180.000000 100.182373 179.998550 179.999496 0.000000 -0.000000 0.000000 90.939720 179.657990 160.002808 70.000008 -179.999985 179.999985 100.000008 179.999985 -179.999985
8.169147 88.878510 -258.858551 1.282802 -5.117921 -5.986465 1.625187 -1.312912 -8.930289 179.444855 177.672455 -156.180191 179.761734 -174.560150 168.948181 6.051021 19.487055 -2.042727 0.696444 -8.536485 60.592014 177.940735 -177.591003 -165.178467 179.697144 -179.298859 -178.519318 179.508362 -179.303360 -178.549194 179.281006 -176.723648 -178.974869 1.245200 0.131109 -5.997029 1.287094 0.158352 -6.996422 0.903059 -1.182769 -5.150616 7.481935 7.004563 0.866350 67.505859 -15.970318 -14.487722 82.324844 53.410332 77.632774 172.179428 156.909943 -179.288681 28.138226 32.643204 81.789001 8.266823 -0.000004 0.000001 5.505700 0.000000 -0.000002 0.000000 -0.000000 0.000000 79.847725 2.704071 14.759747 65.043335 -0.000011 0.000005 45.530342 -0.000003 -0.000001 0.000000 -0.000000 0.000000 89.000000 0.000005 -0.000000 98.143890 -0.000000 0.000000 65.363838 0.000005 -0.000001 0.000000 -0.000000 0.000000 89.015213 -0.173643 -9.998516 105.551682 0.000002 0.000003 70.297424 0.000002 -0.000003 0.000000 -0.000000 0.000000 89.060295 -0.342006 -19.997198 109.999992 -0.000000 0.000000 79.999969 0.000001 0.000001 169.858917 -174.283310 -179.577377 120.711067 177.456284 -177.664398 83.637886 -114.673866 -81.984459 17.679342 -17.129469 -7.918915 155.881409 -154.074509 -110.476837 165.310593 179.999985 -179.999985 170.216858 179.999985 -179.999985 0.000000 -0.000000 0.000000 90.965919 -179.741196 -165.002182 93.609535 -179.999985 180.000000 119.526672 -179.999985 -179.999985 0.000000 -0.000000 0.000000 91.000000 179.999985 -179.999985 72.772552 -180.000000 179.999985 108.586510 -179.999985 180.000000 0.000000 -0.000000 0.000000 90.984810 179.826355 170.001495 69.999992 -179.999985 -179.999985 100.225281 -179.999985 179.999985 0.000000 -0.000000 0.000000 90.939720 179.657990 160.002792 70.000015 179.999985 179.999985 100.000008 180.000000 -179.999985
8.023043 88.587952 -257.854858 0.794057 -5.644762 -5.896245 1.692949 0.036306 -10.291307 0.581232 2.322838 27.007986 179.197266 -173.223740 167.823929 6.379508 19.089197 -3.564167 179.773804 -171.581665 -117.573990 179.648621 -178.091278 -167.916183 179.824890 -179.388489 -178.503708 179.719666 -179.390991 -178.533371 179.564346 -177.143082 -178.950165 1.250678 0.130574 -5.937028 1.292812 0.157737 -6.926412 0.898617 -1.108883 -5.099015 7.497432 7.323409 0.798292 67.123451 -14.751076 -13.458857 81.754807 54.156780 77.209969 172.054123 157.073715 -179.491348 28.397854 32.456772 82.232605 8.260633 -0.000293 0.000496 5.501579 -0.000230 0.000312 180.000000 -179.999985 180.000000 79.875793 2.696718 14.761087 65.067070 0.000010 0.000023 45.546955 -0.000004 0.000009 180.000000 -179.999985 180.000000 88.999985 -0.000002 -0.000002 98.167305 -0.000000 0.000005 65.379402 0.000001 0.000005 180.000000 -179.999985 180.000000 89.015175 -0.173642 -9.998509 105.613907 -0.000109 0.000087 70.338821 -0.000075 -0.000048 180.000000 -179.999985 180.000000 89.060295 -0.342002 -19.997200 110.000015 -0.000006 0.000004 79.999969 -0.000000 0.000000 169.703613 -174.596298 -179.924347 121.066521 175.893341 -178.491440 84.818176 -115.449989 -83.579887 17.463194 -17.412066 -7.871702 156.417404 -153.609390 -110.972878 165.514587 -179.999069 179.998535 170.352722 -179.999222 179.999146 0.000000 -0.000000 0.000000 90.965912 -179.741196 -165.002182 93.731659 -179.999985 -179.999908 119.612144 179.999954 -179.999985 0.000000 -0.000000 0.000000 90.999992 -179.999985 -179.999985 72.948929 179.999908 -179.999817 108.703987 179.999847 179.999985 0.000000 -0.000000 0.000000 90.984779 179.826355 170.001495 69.999992 180.000000 180.000000 100.285934 -179.999847 -179.999924 0.000000 -0.000000 0.000000 90.939705 179.657990 160.002808 69.999992 -179.999985 -180.000000 100.000038 179.999985 180.000000
7.905923 88.309059 -256.882477 0.511140 -6.178010 -5.723942 1.608804 0.967397 -11.636006 1.483385 1.956918 30.110664 178.594238 -172.627136 166.518005 6.464021 18.906506 -5.208241 178.949142 -171.590530 -115.963768 1.353413 -1.707541 9.390338 179.908691 -179.495041 -178.513351 179.856384 -179.496292 -178.542374 179.756714 -177.642410 -178.949493 1.253043 0.129550 -5.876770 1.295292 0.156516 -6.856088 0.904802 -1.193499 -5.046868 7.551479 7.554280 0.847838 66.647568 -13.303357 -12.552572 81.117981 54.826012 76.722496 171.929230 157.246994 -179.702133 28.608341 32.497478 82.640190 8.142429 -0.000715 0.001290 5.422862 -0.000551 0.000809 0.000000 -0.000003 0.000000 79.898018 2.690688 14.762107 65.085892 -0.000045 -0.000114 45.560112 0.000032 -0.000076 0.000000 -0.000003 0.000000 88.999985 -0.000002 -0.000002 98.183052 0.000170 -0.000211 65.389923 0.000175 0.000031 0.000000 -0.000003 0.000000 89.015167 -0.173641 -9.998502 105.672707 -0.000009 0.000016 70.377983 -0.000006 -0.000009 0.000000 -0.000003 0.000000 89.060265 -0.342005 -19.997190 109.999985 -0.000002 -0.000003 79.999969 -0.000005 0.000000 169.623108 -174.758148 179.904419 121.289490 174.332184 -179.701874 85.852608 -116.529472 -85.126335 17.317850 -17.677130 -7.777229 156.839371 -153.017288 -111.226593 165.828415 -179.998413 179.996979 170.561722 -179.998627 179.998184 179.999985 179.999985 -179.999985 90.965927 -179.741180 -165.002182 93.790306 -179.999985 179.998917 119.653221 -179.999329 179.999634 179.999985 179.999985 -179.999985 91.000000 -179.999985 179.999985 73.039764 -179.999466 179.998978 108.764488 -179.999237 -179.999863 179.999985 179.999985 -179.999985 90.984802 179.826370 170.001480 70.000015 179.999985 180.000000 100.292534 -179.998672 -179.999405 179.999985 179.999985 -179.999985 90.939728 179.657990 160.002808 69.999977 -179.999985 -179.999985 100.000015 179.999985 -179.999985
7.811086 88.043427 -255.892303 0.429165 -6.627950 -5.725101 1.488221 1.259000 -12.407400 1.865434 1.352138 32.667068 178.022491 -172.875824 165.018707 6.382818 18.864799 -6.740700 178.221909 -171.409912 -114.579826 2.836341 -1.656106 6.804247 179.955429 -179.605881 -178.436234 179.932251 -179.606430 -178.466492 179.867935 -178.159180 -178.890762 1.254098 0.127503 -5.800810 1.296493 0.153951 -6.767490 0.916484 -1.348942 -4.981276 7.596353 7.639817 0.858800 66.047905 -11.688983 -11.631558 80.444466 55.464622 76.147049 171.823517 157.422272 -179.906784 28.676836 32.696392 82.857872 7.984261 -0.000978 0.001853 5.317513 -0.000769 0.001172 0.000000 -0.000000 0.000000 79.897743 2.690253 14.762071 65.085754 -0.000200 -0.000480 45.560028 0.000141 -0.000337 0.000000 -0.000000 0.000000 89.000000 0.000007 0.000007 98.170326 0.000455 -0.000779 65.381424 0.000595 0.000065 0.000000 -0.000000 0.000000 89.015205 -0.173642 -9.998518 105.702728 0.000401 -0.000432 70.398033 0.000359 0.000170 0.000000 -0.000000 0.000000 89.060280 -0.342008 -19.997200 110.000015 0.000002 0.000003 79.999962 0.000007 -0.000003 169.554413 -174.750488 179.882095 121.377953 172.842926 178.820053 86.772774 -117.776939 -86.657867 17.250200 -17.959488 -7.608379 157.070557 -152.443329 -111.195320 166.172699 -179.998627 179.996887 170.791016 -179.998764 179.998093 0.000003 0.000000 -0.000003 90.965927 -179.741196 -165.002182 93.775116 179.999954 179.996292 119.642624 -179.997772 179.998703 0.000003 0.000000 -0.000003 91.000000 -180.000000 -180.000000 73.032272 -179.998062 179.996262 108.759483 -179.997238 -179.999588 0.000003 0.000000 -0.000003 90.984810 179.826355 170.001480 70.000015 -179.999985 -179.999985 100.192734 -179.997894 -179.999023 0.000003 0.000000 -0.000003 90.939705 179.657990 160.002808 70.000015 -179.999985 -179.999985 100.000023 -179.999985 179.999985
7.741146 87.821266 -254.808044 0.435722 -6.992817 -5.845310 1.301782 1.145099 -12.391113 1.804776 0.397016 34.477417 177.465744 -173.925766 163.459457 6.204867 18.767735 -8.276274 177.664139 -171.409561 -113.369682 4.166630 -1.834347 4.162123 179.991531 -179.722595 -178.260132 179.991135 -179.722580 -178.293625 179.954834 -178.703476 -178.762634 1.242642 0.124681 -5.753782 1.284762 0.150445 -6.712646 0.928344 -1.577557 -4.941377 7.622326 7.570046 0.712458 65.336678 -9.935103 -10.824112 79.860443 55.932495 75.623474 171.740326 157.592743 179.893982 28.579725 32.894859 82.848228 7.876354 -0.001700 0.003060 5.245645 -0.001319 0.001932 0.000000 -0.000000 0.000000 79.843338 2.704457 14.759597 65.039757 -0.000287 -0.000535 45.527832 0.000140 -0.000404 0.000000 -0.000000 0.000000 89.000000 -0.000007 0.000007 98.110451 0.000587 -0.001241 65.341583 0.000910 0.000011 0.000000 -0.000000 0.000000 89.015266 -0.173646 -9.998499 105.668770 0.000584 -0.000739 70.375359 0.000598 0.000183 0.000000 -0.000000 0.000000 89.060303 -0.341999 -19.997179 109.999977 0.000008 -0.000006 79.999969 -0.000006 0.000004 169.474472 -174.551865 179.901978 121.352356 171.376755 177.135162 87.687897 -119.107887 -88.316528 17.254280 -18.339319 -7.319574 156.969879 -151.953949 -110.690933 166.542496 179.999969 -179.999939 171.037292 179.999969 -179.999969 0.000000 -0.000000 0.000000 90.965927 -179.741196 -165.002182 93.695473 179.999481 179.992569 119.586845 -179.995651 179.997131 0.000000 -0.000000 0.000000 91.000000 -179.999985 179.999985 72.946495 -179.996597 179.992264 108.702324 -179.994385 -179.999466 0.000000 -0.000000 0.000000 90.984802 179.826370 170.001480 70.000000 179.999985 -179.999985 100.000000 -179.999985 179.999985 0.000000 -0.000000 0.000000 90.939705 179.658005 160.002808 70.000008 -179.999985 -179.999985 100.000038 -179.999985 -179.999985
7.608795 87.773018 -253.593735 0.448872 -7.148583 -5.891975 1.692192 0.149267 -11.141554 0.874212 0.234751 34.392811 177.240738 -175.276596 162.424438 5.766140 19.028263 -9.554212 177.821167 -170.983551 -113.264381 4.397821 -2.506843 1.946595 0.015473 -0.197130 1.903232 0.029472 -0.197677 1.866577 0.015314 -0.921360 1.352979 1.242307 0.126415 -5.835025 1.284376 0.152496 -6.807414 0.945303 -1.746699 -5.011081 7.626930 7.505117 0.563935 64.845215 -8.318629 -10.720370 79.848610 55.797501 75.640503 171.664108 157.730148 179.696732 28.618690 33.057308 83.041542 7.742984 -0.000007 -0.000003 5.156828 0.000003 -0.000001 0.000000 -0.000000 0.000000 79.811020 2.713736 14.758024 65.012291 -0.000007 0.000004 45.508595 -0.000000 0.000000 0.000000 -0.000000 0.000000 89.000008 -0.000002 0.000002 98.051331 -0.000002 -0.000003 65.302216 -0.000006 0.000009 0.000000 -0.000000 0.000000 89.015213 -0.173644 -9.998514 105.629303 0.000003 0.000010 70.349121 0.000004 -0.000014 0.000000 -0.000000 0.000000 89.060310 -0.341999 -19.997196 109.999985 -0.000003 0.000002 80.000000 0.000003 0.000002 169.411728 -174.366486 179.931168 121.291306 170.274078 176.248718 88.589783 -119.597839 -89.718864 17.116007 -18.765621 -6.919666 156.597794 -151.922501 -110.489372 166.539536 -180.000000 180.000000 171.035324 179.999985 -180.000000 0.000000 0.000003 0.000007 90.965935 -179.741196 -165.002182 93.456833 179.999985 -179.999985 119.419807 -180.000000 -179.999985 0.000000 0.000003 0.000007 91.000000 -179.999985 -179.999985 72.677177 179.999985 -179.999985 108.522987 179.999985 180.000000 0.000000 0.000003 0.000007 90.984818 179.826355 170.001495 70.000008 -179.999985 -179.999985 100.000000 -179.999985 179.999985 0.000000 0.000003 0.000007 90.939743 179.657990 160.002808 69.999977 180.000000 180.000000 100.000008 180.000000 180.000000
7.482692 87.706116 -252.389450 0.468320 -7.308776 -5.954327 2.002457 -0.798315 -9.954347 179.945190 -179.895142 -145.607758 176.962067 -176.715714 161.338547 5.347499 19.279310 -10.837054 177.892059 -170.530884 -113.026497 4.714369 -3.074033 -0.272611 0.038994 -0.118730 2.079361 0.067395 -0.119807 2.039345 0.073343 -0.554419 1.478710 1.243587 0.128675 -5.921513 1.285612 0.155251 -6.908292 0.963946 -1.909646 -5.085975 7.635916 7.443779 0.388294 64.316269 -6.717906 -10.554466 79.786011 55.708809 75.603310 171.580368 157.864426 179.500122 28.591295 33.149342 83.135117 7.667471 -0.001128 0.001711 5.106536 -0.000848 0.001073 0.000000 -0.000000 0.000000 79.754440 2.728905 14.755311 64.964455 0.000119 0.000189 45.475101 -0.000037 0.000151 0.000000 -0.000000 0.000000 89.000000 0.000005 0.000010 97.972282 -0.000025 0.000085 65.249527 -0.000061 0.000006 0.000000 -0.000000 0.000000 89.015205 -0.173638 -9.998509 105.563019 -0.000152 0.000257 70.304993 -0.000193 -0.000044 0.000000 -0.000000 0.000000 89.060295 -0.342005 -19.997206 110.000015 0.000002 0.000003 79.999985 0.000003 -0.000006 169.344498 -174.166275 179.951050 121.201927 169.154831 175.220734 89.440422 -120.228462 -91.087029 16.989929 -19.200247 -6.515943 156.131454 -151.773605 -110.169029 166.609772 179.999176 -179.998642 171.082108 179.999329 -179.999191 0.000003 -0.000000 0.000000 90.965935 -179.741196 -165.002182 93.143478 -179.999954 -179.999680 119.200447 179.999817 -179.999863 0.000003 -0.000000 0.000000 90.999992 179.999985 179.999985 72.320107 179.999863 -179.999588 108.285194 179.999725 179.999985 0.000003 -0.000000 0.000000 90.984802 179.826355 170.001495 69.999992 -179.999985 -180.000000 100.000000 179.999985 -180.000000 0.000003 -0.000000 0.000000 90.939705 179.657990 160.002792 70.000015 179.999985 -179.999985 100.000008 -179.999985 180.000000
7.324401 87.702820 -251.143097 0.467978 -7.439568 -5.957814 2.603370 -2.093629 -8.452253 178.825485 179.892670 -146.113800 176.775620 -177.953934 160.368362 4.813007 19.570065 -12.164239 178.259171 -170.072449 -113.224442 4.761927 -3.968757 -2.590457 0.064376 -0.025853 2.221550 0.107585 -0.027531 2.178780 0.138255 -0.119935 1.579770 1.230662 0.129465 -6.006476 1.272094 0.156306 -7.007425 0.983525 -2.177031 -5.161176 7.628489 7.304708 0.278019 63.863129 -5.030377 -10.677595 79.934738 55.416885 75.763023 171.511200 158.004547 179.291779 29.073107 33.796284 83.977165 7.134624 -0.000151 0.000285 4.751653 -0.000127 0.000184 0.000000 0.000003 0.000000 79.886818 2.693026 14.761723 65.076523 -0.000351 -0.000516 45.553543 0.000083 -0.000417 0.000000 0.000003 0.000000 89.000000 -0.000000 0.000000 98.058365 0.000316 -0.001084 65.306854 0.000742 -0.000101 0.000000 0.000003 0.000000 89.015244 -0.173636 -9.998518 105.717796 0.000537 -0.000959 70.408066 0.000726 0.000132 0.000000 0.000003 0.000000 89.060295 -0.342009 -19.997198 110.000000 -0.000000 0.000000 80.000000 -0.000004 0.000010 169.290131 -173.957596 -179.983795 121.116806 168.103317 174.672546 90.467209 -120.448067 -92.496063 16.849483 -19.639198 -6.093530 156.079941 -152.507095 -110.390793 166.165024 179.999985 -179.999985 170.785919 179.999985 -179.999985 0.000000 -0.000000 0.000000 90.965927 -179.741196 -165.002182 93.250984 179.999924 179.999634 119.275703 -179.999802 179.999832 0.000000 -0.000000 0.000000 91.000000 179.999985 179.999985 72.465767 -179.999863 179.999512 108.382210 -179.999664 179.999985 0.000000 -0.000000 0.000000 90.984818 179.826355 170.001495 70.000023 -179.999985 -180.000000 100.000008 179.999985 -179.999985 0.000000 -0.000000 0.000000 90.939713 179.657990 160.002808 70.000008 179.999985 179.999985 99.999985 179.999985 -179.999985
7.161454 87.757866 -249.863892 0.436718 -7.563949 -5.902544 3.132823 -3.605310 -6.943984 178.038895 179.077118 -146.797104 176.669128 -178.709976 159.530273 4.229747 19.784115 -13.469458 178.856903 -169.758713 -113.786087 4.639552 -5.097449 -4.884096 0.090688 0.046796 2.309807 0.149510 0.044484 2.265323 0.204947 0.219616 1.641981 1.226353 0.129829 -6.038740 1.267589 0.156776 -7.045064 0.990974 -2.267916 -5.189654 7.609869 7.321281 0.293614 63.507496 -3.360248 -11.015188 80.216064 55.009792 76.043350 171.463074 158.143982 179.095856 29.114176 33.777988 84.197861 7.086154 -0.000086 0.000172 4.719376 -0.000076 0.000108 0.000003 -0.000000 0.000000 79.811150 2.712421 14.758288 65.012718 -0.000597 -0.000842 45.508911 0.000106 -0.000711 0.000003 -0.000000 0.000000 89.000008 -0.000002 0.000012 97.949165 0.000507 -0.001926 65.234116 0.001300 -0.000238 0.000003 -0.000000 0.000000 89.015190 -0.173649 -9.998499 105.620323 0.000947 -0.001893 70.343155 0.001406 0.000172 0.000003 -0.000000 0.000000 89.060287 -0.342007 -19.997183 109.999992 -0.000000 0.000000 79.999969 0.000005 -0.000009 169.260620 -173.930847 -179.907852 121.027687 167.108765 174.483170 91.647354 -120.312469 -93.882240 16.659149 -20.040428 -5.727593 156.100449 -152.617569 -110.615532 166.049377 -179.998672 179.997513 170.708878 -179.998856 179.998505 0.000003 0.000003 0.000000 90.965958 -179.741196 -165.002182 93.200539 179.999985 179.999924 119.240379 -179.999969 179.999985 0.000003 0.000003 0.000000 91.000038 -179.999985 179.999985 72.401360 -179.999954 179.999756 108.339287 -179.999847 179.999985 0.000003 0.000003 0.000000 90.984810 179.826370 170.001511 70.000008 -179.999985 -179.999985 100.000000 -179.999985 -180.000000 0.000003 0.000003 0.000000 90.939728 179.658005 160.002808 70.000015 -179.999985 -179.999985 100.000015 -180.000000 179.999985
6.994007 87.862091 -248.577850 0.380790 -7.721572 -5.836071 3.538960 -4.908696 -5.537749 177.651459 177.968597 -147.475357 176.601120 -178.883698 158.846130 3.678911 19.944157 -14.665838 179.544724 -169.621445 -114.694817 4.489930 -6.425229 -7.115702 0.117963 0.122228 2.353053 0.192806 0.119288 2.307738 0.275064 0.571907 1.671866 1.220786 0.129017 -6.029468 1.261850 0.155789 -7.034254 0.987860 -2.274164 -5.182065 7.579811 7.390167 0.431972 63.249020 -1.806216 -11.761677 80.777000 54.312057 76.642075 171.417862 158.281647 178.900650 29.155359 33.747066 84.436737 7.039811 0.000235 -0.000460 4.688519 0.000186 -0.000295 0.000000 -0.000000 0.000000 79.735260 2.731942 14.754800 64.948639 -0.000853 -0.001102 45.464050 0.000134 -0.000966 0.000000 -0.000000 0.000000 89.000000 -0.000001 0.000008 97.835274 0.000631 -0.002857 65.158310 0.001887 -0.000435 0.000000 -0.000000 0.000000 89.015190 -0.173636 -9.998504 105.512131 0.001427 -0.003106 70.271095 0.002270 0.000190 0.000000 -0.000000 0.000000 89.060295 -0.342006 -19.997185 110.000023 0.000010 0.000014 79.999969 0.000003 0.000002 169.253860 -173.988449 -179.809296 120.961189 166.151520 174.708557 92.990417 -119.828911 -95.293114 16.456959 -20.386051 -5.448421 156.316910 -152.497162 -110.969536 166.054291 -179.996460 179.992798 170.712143 -179.996902 179.995636 0.000000 -0.000003 0.000000 90.965935 -179.741196 -165.002182 93.211304 179.999893 179.999451 119.247971 -179.999695 179.999756 0.000000 -0.000003 0.000000 91.000000 179.999985 179.999985 72.411804 -179.999695 179.999023 108.346237 -179.999329 179.999985 0.000000 -0.000003 0.000000 90.984779 179.826355 170.001495 70.000015 -179.999985 179.999985 100.000008 -179.999985 179.999985 0.000000 -0.000003 0.000000 90.939751 179.657990 160.002808 69.999985 -180.000000 179.999985 100.000038 179.999985 -179.999985
6.868303 88.019493 -247.341400 0.361496 -7.942649 -5.789677 3.619477 -4.954153 -4.508757 177.853836 177.419403 -147.829712 176.603912 -178.368271 158.454727 3.209214 19.787947 -15.591983 0.069403 -9.913600 63.676609 4.275674 -7.690551 -8.506454 0.129171 0.209858 2.322737 0.209335 0.206752 2.277998 0.310709 0.980962 1.649223 1.215443 0.127819 -5.999542 1.256321 0.154376 -6.999343 0.977930 -2.218264 -5.156425 7.535552 7.502546 0.714404 63.184361 -0.288637 -11.973124 81.129204 54.267540 77.048897 171.388672 158.418137 178.661499 29.131145 33.659481 84.519630 7.062329 -0.000002 0.000001 4.703510 0.000003 0.000001 0.000000 -0.000000 0.000000 79.676498 2.749121 14.751617 64.898643 -0.000000 0.000000 45.429047 0.000004 -0.000002 0.000000 -0.000000 0.000000 88.999985 0.000000 0.000005 97.730927 0.000003 -0.000002 65.088821 -0.000002 0.000003 0.000000 -0.000000 0.000000 89.015182 -0.173639 -9.998507 105.391426 -0.000002 -0.000003 70.190666 -0.000001 -0.000001 0.000000 -0.000000 0.000000 89.060295 -0.342007 -19.997185 110.000000 0.000002 0.000003 79.999969 -0.000001 0.000004 169.322693 -174.163116 -179.757843 120.924057 165.148483 175.287750 94.172470 -119.280090 -96.537971 16.394400 -20.553848 -5.364916 156.588104 -151.909851 -111.163818 166.345352 179.999985 -179.999985 170.906006 179.999985 -179.999985 0.000000 -0.000007 0.000000 90.965935 -179.741196 -165.002182 93.193039 -179.999985 180.000000 119.235115 -179.999985 179.999985 0.000000 -0.000007 0.000000 91.000000 179.999985 -179.999985 72.378098 -180.000000 -179.999985 108.323814 180.000000 179.999985 0.000000 -0.000007 0.000000 90.984795 179.826355 170.001495 70.000008 179.999985 179.999985 100.000008 -179.999985 179.999985 0.000000 -0.000007 0.000000 90.939705 179.657990 160.002792 69.999992 -179.999985 -179.999985 100.000008 180.000000 -179.999985
6.733209 88.172089 -246.100067 0.335241 -8.159385 -5.738764 3.742812 -5.101550 -3.444026 177.988113 176.822800 -148.214828 176.588501 -177.898102 158.034195 2.727244 19.663292 -16.554150 0.635416 -9.520245 62.131622 4.061434 -8.991682 -10.014154 0.142616 0.296114 2.298575 0.229567 0.292785 2.254330 0.351266 1.383652 1.631197 1.210678 0.126682 -5.971018 1.251420 0.153005 -6.966083 0.968336 -2.161206 -5.131887 7.496468 7.612366 0.989138 63.073410 1.244920 -12.245077 81.492622 54.150860 77.462784 171.349854 158.551483 178.423721 29.119169 33.581207 84.620758 7.074606 0.000100 -0.000205 4.711688 0.000074 -0.000131 0.000003 -0.000000 0.000000 79.617569 2.764333 14.748857 64.848877 -0.000159 -0.000182 45.394222 0.000021 -0.000165 0.000003 -0.000000 0.000000 89.000000 0.000000 0.000010 97.629005 0.000098 -0.000521 65.020905 0.000339 -0.000088 0.000003 -0.000000 0.000000 89.015213 -0.173642 -9.998507 105.276123 0.000255 -0.000629 70.113930 0.000445 0.000020 0.000003 -0.000000 0.000000 89.060310 -0.342006 -19.997198 109.999969 -0.000008 0.000001 80.000015 0.000002 -0.000003 169.384262 -174.326187 -179.698517 120.906967 164.147797 175.873016 95.438362 -118.704903 -97.866722 16.305069 -20.745487 -5.261851 156.886429 -151.344208 -111.411400 166.623199 -179.999374 179.998642 171.091049 -179.999466 179.999161 0.000000 -0.000003 -0.000003 90.965912 -179.741196 -165.002182 93.193596 179.999954 179.999542 119.235489 -179.999725 179.999817 0.000000 -0.000003 -0.000003 90.999992 -179.999985 180.000000 72.365509 -179.999786 179.999466 108.315414 -179.999603 -179.999985 0.000000 -0.000003 -0.000003 90.984802 179.826355 170.001495 69.999992 -179.999985 -179.999985 100.000008 -179.999985 180.000000 0.000000 -0.000003 -0.000003 90.939690 179.657990 160.002792 70.000008 179.999985 180.000000 100.000000 179.999985 -179.999985
6.631976 88.340286 -244.878571 0.325748 -8.404171 -5.703413 3.697926 -4.909926 -2.528023 178.407349 176.186554 -148.399689 176.665741 -177.084793 157.674637 2.286081 19.417702 -17.420021 1.105941 -8.903800 60.291344 3.758807 -10.216588 -11.185594 0.149786 0.392039 2.252775 0.239206 0.388679 2.209436 0.378937 1.831437 1.597721 1.203542 0.125180 -5.936730 1.244074 0.151190 -6.926083 0.957519 -2.109810 -5.102290 7.451380 7.710670 1.301977 63.030254 2.783484 -12.314040 81.800064 54.275227 77.847519 171.317764 158.688828 178.157074 29.040295 33.429489 84.604225 7.152554 0.000122 -0.000248 4.763603 0.000090 -0.000157 0.000003 0.000000 -0.000003 79.546394 2.782930 14.745466 64.788742 -0.000221 -0.000257 45.352123 0.000013 -0.000243 0.000003 0.000000 -0.000003 89.000000 0.000001 0.000006 97.506310 0.000145 -0.000995 64.939201 0.000629 -0.000187 0.000003 0.000000 -0.000003 89.015236 -0.173634 -9.998500 105.124313 0.000441 -0.001215 70.012810 0.000864 -0.000004 0.000003 0.000000 -0.000003 89.060287 -0.342011 -19.997183 110.000023 0.000004 0.000006 80.000008 0.000003 -0.000002 169.474762 -174.525955 -179.670609 120.925522 163.103500 176.560455 96.660217 -118.177338 -99.190796 16.342422 -20.845236 -5.258459 157.111847 -150.622849 -111.582413 166.985825 -179.998962 179.997498 171.332565 -179.999069 179.998444 0.000003 0.000003 0.000000 90.965958 -179.741196 -165.002182 93.115784 179.999954 179.998703 119.181007 -179.999237 179.999527 0.000003 0.000003 0.000000 91.000015 -179.999985 -179.999985 72.262497 -179.999298 179.998611 108.246826 -179.998978 -179.999847 0.000003 0.000003 0.000000 90.984810 179.826370 170.001480 70.000008 179.999985 180.000000 100.000038 179.999985 -179.999985 0.000003 0.000003 0.000000 90.939751 179.658005 160.002792 70.000008 179.999985 179.999985 100.000023 -180.000000 179.999985
6.569322 88.525482 -243.677933 0.329688 -8.651423 -5.693306 3.447081 -4.292896 -1.835372 178.981644 175.973724 -148.450928 176.806839 -176.344589 157.432480 1.954322 19.033960 -18.092295 1.367865 -8.142066 58.423218 3.321562 -11.050789 -11.800570 0.150089 0.487430 2.194863 0.237510 0.484233 2.152652 0.390873 2.276406 1.555730 1.194970 0.123580 -5.905953 1.235233 0.149272 -6.890168 0.948492 -2.084464 -5.075676 7.417139 7.797399 1.586642 63.057850 4.066970 -12.256860 82.074234 54.555519 78.221771 171.307465 158.810242 177.896896 28.877207 33.094337 84.438736 7.359668 -0.001650 0.002748 4.901541 -0.001246 0.001727 0.000000 -0.000000 0.000000 79.451485 2.808950 14.740491 64.708351 0.000384 0.000409 45.295845 -0.000008 0.000392 0.000000 -0.000000 0.000000 89.000015 -0.000000 -0.000005 97.362511 0.000063 -0.000596 64.843483 0.000397 -0.000148 0.000000 -0.000000 0.000000 89.015228 -0.173641 -9.998502 104.941711 0.000257 -0.000826 69.891182 0.000572 -0.000025 0.000000 -0.000000 0.000000 89.060310 -0.342002 -19.997196 109.999969 0.000002 0.000003 80.000000 -0.000000 -0.000009 169.587326 -174.715515 -179.681244 120.927612 162.096375 177.023483 97.541267 -117.991516 -100.215279 16.444183 -20.862827 -5.309145 157.162079 -149.910522 -111.549133 167.365845 -179.998932 179.997086 171.585648 -179.999023 179.998169 0.000000 -0.000000 0.000000 90.965904 -179.741196 -165.002197 92.961273 179.999985 179.998581 119.072899 -179.999146 179.999496 0.000000 -0.000000 0.000000 91.000000 -179.999985 179.999985 72.081169 -179.999146 179.998474 108.126053 -179.998856 -179.999771 0.000000 -0.000000 0.000000 90.984772 179.826355 170.001495 70.000015 -179.999985 -179.999985 100.000000 -179.999985 179.999985 0.000000 -0.000000 0.000000 90.939705 179.658005 160.002792 70.000008 -179.999985 -179.999985 100.000008 -180.000000 -180.000000
6.527135 88.723480 -242.481781 0.378517 -8.894452 -5.676678 3.109476 -3.284343 -0.973604 179.365311 176.359314 -148.773422 177.054596 -175.949768 157.309265 1.736852 18.340689 -18.680458 1.404710 -7.009984 56.102528 2.561200 -11.668612 -11.887967 0.140419 0.566573 2.106205 0.219909 0.563785 2.065716 0.378041 2.645553 1.492359 1.196941 0.122774 -5.857594 1.237320 0.148281 -6.833754 0.935444 -1.947507 -5.033837 7.351331 8.033330 1.934925 63.175663 5.399896 -11.895397 82.333382 55.153439 78.565063 171.293488 158.942825 177.624390 29.324762 33.777592 85.181099 6.833294 0.000949 -0.002205 4.550976 0.000762 -0.001414 0.000003 0.000003 0.000003 79.592339 2.769350 14.748194 64.827934 -0.001115 -0.001117 45.379566 0.000024 -0.001111 0.000003 0.000003 0.000003 88.999954 0.000001 0.000001 97.426033 0.000245 -0.003483 64.885681 0.002160 -0.000832 0.000003 0.000003 0.000003 89.015175 -0.173648 -9.998507 105.026810 0.001301 -0.004583 69.947823 0.003177 -0.000237 0.000003 0.000003 0.000003 89.060295 -0.342007 -19.997198 109.999977 -0.000008 0.000001 80.000015 0.000007 -0.000008 169.734329 -175.105576 -179.703217 120.979561 161.085388 177.409485 98.211266 -118.030151 -101.202446 16.560545 -20.888048 -5.298301 157.325546 -149.738708 -111.737633 167.429779 -179.999786 179.994919 171.628235 -179.999405 179.996674 0.000000 -0.000000 0.000000 90.965912 -179.741196 -165.002167 92.962288 179.999985 179.996368 119.073639 -179.997772 179.998764 0.000000 -0.000000 0.000000 90.999954 180.000000 180.000000 72.082985 -179.997772 179.996078 108.127266 -179.997070 -179.999405 0.000000 -0.000000 0.000000 90.984779 179.826370 170.001480 69.999969 -179.999985 -179.999985 100.000038 -180.000000 179.999985 0.000000 -0.000000 0.000000 90.939713 179.657990 160.002808 69.999977 -180.000000 179.999985 100.000008 -180.000000 -179.999985
6.450762 88.936699 -241.242722 0.514455 -9.046188 -5.648615 2.919070 -2.624974 0.183772 179.176910 176.971283 -149.609879 177.376221 -176.194855 157.525681 1.694595 17.712383 -18.963308 1.175834 -5.786154 53.309708 1.412381 -12.204369 -11.357779 0.114740 0.641480 2.004592 0.176201 0.639362 1.966103 0.326761 2.995904 1.421747 1.195352 0.121581 -5.806606 1.235672 0.146878 -6.774270 0.929619 -1.917953 -4.990027 7.251468 8.382809 2.346968 63.327415 6.542418 -11.555166 82.713112 55.932014 78.949974 171.284744 159.066818 177.407669 29.274717 33.494850 85.202370 6.971364 -0.000007 0.000006 4.642928 0.000003 0.000002 0.000000 -0.000000 0.000000 79.523293 2.789398 14.744213 64.769165 0.000003 0.000002 45.338421 -0.000003 -0.000001 0.000000 -0.000000 0.000000 89.000008 -0.000004 -0.000004 97.294876 -0.000007 -0.000003 64.798386 -0.000004 0.000006 0.000000 -0.000000 0.000000 89.015205 -0.173650 -9.998507 104.847237 0.000003 0.000015 69.828278 0.000003 0.000002 0.000000 -0.000000 0.000000 89.060310 -0.342012 -19.997196 109.999992 -0.000000 0.000000 80.000000 0.000002 -0.000003 169.895279 -175.421188 -179.655579 121.088326 160.291885 177.582306 98.376343 -118.259743 -101.747398 16.580008 -20.935408 -5.195261 157.094025 -149.181442 -111.292702 167.795929 180.000000 -179.999985 171.872101 179.999985 -179.999985 0.000000 -0.000000 0.000000 90.965919 -179.741196 -165.002182 92.781334 -179.999985 179.999985 118.946953 179.999985 -179.999985 0.000000 -0.000000 0.000000 91.000000 -179.999985 179.999985 71.863274 180.000000 -179.999985 107.980919 -179.999985 179.999985 0.000000 -0.000000 0.000000 90.984810 179.826370 170.001480 69.999985 -180.000000 -179.999985 100.000038 -180.000000 179.999985 0.000000 -0.000000 0.000000 90.939713 179.657990 160.002808 70.000008 180.000000 180.000000 100.000008 -180.000000 -180.000000
6.380250 89.147842 -240.010696 0.640306 -9.208626 -5.621563 2.728050 -1.889812 1.312451 179.047882 177.608902 -150.403732 177.687592 -176.391846 157.691452 1.652501 17.063730 -19.282125 0.933163 -4.582174 50.557476 0.257160 -12.629906 -10.854718 0.090973 0.717598 1.902526 0.135521 0.716115 1.865989 0.280394 3.351197 1.350464 1.193232 0.120288 -5.754175 1.233531 0.145307 -6.713109 0.922881 -1.880724 -4.944941 7.163011 8.734819 2.753757 63.471706 7.708341 -11.193673 83.061607 56.718822 79.335907 171.268707 159.189026 177.180145 29.219969 33.226559 85.214691 7.102856 0.000182 -0.000427 4.730505 0.000148 -0.000269 0.000003 -0.000000 0.000000 79.450089 2.808405 14.740716 64.707344 -0.000144 -0.000144 45.295143 -0.000005 -0.000139 0.000003 -0.000000 0.000000 88.999985 0.000001 -0.000008 97.161034 0.000025 -0.000514 64.709236 0.000312 -0.000126 0.000003 -0.000000 0.000000 89.015182 -0.173639 -9.998507 104.664886 0.000188 -0.000684 69.706841 0.000475 -0.000048 0.000003 -0.000000 0.000000 89.060287 -0.342008 -19.997200 109.999992 0.000000 0.000012 79.999969 0.000004 0.000008 170.059723 -175.741730 -179.617020 121.204659 159.466660 177.770309 98.592972 -118.495667 -102.344910 16.615923 -20.983244 -5.100868 156.858917 -148.610336 -110.846298 168.167862 179.999939 179.999390 172.119797 -179.999985 179.999588 0.000000 -0.000000 0.000000 90.965935 -179.741196 -165.002182 92.596359 179.999969 179.999557 118.817421 -179.999725 179.999847 0.000000 -0.000000 0.000000 91.000000 -179.999985 179.999985 71.637772 -179.999725 179.999512 107.830742 -179.999649 -179.999939 0.000000 -0.000000 0.000000 90.984818 179.826355 170.001495 70.000023 179.999985 180.000000 99.999985 -180.000000 -180.000000 0.000000 -0.000000 0.000000 90.939705 179.657990 160.002808 70.000008 180.000000 180.000000 100.000008 180.000000 180.000000
6.294337 89.369545 -238.753860 0.802408 -9.328006 -5.593771 2.587139 -1.346743 2.574253 178.748016 178.265198 -151.383469 178.045990 -176.783798 158.003357 1.658163 16.420387 -19.487087 0.631352 -3.332883 47.629398 178.938217 -166.985291 169.844467 0.060451 0.791711 1.800985 0.083814 0.790941 1.766382 0.218279 3.696980 1.280518 1.192412 0.119203 -5.705389 1.232735 0.143986 -6.656197 0.919953 -1.875671 -4.903033 7.065674 9.075146 3.178213 63.610516 8.795187 -10.919466 83.560577 57.455181 79.875412 171.245773 159.317902 176.955933 29.197166 32.915771 85.260750 7.248526 0.000528 -0.001180 4.827518 0.000418 -0.000751 0.000000 -0.000000 0.000000 79.389664 2.824094 14.737827 64.656311 -0.000251 -0.000256 45.259418 0.000005 -0.000242 0.000000 -0.000000 0.000000 88.999985 -0.000001 0.000004 97.035667 0.000071 -0.001038 64.625771 0.000648 -0.000265 0.000000 -0.000000 0.000000 89.015205 -0.173641 -9.998503 104.493011 0.000416 -0.001476 69.592384 0.001019 -0.000086 0.000000 -0.000000 0.000000 89.060295 -0.342009 -19.997194 110.000000 0.000001 0.000008 80.000000 0.000002 -0.000003 170.227692 -176.044891 -179.552643 121.364975 158.750854 177.928833 98.643295 -118.769287 -102.781700 16.602308 -21.039852 -4.974239 156.591873 -148.058502 -110.377762 168.533005 179.999725 179.998993 172.362976 179.999908 179.999313 0.000000 -0.000003 0.000000 90.965904 -179.741211 -165.002182 92.408081 179.999924 179.999405 118.685616 -179.999664 179.999771 0.000000 -0.000003 0.000000 91.000000 179.999985 -179.999985 71.416039 -179.999695 179.999329 107.683105 -179.999512 -179.999954 0.000000 -0.000003 0.000000 90.984795 179.826355 170.001495 70.000008 -179.999985 180.000000 99.999985 179.999985 -180.000000 0.000000 -0.000003 0.000000 90.939713 179.657974 160.002792 70.000015 180.000000 180.000000 100.000031 -180.000000 -180.000000
6.187661 89.606415 -237.475510 1.005761 -9.413244 -5.564869 2.465023 -1.135458 3.915578 178.360962 178.775482 -152.470657 178.401611 -177.305038 158.479965 1.638912 15.865177 -19.592651 0.380826 -2.072753 44.527550 177.488815 -166.468597 170.708527 0.021877 0.858193 1.702676 0.019038 0.858207 1.669951 0.137250 4.006811 1.214110 1.198160 0.118850 -5.661978 1.238725 0.143549 -6.605545 0.922289 -1.879882 -4.865452 6.959189 9.454683 3.638340 63.735439 9.840260 -10.710037 84.147964 58.179810 80.468498 171.238541 159.434784 176.787979 29.202311 32.538788 85.321609 7.425401 0.001001 -0.002248 4.945312 0.000800 -0.001428 180.000000 -179.999985 180.000000 79.339836 2.837014 14.735395 64.614258 -0.000340 -0.000357 45.230003 0.000007 -0.000345 180.000000 -179.999985 180.000000 88.999969 -0.000001 -0.000001 96.918678 0.000129 -0.001538 64.547783 0.000963 -0.000357 180.000000 -179.999985 180.000000 89.015205 -0.173641 -9.998499 104.322479 0.000668 -0.002201 69.478752 0.001535 -0.000124 180.000000 -179.999985 180.000000 89.060234 -0.342007 -19.997202 110.000015 -0.000002 -0.000003 80.000000 -0.000006 0.000004 170.394012 -176.326874 -179.452057 121.529884 158.118790 178.004990 98.521667 -119.041069 -102.982010 16.531778 -21.095657 -4.834658 156.372177 -147.552628 -109.972763 168.868515 179.999451 179.998779 172.586426 179.999725 179.999146 0.000000 -0.000000 0.000003 90.965927 -179.741196 -165.002167 92.253654 179.999893 179.999542 118.577576 -179.999741 179.999771 0.000000 -0.000000 0.000003 90.999969 180.000000 180.000000 71.226974 -179.999817 179.999451 107.557129 -179.999603 -179.999985 0.000000 -0.000000 0.000003 90.984772 179.826370 170.001495 69.999969 179.999985 179.999985 100.000038 180.000000 -179.999985 0.000000 -0.000000 0.000003 90.939705 179.658005 160.002808 70.000023 -179.999985 179.999985 100.000008 180.000000 -179.999985
6.044514 89.877533 -236.177139 1.260216 -9.486159 -5.526646 2.372451 -1.202758 5.302609 177.901520 179.130798 -153.592545 178.719345 -177.899551 159.178253 1.552492 15.511479 -19.597792 0.179811 -0.835480 41.112236 175.857651 -165.687485 171.739395 179.974854 179.080841 -178.399796 179.940521 179.079971 -178.430527 0.036490 4.290618 1.146112 1.212832 0.119287 -5.616508 1.253942 0.144079 -6.552498 0.928621 -1.864833 -4.825644 6.828946 9.880765 4.161933 63.861191 10.945138 -10.432777 84.766022 59.008457 81.078545 171.236008 159.543610 176.663620 29.192764 32.002892 85.336433 7.695359 0.001241 -0.002645 5.125104 0.000984 -0.001675 0.000000 -0.000000 0.000000 79.290932 2.849903 14.732946 64.572891 -0.000305 -0.000342 45.201031 0.000018 -0.000318 0.000000 -0.000000 0.000000 88.999985 -0.000004 0.000001 96.795822 0.000205 -0.001575 64.466034 0.001005 -0.000339 0.000000 -0.000000 0.000000 89.015228 -0.173640 -9.998515 104.146301 0.000799 -0.002380 69.361435 0.001669 -0.000066 0.000000 -0.000000 0.000000 89.060295 -0.342010 -19.997196 110.000015 0.000009 0.000006 79.999985 0.000005 -0.000005 170.544800 -176.637756 -179.310684 121.740845 157.583557 178.151291 98.314522 -119.205940 -103.065498 16.419472 -21.149622 -4.682899 156.184082 -147.067474 -109.595161 169.194107 179.999359 179.998901 172.803299 179.999664 179.999207 0.000000 -0.000000 0.000000 90.965881 -179.741196 -165.002182 92.128494 179.999969 179.999893 118.489944 -179.999939 179.999939 0.000000 -0.000000 0.000000 91.000000 179.999985 179.999985 71.073578 -179.999985 179.999847 107.454979 -179.999893 179.999985 0.000000 -0.000000 0.000000 90.984764 179.826355 170.001495 70.000008 -179.999985 -179.999985 100.000023 -180.000000 179.999985 0.000000 -0.000000 0.000000 90.939705 179.657990 160.002808 69.999992 179.999985 179.999985 100.000008 -179.999985 179.999985
5.873708 90.007767 -234.867981 1.421257 -9.599682 -5.483490 2.255541 -1.730160 6.241669 177.569305 179.083267 -154.150177 179.039749 -178.505859 160.395172 1.389879 15.739055 -19.323366 179.940933 -179.570938 -142.138016 174.601791 -164.727631 172.496628 179.949951 179.016327 -178.479309 179.898911 179.015091 -178.508499 179.983856 175.408112 -178.907455 1.225690 0.120269 -5.600478 1.267244 0.145254 -6.533799 0.942354 -1.938139 -4.811783 6.696243 10.137016 4.582807 63.928146 11.725118 -10.248879 85.419540 59.652439 81.696686 171.305496 159.588654 176.667419 29.186440 31.598286 85.351677 7.899381 -0.000000 0.000005 5.260983 -0.000003 0.000002 0.000000 -0.000000 0.000000 79.263786 2.857587 14.731425 64.549881 0.000002 -0.000003 45.184921 0.000001 -0.000003 0.000000 -0.000000 0.000000 89.000000 -0.000000 -0.000005 96.716331 -0.000000 0.000000 64.413086 -0.000000 0.000000 0.000000 -0.000000 0.000000 89.015190 -0.173639 -9.998510 104.021576 -0.000007 0.000002 69.278358 -0.000002 0.000015 0.000000 -0.000000 0.000000 89.060295 -0.342005 -19.997190 110.000015 0.000003 -0.000002 80.000000 -0.000001 0.000004 170.630966 -176.799286 -179.150085 121.848557 157.302338 178.321198 98.083603 -119.189247 -102.906837 16.361441 -21.149164 -4.580614 156.139877 -146.816330 -109.416779 169.369049 179.999985 -180.000000 172.919785 180.000000 -180.000000 0.000000 -0.000000 0.000000 90.965935 -179.741196 -165.002182 92.112511 -179.999985 -179.999985 118.478760 -179.999985 179.999985 0.000000 -0.000000 0.000000 91.000000 180.000000 180.000000 71.050835 179.999985 180.000000 107.439812 180.000000 180.000000 0.000000 -0.000000 0.000000 90.984795 179.826355 170.001495 70.000023 180.000000 180.000000 100.000000 -179.999985 179.999985 0.000000 -0.000000 0.000000 90.939713 179.657990 160.002808 69.999992 179.999985 179.999985 100.000038 180.000000 180.000000
5.705880 90.142365 -233.563187 1.602650 -9.704094 -5.446395 2.132659 -2.223005 7.220124 177.231583 179.060699 -154.781860 179.336868 -179.080246 161.528275 1.232301 15.937189 -19.081268 179.689178 179.932449 -145.353836 173.216400 -163.848236 173.336273 179.920334 178.950134 -178.557571 179.849304 178.948471 -178.585266 179.921677 175.099747 -178.959442 1.237472 0.121048 -5.582986 1.279453 0.146183 -6.513397 0.955809 -2.018748 -4.796951 6.571560 10.404199 5.016155 63.986416 12.530928 -10.087645 86.094734 60.298447 82.356056 171.365051 159.640411 176.654282 29.170187 31.160130 85.352371 8.122537 0.000137 -0.000290 5.409614 0.000108 -0.000183 179.999985 -180.000000 179.999985 79.225510 2.867681 14.729503 64.517578 0.000028 0.000038 45.162292 -0.000001 0.000029 179.999985 -180.000000 179.999985 89.000000 -0.000002 0.000002 96.625847 0.000009 -0.000108 64.352821 0.000071 -0.000024 179.999985 -180.000000 179.999985 89.015205 -0.173640 -9.998511 103.882217 0.000069 -0.000189 69.185555 0.000135 0.000006 179.999985 -180.000000 179.999985 89.060280 -0.342008 -19.997198 110.000023 -0.000003 -0.000010 80.000000 0.000000 0.000005 170.722992 -176.948959 -178.987961 121.975746 156.999954 178.485870 97.844864 -119.185036 -102.758133 16.289835 -21.158587 -4.475267 156.079712 -146.549225 -109.224701 169.553055 179.999893 179.999847 173.042343 179.999954 179.999893 0.000000 0.000000 -0.000003 90.965912 -179.741196 -165.002182 92.082886 -179.999985 -179.999969 118.457993 179.999985 -179.999985 0.000000 0.000000 -0.000003 90.999992 -179.999985 179.999985 71.012367 179.999985 -179.999969 107.414230 179.999985 -179.999985 0.000000 0.000000 -0.000003 90.984795 179.826370 170.001495 69.999985 -179.999985 -179.999985 100.000008 -180.000000 179.999985 0.000000 0.000000 -0.000003 90.939690 179.658005 160.002792 69.999977 180.000000 -179.999985 100.000038 -179.999985 180.000000
5.530236 90.265289 -232.248978 1.730548 -9.843668 -5.392159 1.978128 -2.822344 8.083747 176.933075 178.989807 -155.196396 179.698883 -179.723679 163.011520 1.047054 16.201200 -18.724442 179.332489 179.787354 -148.790268 171.912903 -163.037949 174.075180 179.903732 178.888153 -178.639999 179.821671 178.886307 -178.666138 179.886154 174.810806 -179.015717 1.255601 0.122584 -5.572084 1.298212 0.148031 -6.500674 0.971004 -2.069225 -4.787489 6.430129 10.627523 5.428203 64.058647 13.304752 -9.784301 86.791534 60.985672 83.041481 171.461121 159.671799 176.688614 29.344091 31.030676 85.588127 8.133743 0.000069 -0.001169 5.417074 0.000127 -0.000772 0.000000 0.000003 0.000000 79.294846 2.848863 14.733119 64.576263 -0.000290 -0.000353 45.203369 0.000034 -0.000312 0.000000 0.000003 0.000000 88.999985 0.000006 -0.000009 96.636894 0.000141 -0.000771 64.360199 0.000507 -0.000141 0.000000 0.000003 0.000000 89.015190 -0.173644 -9.998507 103.876114 0.000452 -0.001052 69.181503 0.000775 0.000016 0.000000 0.000003 0.000000 89.060295 -0.342004 -19.997192 110.000023 0.000002 0.000003 79.999969 -0.000004 0.000001 170.801849 -177.153595 -178.823776 122.065346 156.773941 178.697098 97.618965 -119.122391 -102.558189 16.257135 -21.138983 -4.376392 156.115463 -146.368317 -109.069450 169.700378 179.999847 179.999756 173.140457 179.999924 179.999832 0.000000 0.000003 0.000003 90.965912 -179.741196 -165.002182 92.152603 179.999985 179.999969 118.506828 -179.999985 179.999969 0.000000 0.000003 0.000003 90.999992 -179.999985 -179.999985 71.085510 179.999985 179.999954 107.462921 -179.999985 179.999985 0.000000 0.000003 0.000003 90.984795 179.826355 170.001495 69.999992 179.999985 179.999985 100.000038 -179.999985 179.999985 0.000000 0.000003 0.000003 90.939728 179.657990 160.002808 69.999992 179.999985 179.999985 100.000008 -179.999985 180.000000
5.341803 90.373962 -230.923508 1.783397 -10.008706 -5.319048 1.819779 -3.574543 8.794606 176.654648 178.808334 -155.392807 0.068227 0.425101 -15.307591 0.847984 16.582378 -18.295876 178.970703 179.962326 -152.217178 170.811035 -162.223618 174.654022 179.904922 178.825027 -178.724716 179.823792 178.823334 -178.749252 179.887878 174.516541 -179.075729 1.268155 0.123621 -5.565579 1.311200 0.149286 -6.493076 0.986714 -2.162776 -4.781808 6.288696 10.824547 5.791445 64.111588 13.945626 -9.517111 87.495964 61.603786 83.693062 171.600586 159.667969 176.793823 29.154959 30.502300 85.308922 8.470980 -0.000309 -0.001632 5.641679 -0.000087 -0.001105 0.000000 -0.000000 0.000000 79.217758 2.868775 14.729342 64.511131 -0.000457 -0.000575 45.157806 0.000059 -0.000515 0.000000 -0.000000 0.000000 89.000031 -0.000000 0.000000 96.516037 0.000262 -0.001153 64.279724 0.000768 -0.000183 0.000000 -0.000000 0.000000 89.015228 -0.173644 -9.998489 103.700050 0.000747 -0.001564 69.064255 0.001147 0.000077 0.000000 -0.000000 0.000000 89.060272 -0.342006 -19.997208 110.000015 -0.000007 -0.000004 79.999985 -0.000001 0.000004 170.863541 -177.320282 -178.662628 122.090317 156.595261 178.875565 97.418098 -119.049980 -102.325737 16.273928 -21.085804 -4.288125 156.128525 -146.176605 -109.021034 169.816864 179.999771 179.999664 173.218033 179.999878 179.999756 0.000000 -0.000000 0.000000 90.965965 -179.741196 -165.002182 92.157623 179.999878 179.999893 118.510422 -179.999985 179.999908 0.000000 -0.000000 0.000000 91.000023 179.999985 -179.999985 71.086014 -180.000000 179.999893 107.463242 -179.999939 179.999969 0.000000 -0.000000 0.000000 90.984818 179.826355 170.001480 70.000008 -179.999985 -179.999985 100.000023 179.999985 -179.999985 0.000000 -0.000000 0.000000 90.939751 179.657990 160.002792 70.000008 180.000000 -180.000000 100.000000 179.999985 -180.000000
5.140761 90.457687 -229.575806 1.747890 -10.190797 -5.218179 1.667244 -4.411253 9.379440 176.393967 178.628082 -155.392120 0.437666 1.231251 -13.417991 0.666913 17.081345 -17.791071 178.577621 -179.461670 -155.598587 169.994385 -161.475571 174.992996 179.925003 178.771103 -178.816254 179.857758 178.769775 -178.839035 179.928391 174.264923 -179.143143 1.285492 0.125132 -5.559298 1.329128 0.151119 -6.485752 1.000214 -2.194105 -4.776073 6.166411 11.047036 6.096803 64.137344 14.422338 -9.320231 88.243042 62.089958 84.386292 171.740097 159.656570 176.907608 28.914076 29.969490 84.955536 8.827543 -0.001056 -0.001868 5.879147 -0.000562 -0.001318 0.000000 -0.000000 0.000000 79.119797 2.894339 14.724385 64.428444 -0.000505 -0.000698 45.099865 0.000089 -0.000580 0.000000 -0.000000 0.000000 89.000015 0.000001 0.000006 96.373711 0.000368 -0.001223 64.184891 0.000843 -0.000152 0.000000 -0.000000 0.000000 89.015205 -0.173631 -9.998514 103.488045 0.000916 -0.001574 68.923096 0.001195 0.000166 0.000000 -0.000000 0.000000 89.060265 -0.342011 -19.997185 110.000031 -0.000001 -0.000008 79.999947 0.000007 -0.000008 170.925095 -177.533768 -178.525620 122.065002 156.479645 179.069153 97.275780 -118.983246 -102.141243 16.355865 -21.011337 -4.199351 156.150818 -145.943207 -109.031532 169.939041 179.999634 179.999680 173.299408 179.999771 179.999756 0.000000 -0.000000 0.000000 90.965919 -179.741196 -165.002167 92.124878 179.999817 179.999908 118.487389 -180.000000 179.999847 0.000000 -0.000000 0.000000 91.000000 180.000000 179.999985 71.060196 179.999954 179.999847 107.445999 -179.999924 179.999954 0.000000 -0.000000 0.000000 90.984818 179.826355 170.001495 70.000023 -180.000000 179.999985 100.000008 179.999985 -179.999985 0.000000 -0.000000 0.000000 90.939751 179.658005 160.002808 70.000008 -179.999985 -179.999985 100.000008 180.000000 -179.999985
4.924061 90.513763 -228.149109 1.549567 -10.379262 -5.099083 1.448503 -5.330620 9.774770 176.218491 178.579132 -154.971085 0.972124 2.335855 -11.150043 0.568663 17.944422 -17.143883 178.243500 -178.273010 -158.479889 169.623978 -160.924774 174.890320 179.976822 178.750931 -178.906281 179.945343 178.750305 -178.927490 0.034766 5.828302 0.785538 1.313615 0.127730 -5.548485 1.358220 0.154236 -6.473123 1.005902 -2.061202 -4.766063 6.103607 11.295125 6.252309 64.138153 14.531414 -9.299936 88.830719 62.161171 84.931839 171.841049 159.629181 177.048462 28.678049 29.324461 84.566887 9.249538 0.000001 0.000005 6.160194 0.000004 -0.000003 0.000000 0.000003 0.000003 79.012123 2.923638 14.718733 64.337280 0.000002 -0.000003 45.036087 -0.000000 0.000000 0.000000 0.000003 0.000003 89.000000 0.000001 -0.000004 96.238571 -0.000000 0.000000 64.094872 0.000002 -0.000003 0.000000 0.000003 0.000003 89.015182 -0.173638 -9.998514 103.301048 -0.000003 0.000002 68.798515 0.000002 -0.000003 0.000000 0.000003 0.000003 89.060280 -0.342008 -19.997194 110.000015 0.000005 0.000001 79.999985 0.000002 -0.000007 171.002823 -177.840057 -178.477036 121.926552 156.509644 179.216934 97.253639 -118.982590 -102.060699 16.538725 -20.880487 -4.174272 156.090012 -145.693893 -108.989716 170.069473 -179.999985 180.000000 173.386261 180.000000 -180.000000 0.000000 -0.000000 0.000000 90.965935 -179.741196 -165.002167 92.039207 179.999985 179.999985 118.427444 179.999985 -180.000000 0.000000 -0.000000 0.000000 91.000000 -179.999985 -179.999985 70.964821 -179.999985 179.999985 107.382515 180.000000 180.000000 0.000000 -0.000000 0.000000 90.984818 179.826355 170.001495 70.000023 179.999985 179.999985 100.000008 180.000000 180.000000 0.000000 -0.000000 0.000000 90.939728 179.657990 160.002808 69.999977 -179.999985 -179.999985 100.000008 -179.999985 -179.999985
4.708957 90.563301 -226.732300 1.363847 -10.568616 -4.978634 1.234799 -6.236151 10.202383 176.026260 178.515656 -154.611053 1.460618 3.382429 -8.894403 0.468168 18.768484 -16.512522 177.941406 -177.106766 -161.429169 169.203217 -160.355347 174.820892 0.026154 1.267934 1.002451 0.028643 1.267966 0.982980 0.135557 5.916234 0.714156 1.345086 0.130559 -5.537860 1.390775 0.157646 -6.460704 1.012405 -1.908561 -4.755893 6.036824 11.577002 6.427575 64.139793 14.681032 -9.253705 89.454742 62.282803 85.511185 171.947464 159.603882 177.185257 28.443041 28.681416 84.182129 9.670004 -0.000269 -0.000215 6.440218 -0.000164 -0.000160 0.000000 0.000003 0.000000 78.901169 2.952648 14.713056 64.243523 -0.000034 -0.000062 44.970467 0.000013 -0.000050 0.000000 0.000003 0.000000 88.999977 -0.000004 -0.000004 96.097855 0.000051 -0.000101 64.001167 0.000077 -0.000004 0.000000 0.000003 0.000000 89.015175 -0.173636 -9.998518 103.108200 0.000108 -0.000138 68.670044 0.000114 0.000036 0.000000 0.000003 0.000000 89.060257 -0.342009 -19.997204 110.000015 -0.000004 -0.000006 80.000000 -0.000000 -0.000009 171.082062 -178.173264 -178.423447 121.799324 156.520050 179.372406 97.218826 -118.974434 -101.968040 16.715481 -20.755171 -4.141453 156.048264 -145.444977 -108.969307 170.196960 179.999924 180.000000 173.471176 179.999954 179.999985 0.000000 -0.000000 0.000000 90.965919 -179.741196 -165.002182 91.961433 179.999985 -180.000000 118.373001 179.999985 179.999985 0.000000 -0.000000 0.000000 91.000000 -179.999985 -179.999985 70.878059 179.999985 -179.999985 107.324821 179.999985 180.000000 0.000000 -0.000000 0.000000 90.984779 179.826370 170.001495 69.999977 179.999985 179.999985 100.000008 -179.999985 179.999985 0.000000 -0.000000 0.000000 90.939713 179.657990 160.002792 70.000008 179.999985 -180.000000 100.000023 180.000000 180.000000
4.484877 90.663231 -225.277451 1.114545 -10.763451 -4.842336 0.978598 -7.250255 10.579757 175.845123 178.446960 -154.098007 2.011549 4.575040 -6.426657 0.386807 19.779921 -15.832782 177.681290 -175.615128 -164.231537 168.913208 -159.915131 174.580093 0.089519 1.296610 0.909368 0.135267 1.295976 0.891710 0.266203 6.050361 0.639155 1.362783 0.131975 -5.526570 1.409084 0.159360 -6.447520 1.018197 -1.848591 -4.745552 5.983706 11.726586 6.527707 64.132782 14.698471 -9.280915 90.005043 62.238201 86.015091 172.042145 159.573730 177.342041 28.230337 27.984314 83.795860 10.119285 -0.000813 -0.000187 6.739450 -0.000512 -0.000196 0.000000 -0.000000 0.000000 78.794022 2.980781 14.707465 64.153061 0.000014 -0.000048 44.907131 0.000031 -0.000021 0.000000 -0.000000 0.000000 89.000000 0.000005 -0.000000 95.964478 0.000074 -0.000030 63.912334 0.000043 0.000035 0.000000 -0.000000 0.000000 89.015182 -0.173639 -9.998503 102.917648 0.000148 -0.000022 68.543167 0.000054 0.000066 0.000000 -0.000000 0.000000 89.060265 -0.342004 -19.997204 110.000023 -0.000001 0.000005 79.999985 0.000005 -0.000005 171.162674 -178.401428 -178.381882 121.631340 156.584702 179.511459 97.232979 -118.992607 -101.921753 16.922222 -20.606173 -4.130917 155.937622 -145.198532 -108.890312 170.327576 179.999725 -179.999832 173.558167 179.999802 -179.999908 0.000000 -0.000000 0.000000 90.965912 -179.741196 -165.002182 91.844437 179.999985 -179.999893 118.291115 179.999939 -179.999969 0.000000 -0.000000 0.000000 90.999992 180.000000 179.999985 70.750336 179.999985 -179.999878 107.239731 179.999939 -179.999985 0.000000 -0.000000 0.000000 90.984779 179.826370 170.001495 70.000008 180.000000 -179.999985 100.000000 180.000000 180.000000 0.000000 -0.000000 0.000000 90.939728 179.657990 160.002808 69.999985 -179.999985 -179.999985 100.000000 179.999985 179.999985
4.254589 90.741623 -223.799896 0.836527 -10.947711 -4.719104 0.720985 -8.048927 10.882110 175.715652 178.583649 -153.494370 2.536917 5.787057 -4.090259 0.337818 20.975847 -15.163031 177.556000 -174.132690 -166.552185 168.704117 -159.450943 174.301987 0.157973 1.327913 0.832024 0.250208 1.326676 0.815861 0.408300 6.196994 0.573848 1.368994 0.132207 -5.513655 1.415516 0.159652 -6.432462 1.020022 -1.826946 -4.734170 5.952121 11.752115 6.545398 64.123444 14.601059 -9.371659 90.372604 62.052864 86.352005 172.118469 159.544434 177.504135 28.102089 27.477936 83.535675 10.441822 -0.003197 0.000342 6.954252 -0.002141 -0.000045 180.000000 180.000000 -180.000000 78.718773 3.000662 14.703458 64.089424 0.000129 0.000032 44.862610 0.000053 0.000077 180.000000 180.000000 -180.000000 89.000000 -0.000001 0.000008 95.879128 0.000098 0.000109 63.855499 -0.000031 0.000085 180.000000 180.000000 -180.000000 89.015175 -0.173638 -9.998510 102.799683 0.000183 0.000212 68.464577 -0.000091 0.000170 180.000000 180.000000 -180.000000 89.060257 -0.342003 -19.997183 110.000000 0.000005 0.000001 80.000015 -0.000001 0.000004 171.235535 -178.524628 -178.364441 121.440369 156.681625 179.582596 97.276741 -119.063637 -101.913925 17.129934 -20.454525 -4.145888 155.832138 -145.070709 -108.833878 170.389999 179.998413 -179.998413 173.599747 179.998825 -179.999069 0.000000 0.000003 0.000000 90.965919 -179.741180 -165.002197 91.763718 -179.999939 -179.999466 118.234619 179.999680 -179.999786 0.000000 0.000003 0.000000 91.000000 179.999985 -179.999985 70.658386 179.999878 -179.999390 107.178474 179.999588 -179.999969 0.000000 0.000003 0.000000 90.984810 179.826370 170.001511 69.999992 -179.999985 -179.999985 99.999985 179.999985 -179.999985 0.000000 0.000003 0.000000 90.939743 179.657990 160.002808 70.000023 180.000000 180.000000 100.000000 179.999985 -179.999985
4.024532 90.794991 -222.300034 0.542010 -11.126017 -4.629769 0.353962 -9.048862 11.065913 175.547684 178.639145 -152.520187 3.232868 7.212787 -1.439072 0.381611 22.268724 -14.348315 177.425781 -172.649536 -168.654007 168.506607 -159.167084 174.051483 0.227893 1.337627 0.765382 0.367712 1.335897 0.750524 0.552889 6.242788 0.515949 1.381038 0.132941 -5.499756 1.427974 0.160560 -6.416264 1.020449 -1.740798 -4.721709 5.947176 11.832168 6.548061 64.111168 14.330997 -9.696089 90.663269 61.551792 86.662338 172.185959 159.513168 177.681244 27.865290 26.537439 82.841591 11.097582 -0.002832 0.000663 7.390984 -0.001932 0.000187 0.000000 -0.000000 0.000000 78.663147 3.015616 14.700370 64.042343 0.000377 0.000240 44.829647 0.000067 0.000304 0.000000 -0.000000 0.000000 89.000000 0.000002 0.000002 95.822052 0.000114 0.000320 63.817471 -0.000152 0.000167 0.000000 -0.000000 0.000000 89.015190 -0.173634 -9.998506 102.678284 0.000129 0.000483 68.383736 -0.000270 0.000209 0.000000 -0.000000 0.000000 89.060280 -0.342007 -19.997206 109.999992 -0.000005 -0.000001 80.000000 0.000004 0.000003 171.315369 -178.702286 -178.366959 121.203568 156.882523 179.648376 97.357170 -119.130478 -101.942413 17.335485 -20.292660 -4.177888 155.476547 -144.488495 -108.366501 170.768951 179.998215 -179.997971 173.852127 179.998688 -179.998779 0.000000 -0.000000 0.000000 90.965912 -179.741196 -165.002167 91.532204 -179.999908 -179.999222 118.072525 179.999557 -179.999710 0.000000 -0.000000 0.000000 91.000000 179.999985 -179.999985 70.400116 179.999725 -179.999115 107.006477 179.999390 179.999985 0.000000 -0.000000 0.000000 90.984772 179.826355 170.001480 69.999992 -179.999985 -179.999985 100.000023 -179.999985 179.999985 0.000000 -0.000000 0.000000 90.939743 179.657990 160.002792 69.999985 179.999985 -179.999985 100.000023 -179.999985 -180.000000
3.836162 90.751488 -220.786072 0.370785 -11.188199 -4.660715 179.835403 -170.141357 -169.059708 175.377014 178.804810 -150.917084 4.244024 8.530457 1.223449 0.521000 22.895096 -13.567826 177.317154 -172.047455 -169.742035 168.341949 -159.261414 173.829269 0.267346 1.316676 0.726640 0.434171 1.314766 0.712552 0.634221 6.144951 0.483413 1.392324 0.133839 -5.489962 1.439656 0.161632 -6.404817 1.023587 -1.698704 -4.712857 5.987362 11.885782 6.625138 64.151947 13.937657 -10.066395 90.563370 60.925041 86.721840 172.221634 159.459854 177.788864 27.618103 26.219822 82.322731 11.383222 0.000002 -0.000002 7.581227 0.000004 -0.000003 0.000000 -0.000000 0.000000 78.580254 3.036842 14.696284 63.972454 0.000005 -0.000001 44.780693 -0.000001 0.000003 0.000000 -0.000000 0.000000 88.999985 -0.000000 -0.000005 95.772118 -0.000005 -0.000000 63.784241 -0.000003 0.000002 0.000000 -0.000000 0.000000 89.015182 -0.173640 -9.998502 102.604111 -0.000002 -0.000003 68.334328 -0.000000 0.000000 0.000000 -0.000000 0.000000 89.060280 -0.342010 -19.997204 110.000000 -0.000003 0.000002 80.000000 0.000005 0.000004 171.379440 -178.807968 -178.342361 120.934097 157.257904 179.741501 97.421669 -119.128769 -101.917290 17.544619 -20.138063 -4.214141 155.240341 -144.189758 -107.991447 170.996368 179.999985 180.000000 174.003571 -179.999985 179.999985 180.000000 180.000000 -180.000000 90.965950 -179.741196 -165.002182 91.425407 179.999985 179.999985 117.997787 179.999985 -179.999985 180.000000 180.000000 -180.000000 91.000015 -179.999985 -179.999985 70.273956 180.000000 180.000000 106.922447 179.999985 -179.999985 180.000000 180.000000 -180.000000 90.984818 179.826355 170.001495 70.000008 -179.999985 -179.999985 100.000023 179.999985 -180.000000 180.000000 180.000000 -180.000000 90.939751 179.657990 160.002808 69.999985 -179.999985 -179.999985 100.000008 -179.999985 180.000000
3.641278 90.721687 -219.272736 0.179525 -11.269260 -4.676211 179.331131 -169.296265 -169.136337 175.171722 178.929199 -149.391495 5.186271 9.846601 3.945867 0.674877 23.635742 -12.764609 177.206192 -171.319321 -170.960480 168.171616 -159.325043 173.619171 0.311748 1.299436 0.685308 0.508893 1.297281 0.672080 0.725741 6.064978 0.448318 1.403686 0.134689 -5.480169 1.451411 0.162662 -6.393390 1.026229 -1.647055 -4.704054 6.020844 11.938129 6.685916 64.189247 13.555267 -10.435660 90.505379 60.301109 86.813713 172.260086 159.410065 177.908493 27.378036 25.869551 81.802017 11.686448 -0.000407 0.000123 7.783167 -0.000280 0.000046 0.000000 -0.000000 0.000000 78.496704 3.058841 14.691792 63.901855 0.000070 0.000068 44.731312 -0.000001 0.000066 0.000000 -0.000000 0.000000 89.000008 0.000002 -0.000007 95.717941 0.000003 0.000044 63.748142 -0.000033 0.000028 0.000000 -0.000000 0.000000 89.015213 -0.173639 -9.998510 102.523346 0.000004 0.000071 68.280525 -0.000043 0.000021 0.000000 -0.000000 0.000000 89.060318 -0.342003 -19.997189 109.999992 0.000009 0.000006 80.000000 -0.000004 0.000002 171.444077 -178.923157 -178.323959 120.667747 157.611237 179.827271 97.492363 -119.143211 -101.905800 17.757915 -19.981033 -4.250583 155.010895 -143.887802 -107.625900 171.224319 179.999664 -179.999527 174.155396 179.999741 -179.999725 0.000000 -0.000000 0.000000 90.965958 -179.741196 -165.002167 91.321259 -179.999985 -179.999817 117.924911 179.999893 -179.999908 0.000000 -0.000000 0.000000 91.000015 -179.999985 -179.999985 70.139572 179.999954 -179.999847 106.840294 179.999847 179.999985 0.000000 -0.000000 0.000000 90.984818 179.826370 170.001495 69.999992 -179.999985 -180.000000 100.000000 179.999985 180.000000 0.000000 -0.000000 0.000000 90.939728 179.657990 160.002792 69.999985 -179.999985 -180.000000 100.000008 -180.000000 179.999985
3.462993 90.653290 -217.755798 0.044542 -11.296604 -4.738019 178.783646 -168.606537 -169.333374 174.939621 179.152847 -147.619461 6.240833 11.089047 6.696463 0.846202 24.059057 -11.991343 177.097946 -170.949020 -171.781082 167.936829 -159.514313 173.295807 0.342828 1.279283 0.653655 0.561251 1.276974 0.641075 0.789779 5.971268 0.422287 1.407128 0.134956 -5.474229 1.454974 0.162971 -6.386436 1.030887 -1.686408 -4.698831 6.068326 11.931492 6.780200 64.248260 13.134899 -10.818257 90.300743 59.656464 86.816887 172.288895 159.349976 177.995209 27.123962 25.630661 81.266243 11.934107 -0.000711 0.000250 7.948118 -0.000491 0.000093 0.000000 -0.000000 0.000000 78.409988 3.081722 14.687117 63.828583 0.000160 0.000188 44.679989 -0.000009 0.000174 0.000000 -0.000000 0.000000 88.999969 0.000001 0.000001 95.675156 -0.000005 0.000055 63.719654 -0.000034 0.000015 0.000000 -0.000000 0.000000 89.015175 -0.173639 -9.998497 102.459053 -0.000006 0.000053 68.237701 -0.000042 0.000013 0.000000 -0.000000 0.000000 89.060257 -0.341997 -19.997213 110.000023 -0.000005 -0.000001 80.000000 0.000004 -0.000006 171.501617 -178.952118 -178.284454 120.391785 158.031036 179.939316 97.560890 -119.112465 -101.870880 17.955025 -19.832483 -4.280552 154.715881 -143.606613 -107.192604 171.451752 179.999146 -179.998672 174.306870 179.999359 -179.999176 0.000000 -0.000000 0.000000 90.965958 -179.741180 -165.002167 91.196129 -179.999969 -179.999496 117.837296 179.999695 -179.999832 0.000000 -0.000000 0.000000 91.000000 -179.999985 179.999985 69.999992 179.999985 179.999985 106.742691 179.999603 179.999954 0.000000 -0.000000 0.000000 90.984848 179.826355 170.001495 69.999962 -179.999985 180.000000 100.000038 -179.999985 -179.999985 0.000000 -0.000000 0.000000 90.939728 179.658005 160.002792 70.000000 -180.000000 179.999985 100.000008 180.000000 180.000000
3.303979 90.543388 -216.240387 179.977081 -168.741348 175.141983 178.186203 -167.936340 -169.635452 174.667068 179.332748 -145.614120 7.392363 12.184937 9.430753 1.010805 24.052935 -11.277145 177.030426 -171.049835 -172.184937 167.726883 -159.729919 173.134583 0.355401 1.224582 0.630448 0.582903 1.222227 0.618337 0.813490 5.716155 0.405561 1.428450 0.136789 -5.463743 1.477034 0.165177 -6.374179 1.037798 -1.614591 -4.688971 6.153837 12.070374 6.962765 64.330093 12.707766 -11.159547 89.956795 59.047054 86.769936 172.287506 159.291580 177.997879 26.883411 25.490278 80.760147 12.122857 -0.000791 0.000301 8.073823 -0.000545 0.000126 0.000000 -0.000000 0.000000 78.337837 3.100843 14.683220 63.767563 0.000251 0.000341 44.637280 -0.000039 0.000302 0.000000 -0.000000 0.000000 89.000008 0.000005 -0.000000 95.647873 0.000003 -0.000063 63.701458 0.000027 -0.000015 0.000000 -0.000000 0.000000 89.015190 -0.173642 -9.998501 102.424965 0.000032 -0.000118 68.215034 0.000072 -0.000009 0.000000 -0.000000 0.000000 89.060295 -0.342008 -19.997183 110.000023 0.000007 0.000004 80.000000 -0.000003 0.000002 171.568024 -179.086884 -178.233322 120.099533 158.519989 -179.927399 97.609360 -119.035019 -101.794334 18.142408 -19.691307 -4.290769 154.398712 -143.324402 -106.707779 171.693481 179.998734 -179.997711 174.467865 179.999008 -179.998550 0.000000 -0.000000 0.000003 90.965958 -179.741196 -165.002182 91.085442 -179.999985 -179.999069 117.759781 179.999435 -179.999680 0.000000 -0.000000 0.000003 91.000038 179.999985 179.999985 69.999992 179.999985 180.000000 106.657425 179.999283 179.999863 0.000000 -0.000000 0.000003 90.984802 179.826370 170.001480 70.000031 179.999985 -179.999985 100.000000 -179.999985 179.999985 0.000000 -0.000000 0.000003 90.939751 179.657990 160.002808 70.000000 -180.000000 -179.999985 100.000038 -179.999985 -179.999985
3.175070 90.386703 -214.722992 179.987915 -168.858185 174.967651 177.486832 -167.130432 -170.061523 174.338058 179.333984 -143.305679 8.642567 13.147082 12.293163 1.117253 23.642244 -10.656914 177.042343 -171.607590 -172.142990 167.958908 -160.114395 172.947021 0.346807 1.139033 0.608241 0.569519 1.136785 0.596554 0.790672 5.316977 0.393266 1.462588 0.139512 -5.443545 1.512357 0.168458 -6.350606 1.048150 -1.485144 -4.670491 6.279804 12.330361 7.258155 64.405075 12.201900 -11.634800 89.587929 58.322704 86.698921 172.288803 159.207092 177.985168 26.698828 25.467789 80.390610 12.217964 -0.001237 0.000520 8.137170 -0.000868 0.000224 0.000000 -0.000000 0.000000 78.274750 3.117568 14.679794 63.714272 0.000338 0.000504 44.599976 -0.000085 0.000415 0.000000 -0.000000 0.000000 89.000008 0.000004 -0.000001 95.645279 0.000041 -0.000203 63.699764 0.000138 -0.000035 0.000000 -0.000000 0.000000 89.015182 -0.173640 -9.998503 102.423988 0.000107 -0.000406 68.214340 0.000271 -0.000010 0.000000 -0.000000 0.000000 89.060234 -0.342008 -19.997200 110.000046 0.000004 0.000006 80.000015 -0.000005 0.000009 171.657654 -179.288239 -178.143906 119.767883 159.111588 -179.771469 97.639832 -118.901993 -101.661804 18.323551 -19.558735 -4.284599 154.105484 -143.112854 -106.250862 171.894852 179.998306 -179.996323 174.601974 179.998672 -179.997665 0.000000 -0.000000 0.000000 90.965881 -179.741196 -165.002182 91.004379 -179.999969 -179.998291 117.703094 179.998947 -179.999435 0.000000 -0.000000 0.000000 90.999992 179.999985 179.999985 70.000008 -179.999985 -179.999985 106.588707 179.998734 179.999741 0.000000 -0.000000 0.000000 90.984772 179.826355 170.001495 70.000015 180.000000 -179.999985 100.000038 -179.999985 179.999985 0.000000 -0.000000 0.000000 90.939705 179.657990 160.002823 70.000015 -180.000000 179.999985 100.000008 179.999985 -179.999985
3.122426 90.091370 -213.207214 0.148429 -10.918061 -5.251517 176.769852 -166.721878 -170.690567 174.096130 179.460815 -140.867126 9.844090 13.341216 14.570846 0.840547 22.478266 -10.502534 177.391357 -172.630981 -171.211655 168.540421 -160.484222 172.725998 0.305406 1.044340 0.598224 0.501083 1.042252 0.586546 0.698627 4.875424 0.392182 1.490252 0.141122 -5.405572 1.541035 0.170362 -6.306280 1.056370 -1.387408 -4.636932 6.428622 12.570917 7.611283 64.436928 11.647395 -11.913060 89.154251 57.856079 86.433350 172.316299 159.077621 178.024323 26.583405 25.390772 80.131546 12.317097 0.000002 0.000000 8.203192 0.000004 -0.000001 0.000003 -0.000000 0.000000 78.226128 3.129526 14.677237 63.673351 0.000003 0.000002 44.571350 -0.000002 -0.000004 0.000003 -0.000000 0.000000 89.000000 -0.000001 0.000004 95.659607 0.000004 0.000010 63.709301 -0.000000 0.000004 0.000003 -0.000000 0.000000 89.015175 -0.173638 -9.998502 102.451912 0.000009 0.000006 68.232948 -0.000000 0.000000 0.000003 -0.000000 0.000000 89.060280 -0.342003 -19.997202 110.000000 -0.000001 0.000005 80.000008 -0.000000 0.000009 171.735809 -179.385544 -178.009628 119.467003 159.792740 -179.578979 97.444145 -118.681137 -101.236671 18.443666 -19.415689 -4.304769 153.879929 -142.861908 -105.952126 172.081772 179.999985 179.999985 174.726456 -179.999985 179.999985 0.000000 -0.000000 0.000003 90.965950 -179.741211 -165.002182 90.904610 -179.999985 179.999985 117.633232 180.000000 180.000000 0.000000 -0.000000 0.000003 91.000000 179.999985 179.999985 70.000008 -179.999985 -179.999985 106.514412 -179.999985 180.000000 0.000000 -0.000000 0.000003 90.984795 179.826355 170.001495 69.999992 179.999985 179.999985 100.000038 179.999985 -180.000000 0.000000 -0.000000 0.000003 90.939713 179.657990 160.002808 70.000023 179.999985 179.999985 99.999985 179.999985 -179.999985
3.060905 89.812515 -211.692230 0.293108 -10.701524 -5.464162 176.062775 -166.270111 -171.271194 173.821854 179.539764 -138.485626 10.998729 13.606906 16.904875 0.594845 21.354683 -10.317005 177.707932 -173.637527 -170.351303 169.075516 -160.914856 172.449310 0.266445 0.950317 0.585450 0.437022 0.948499 0.573982 0.610649 4.436521 0.389551 1.519090 0.142789 -5.368199 1.570890 0.172383 -6.262702 1.065539 -1.287715 -4.604146 6.577733 12.818882 7.976700 64.481033 11.133588 -12.198256 88.717651 57.390369 86.191780 172.337723 158.953323 178.050430 26.486790 25.377485 79.926178 12.370441 -0.000839 0.000338 8.238710 -0.000587 0.000139 180.000000 -180.000000 179.999985 78.184395 3.140673 14.674930 63.638035 0.000095 0.000151 44.546650 -0.000021 0.000124 180.000000 -180.000000 179.999985 88.999985 0.000002 0.000002 95.677040 -0.000000 0.000000 63.720898 0.000005 -0.000001 180.000000 -180.000000 179.999985 89.015205 -0.173633 -9.998518 102.488029 0.000000 0.000022 68.257042 -0.000005 0.000001 180.000000 -180.000000 179.999985 89.060295 -0.342002 -19.997190 110.000000 0.000002 0.000003 80.000000 -0.000002 0.000007 171.818802 -179.500275 -177.871246 119.162170 160.455902 -179.397354 97.293419 -118.478142 -100.859535 18.570023 -19.278929 -4.316283 153.685532 -142.689529 -105.703629 172.217117 179.999207 -179.998276 174.816605 179.999359 -179.998901 0.000003 0.000000 -0.000003 90.965950 -179.741180 -165.002182 90.828064 -179.999985 -179.999344 117.579659 179.999603 -179.999786 0.000003 0.000000 -0.000003 91.000000 -179.999985 -179.999985 70.000015 180.000000 179.999985 106.458305 179.999512 179.999908 0.000003 0.000000 -0.000003 90.984810 179.826370 170.001480 70.000008 -179.999985 179.999985 100.000008 180.000000 180.000000 0.000003 0.000000 -0.000003 90.939728 179.657990 160.002792 70.000008 -179.999985 -179.999985 100.000008 -180.000000 179.999985
3.028643 89.477684 -210.176056 0.498143 -10.438756 -5.697023 175.286514 -165.980453 -172.002045 173.557785 179.695221 -135.831528 12.259672 13.529536 19.228128 0.185065 20.033295 -10.273166 178.157043 -174.791687 -169.138824 169.684418 -161.154556 172.248169 0.214538 0.849541 0.575440 0.351388 0.848063 0.564139 0.494651 3.966048 0.389620 1.546574 0.144029 -5.320207 1.599357 0.173889 -6.206719 1.073615 -1.189504 -4.562255 6.736071 13.067883 8.371337 64.496574 10.513524 -12.478983 88.286331 56.937458 85.905212 172.379593 158.805145 178.121872 26.292585 24.885571 79.334320 12.764102 -0.000339 0.000172 8.500889 -0.000240 0.000078 0.000003 -0.000000 0.000003 78.110619 3.160325 14.670838 63.575661 0.000260 0.000390 44.502972 -0.000069 0.000322 0.000003 -0.000000 0.000003 89.000000 -0.000007 0.000007 95.681671 -0.000006 0.000024 63.724010 -0.000018 0.000009 0.000003 -0.000000 0.000003 89.015205 -0.173643 -9.998505 102.473175 0.000044 -0.000092 68.247162 0.000073 -0.000016 0.000003 -0.000000 0.000003 89.060280 -0.342012 -19.997194 110.000015 0.000007 0.000004 80.000000 -0.000000 0.000004 171.896576 -179.566971 -177.718781 118.854416 161.214859 -179.163925 97.014793 -118.212570 -100.309296 18.662868 -19.117914 -4.345866 153.170166 -141.938431 -105.004524 172.748947 179.999619 -179.998947 175.170792 179.999710 -179.999329 0.000000 -0.000007 0.000000 90.965935 -179.741196 -165.002182 90.563698 -179.999985 -179.999573 117.394569 179.999725 -179.999847 0.000000 -0.000007 0.000000 91.000000 180.000000 180.000000 70.000008 -179.999985 -179.999985 106.255096 179.999680 179.999954 0.000000 -0.000007 0.000000 90.984779 179.826355 170.001511 70.000008 -179.999985 -179.999985 99.999985 -179.999985 179.999985 0.000000 -0.000007 0.000000 90.939713 179.657990 160.002808 70.000015 -179.999985 179.999985 100.000038 180.000000 180.000000
3.021427 88.919067 -208.672546 0.726243 -10.172220 -5.923776 174.511841 -165.695358 -172.837158 173.292358 179.733032 -133.120743 13.429269 13.095119 21.359856 179.716690 161.537247 169.704330 178.735352 -176.186157 -167.794449 170.481522 -161.118973 172.651352 0.159067 0.755210 0.566732 0.259730 0.754120 0.555643 0.371339 3.525800 0.390151 1.566735 0.144517 -5.270009 1.620260 0.174485 -6.148163 1.079344 -1.120323 -4.518667 6.883791 13.255109 8.759726 64.486534 9.836022 -12.740168 87.917969 56.496891 85.637619 172.435272 158.653961 178.232941 26.207108 24.825872 79.146629 12.836617 -0.000517 0.000291 8.549182 -0.000372 0.000142 0.000000 -0.000000 0.000000 78.056000 3.175538 14.667710 63.529305 0.000669 0.001009 44.470512 -0.000166 0.000840 0.000000 -0.000000 0.000000 89.000015 0.000007 -0.000012 95.694168 -0.000072 0.000328 63.732311 -0.000217 0.000058 0.000000 -0.000000 0.000000 89.015228 -0.173641 -9.998511 102.502983 -0.000030 0.000072 68.266953 -0.000048 0.000004 0.000000 -0.000000 0.000000 89.060295 -0.342002 -19.997190 110.000000 0.000005 0.000001 79.999985 -0.000002 -0.000002 171.971054 -179.610931 -177.553589 118.562714 162.030563 -178.891739 96.593117 -117.951530 -99.598557 18.741766 -18.937923 -4.390489 153.053955 -141.766708 -104.843910 172.872269 179.999344 -179.998184 175.252930 179.999466 -179.998825 0.000000 0.000007 0.000000 90.965919 -179.741196 -165.002182 90.498337 -179.999969 -179.999512 117.348839 179.999725 -179.999832 0.000000 0.000007 0.000000 90.999992 179.999985 179.999985 69.999985 -179.999985 -179.999985 106.207550 179.999664 179.999954 0.000000 0.000007 0.000000 90.984802 179.826355 170.001480 70.000015 -180.000000 179.999985 100.000038 180.000000 -179.999985 0.000000 0.000007 0.000000 90.939705 179.657990 160.002808 69.999992 -179.999985 -179.999985 100.000023 179.999985 -179.999985
3.058526 88.674713 -207.111542 0.947871 -9.958100 -6.159410 173.773392 -165.549377 -173.764206 173.030853 179.738556 -130.398331 14.481505 12.423710 23.508991 179.210938 162.648941 169.701981 179.373779 -177.151459 -166.383133 171.555710 -161.118790 173.391998 0.109232 0.670164 0.574721 0.177091 0.669420 0.563650 0.261136 3.129531 0.401795 1.576336 0.144321 -5.232317 1.630215 0.174269 -6.104185 1.076717 -1.027073 -4.485816 7.016018 13.448167 9.018368 64.428596 8.915346 -13.190826 87.766281 55.849056 85.495216 172.515182 158.488007 178.430557 26.118608 24.845301 78.982704 12.861584 -0.001411 0.000855 8.565818 -0.001005 0.000416 0.000003 -0.000000 0.000000 77.998581 3.192664 14.664315 63.480461 0.001577 0.002462 44.436314 -0.000412 0.002001 0.000003 -0.000000 0.000000 89.000015 0.000004 -0.000006 95.706703 -0.000318 0.001328 63.740631 -0.000889 0.000207 0.000003 -0.000000 0.000000 89.015205 -0.173637 -9.998514 102.551010 -0.000475 0.001226 68.299004 -0.000879 0.000027 0.000003 -0.000000 0.000000 89.060272 -0.342007 -19.997215 109.999962 -0.000010 -0.000014 80.000000 -0.000004 0.000001 171.971832 -179.569656 -177.431625 118.324806 162.804245 -178.683365 95.975006 -117.720116 -98.675293 18.802311 -18.769079 -4.454313 152.848785 -141.387650 -104.485352 173.153870 -179.999649 179.998840 175.440491 -179.999710 179.999252 0.000000 -0.000000 0.000000 90.965912 -179.741211 -165.002182 90.430779 179.999985 179.999847 117.301575 -179.999924 179.999954 0.000000 -0.000000 0.000000 90.999992 -180.000000 -179.999985 69.999985 -180.000000 -179.999985 106.165207 -180.000000 179.999985 0.000000 -0.000000 0.000000 90.984756 179.826355 170.001511 70.000008 -179.999985 -179.999985 100.000038 -179.999985 179.999985 0.000000 -0.000000 0.000000 90.939690 179.657990 160.002823 69.999962 -179.999985 -179.999985 100.000038 -179.999985 -179.999985
3.105582 88.470306 -205.564240 1.249900 -9.737060 -6.501971 173.156845 -165.618591 -174.794434 172.947998 179.504150 -127.813095 14.772394 11.814133 24.130602 178.706924 163.456161 170.026505 179.720367 -176.972717 -165.095078 172.660461 -161.755005 173.613602 0.044030 0.598391 0.692088 0.068401 0.597984 0.678580 0.120497 2.791956 0.488795 1.553431 0.143310 -5.269702 1.606439 0.173086 -6.147841 1.057948 -0.961765 -4.518223 7.116402 13.298135 8.401732 64.320244 7.396184 -12.943911 87.539566 55.429577 85.189148 172.601562 158.345474 178.593567 25.841192 24.860992 78.567802 12.935413 0.000004 -0.000001 8.614987 0.000004 -0.000004 0.000000 -0.000003 -0.000003 77.839066 3.230669 14.655757 63.346519 0.000002 -0.000003 44.342556 -0.000000 0.000000 0.000000 -0.000003 -0.000003 89.000000 -0.000001 0.000004 95.643860 0.000000 -0.000005 63.698788 -0.000004 -0.000003 0.000000 -0.000003 -0.000003 89.015182 -0.173641 -9.998507 102.490913 0.000007 0.000003 68.258934 0.000005 -0.000005 0.000000 -0.000003 -0.000003 89.060295 -0.342008 -19.997198 109.999992 -0.000000 0.000000 80.000000 0.000002 0.000006 171.813629 -179.227356 -177.716156 118.334007 163.420425 -178.379410 95.191628 -117.435226 -97.656471 18.927008 -18.528603 -4.646385 152.802551 -141.546921 -104.352142 173.101089 180.000000 -179.999985 175.405319 180.000000 -180.000000 0.000000 -0.000000 0.000000 90.965935 -179.741196 -165.002182 90.436424 -179.999985 180.000000 117.305519 179.999985 180.000000 0.000000 -0.000000 0.000000 91.000015 -179.999985 -179.999985 70.000015 -179.999985 -179.999985 106.164742 -179.999985 179.999985 0.000000 -0.000000 0.000000 90.984802 179.826370 170.001495 70.000015 -179.999985 -179.999985 100.000000 180.000000 180.000000 0.000000 -0.000000 0.000000 90.939705 179.657990 160.002808 69.999985 179.999985 180.000000 100.000023 179.999985 -179.999985
3.161896 88.257805 -203.997208 1.533563 -9.514314 -6.831837 172.517288 -165.674042 -175.812790 172.848785 179.312027 -125.202789 15.180425 11.166065 24.984344 178.150620 164.232361 170.363968 0.149681 -3.118281 16.153217 173.691025 -162.296707 173.910492 179.983398 179.476105 -179.203995 179.967438 179.475983 -179.219452 179.988861 177.556656 -179.433289 1.532684 0.142167 -5.297976 1.584926 0.171728 -6.180841 1.039856 -0.890153 -4.542866 7.221019 13.189200 7.879116 64.196915 5.941476 -12.755088 87.325203 54.989487 84.921448 172.683975 158.200043 178.765701 25.593069 24.881617 78.182877 13.000105 -0.000423 0.000273 8.658074 -0.000303 0.000139 0.000000 -0.000000 0.000000 77.691628 3.270029 14.647328 63.221844 0.000361 0.000587 44.255287 -0.000104 0.000474 0.000000 -0.000000 0.000000 89.000000 -0.000000 0.000000 95.590248 -0.000111 0.000391 63.663113 -0.000266 0.000044 0.000000 -0.000000 0.000000 89.015205 -0.173641 -9.998512 102.441437 -0.000175 0.000382 68.226021 -0.000275 -0.000005 0.000000 -0.000000 0.000000 89.060295 -0.342008 -19.997198 110.000023 -0.000004 -0.000006 79.999985 -0.000003 -0.000003 171.662399 -178.916229 -177.954727 118.320679 164.038681 -178.083450 94.395927 -117.159698 -96.608093 19.045027 -18.299791 -4.825456 152.762161 -141.647934 -104.216881 173.083221 -179.999817 179.999313 175.393417 -179.999847 179.999557 0.000000 -0.000000 0.000000 90.965942 -179.741180 -165.002182 90.437531 179.999985 179.999893 117.306259 -179.999939 179.999954 0.000000 -0.000000 0.000000 91.000015 180.000000 179.999985 70.000023 180.000000 179.999985 106.161011 -179.999954 -179.999985 0.000000 -0.000000 0.000000 90.984818 179.826370 170.001480 70.000008 180.000000 180.000000 100.000038 179.999985 -179.999985 0.000000 -0.000000 0.000000 90.939751 179.658005 160.002792 69.999969 180.000000 180.000000 100.000008 179.999985 180.000000
3.205302 88.065147 -202.477646 1.871097 -9.324259 -7.213918 171.896408 -165.837189 -176.895950 172.876205 178.945435 -122.582603 15.278428 10.615693 25.190443 177.705795 165.088562 170.759064 0.268797 -3.514536 17.466217 174.874146 -163.246445 174.191452 179.911499 179.538483 -179.049118 179.847336 179.537506 -179.067413 179.834335 177.848969 -179.318741 1.501563 0.140963 -5.360130 1.552675 0.170268 -6.253370 1.016228 -0.818114 -4.596971 7.310871 12.931472 6.988072 64.016792 4.215194 -12.313793 87.102997 54.609058 84.604218 172.775101 158.068558 178.919250 25.269039 24.885979 77.668686 13.097274 -0.001392 0.001012 8.722798 -0.001012 0.000521 0.000000 -0.000000 0.000000 77.518417 3.317165 14.637329 63.075180 0.001117 0.001948 44.152641 -0.000388 0.001520 0.000000 -0.000000 0.000000 88.999985 0.000006 -0.000009 95.514626 -0.000486 0.001447 63.612736 -0.001005 0.000140 0.000000 -0.000000 0.000000 89.015190 -0.173639 -9.998502 102.370819 -0.000801 0.001538 68.178963 -0.001145 -0.000111 0.000000 -0.000000 0.000000 89.060295 -0.341996 -19.997204 109.999985 -0.000007 -0.000004 80.000000 0.000006 -0.000004 171.483734 -178.490768 -178.378571 118.380630 164.612534 -177.717758 93.524315 -116.867859 -95.494957 19.202957 -18.035179 -5.051239 152.715591 -142.006699 -104.122307 172.915573 -179.999451 179.998001 175.281769 -179.999512 179.998688 0.000000 -0.000000 0.000000 90.965919 -179.741196 -165.002182 90.466850 179.999985 179.999878 117.326805 -179.999924 179.999954 0.000000 -0.000000 0.000000 91.000000 179.999985 179.999985 70.000015 179.999985 180.000000 106.176834 -179.999939 -179.999985 0.000000 -0.000000 0.000000 90.984779 179.826355 170.001480 70.000000 179.999985 179.999985 100.000008 180.000000 180.000000 0.000000 -0.000000 0.000000 90.939705 179.657990 160.002808 69.999992 179.999985 -179.999985 100.000008 -179.999985 179.999985
3.194804 87.902611 -201.017471 2.287179 -9.151568 -7.644463 171.360519 -166.002625 -177.845856 173.030396 178.375610 -120.288521 14.889817 10.340047 24.617933 177.521057 166.071991 171.125351 179.947739 -175.918945 -161.158676 176.076187 -164.656006 174.528320 179.813110 179.587921 -178.839157 179.682922 179.585373 -178.861359 179.623367 178.081894 -179.165161 1.477685 0.142563 -5.494815 1.527886 0.172189 -6.410479 1.002223 -0.775671 -4.712873 7.448613 12.579128 5.808112 63.746120 2.427189 -11.632075 86.876991 54.391499 84.246193 172.872833 157.969498 179.017944 25.010578 24.938128 77.294823 13.139283 -0.006158 0.004786 8.750761 -0.004554 0.002511 0.000000 -0.000000 0.000000 77.352074 3.366040 14.627671 62.933651 0.003134 0.005818 44.053528 -0.001246 0.004455 0.000000 -0.000000 0.000000 89.000000 -0.000007 0.000002 95.450050 -0.001994 0.005016 63.569752 -0.003578 0.000314 0.000000 -0.000000 0.000000 89.015190 -0.173636 -9.998525 102.321754 -0.003541 0.005867 68.146286 -0.004514 -0.000687 0.000000 -0.000000 0.000000 89.060287 -0.342010 -19.997196 109.999992 -0.000001 0.000005 80.000000 0.000006 0.000010 171.333099 -178.001495 -178.988205 118.509521 165.030640 -177.399475 92.709373 -116.665085 -94.463882 19.386885 -17.766077 -5.282381 152.743027 -142.703690 -104.265808 172.507782 -179.999771 179.999496 175.010193 -179.999832 179.999695 0.000000 0.000000 -0.000003 90.965904 -179.741196 -165.002182 90.539452 -179.999954 -179.998947 117.377609 179.999359 -179.999619 0.000000 0.000000 -0.000003 91.000000 179.999985 -179.999985 70.000008 -179.999985 -179.999985 106.228668 179.999161 179.999847 0.000000 0.000000 -0.000003 90.984810 179.826370 170.001480 70.000015 179.999985 180.000000 100.000000 -179.999985 179.999985 0.000000 0.000000 -0.000003 90.939705 179.657990 160.002808 70.000015 180.000000 179.999985 100.000000 179.999985 -179.999985
3.145067 88.009125 -199.622238 2.780785 -8.747377 -8.033860 170.929810 -165.989929 -178.936646 173.435562 177.521500 -117.980156 13.980820 10.271826 23.001360 177.400955 166.860107 171.129547 179.079605 -174.561066 -159.095474 177.535690 -166.835953 174.058304 179.681610 179.660278 -178.622772 179.464478 179.655106 -178.649887 179.337662 178.421417 -179.012527 1.445280 0.143066 -5.627531 1.494296 0.172787 -6.565290 0.993728 -0.874358 -4.828597 7.687549 12.078694 4.388177 63.398342 0.331837 -10.961649 86.481094 54.063503 83.666710 172.951599 157.850235 179.083221 24.058826 24.085312 75.663483 13.873856 0.004999 -0.004923 9.239998 0.003810 -0.002714 0.000000 0.000003 0.000000 76.736725 3.523357 14.590961 62.414883 0.001989 0.003928 43.690418 -0.000877 0.002960 0.000000 0.000003 0.000000 88.999977 0.000002 0.000007 94.992950 -0.000887 0.001999 63.265331 -0.001457 0.000057 0.000000 0.000003 0.000000 89.015190 -0.173639 -9.998506 101.739479 -0.001380 0.002043 67.758484 -0.001604 -0.000341 0.000000 0.000003 0.000000 89.060242 -0.342004 -19.997183 110.000000 0.000001 -0.000005 80.000000 -0.000000 -0.000005 171.199936 -177.254913 -179.664856 118.707924 165.641586 -177.200592 92.199036 -116.483208 -93.721558 19.574299 -17.419855 -5.570739 152.077118 -142.932831 -103.579918 172.502121 -179.999405 179.998856 175.006409 -179.999542 179.999283 0.000000 -0.000000 0.000000 90.965919 -179.741196 -165.002167 90.345978 179.999985 179.998413 117.242195 -179.999023 179.999481 0.000000 -0.000000 0.000000 91.000000 179.999985 179.999985 69.999992 180.000000 180.000000 106.084045 -179.999023 -179.999817 0.000000 -0.000000 0.000000 90.984772 179.826370 170.001495 69.999992 180.000000 -179.999985 100.000023 -179.999985 179.999985 0.000000 -0.000000 0.000000 90.939705 179.657990 160.002808 69.999985 -179.999985 -179.999985 100.000038 -180.000000 179.999985
2.953526 87.729767 -198.543167 3.143106 -8.212399 -8.302451 170.875366 -165.787384 179.916840 174.110641 176.511581 -116.133339 12.648424 9.952689 20.002253 177.428558 168.162720 170.504059 178.006348 -173.941376 -156.414780 178.835953 -168.714233 172.725082 179.567688 179.746323 -178.450882 179.276550 179.738571 -178.482132 179.084976 178.824860 -178.896484 1.408178 0.138566 -5.603077 1.455949 0.167308 -6.536793 0.979293 -1.009375 -4.809451 7.946959 11.620840 3.476239 63.209332 -1.417050 -10.868168 85.694885 53.597233 82.601341 173.040131 157.651764 179.171158 23.726618 24.527292 75.412941 13.670687 -0.000002 0.000004 9.104683 -0.000007 0.000002 0.000000 -0.000000 0.000000 76.573212 3.560269 14.580789 62.278019 -0.000008 -0.000001 43.594608 0.000004 -0.000002 0.000000 -0.000000 0.000000 89.000008 -0.000000 0.000000 94.926903 -0.000005 -0.000000 63.221336 0.000004 0.000003 0.000000 -0.000000 0.000000 89.015205 -0.173640 -9.998511 101.666756 0.000002 0.000003 67.710052 0.000005 -0.000001 0.000000 -0.000000 0.000000 89.060310 -0.342007 -19.997192 110.000000 0.000003 -0.000002 80.000000 -0.000001 -0.000001 171.171539 -176.620804 -179.956360 118.925369 167.062134 -176.973618 92.451073 -116.197189 -93.747490 19.762331 -17.013056 -5.957814 151.937805 -143.159348 -103.278893 172.452011 179.999985 -179.999985 174.973022 -179.999985 -180.000000 0.000000 -0.000000 0.000000 90.965927 -179.741196 -165.002182 90.410698 -179.999985 179.999985 117.287460 179.999985 -179.999985 0.000000 -0.000000 0.000000 91.000000 180.000000 -179.999985 69.999992 -179.999985 179.999985 106.123924 -179.999985 179.999985 0.000000 -0.000000 0.000000 90.984810 179.826370 170.001495 70.000008 -179.999985 -179.999985 100.000008 -179.999985 179.999985 0.000000 -0.000000 0.000000 90.939728 179.657990 160.002792 70.000000 179.999985 179.999985 100.000023 179.999985 179.999985
2.773458 87.446083 -197.437149 3.529485 -7.670785 -8.594544 170.764191 -165.641739 178.785095 174.837936 175.588882 -114.190781 11.286763 9.573434 17.107986 177.440445 169.468811 169.918777 176.809692 -173.269791 -153.755753 0.070475 -9.220304 -8.502996 179.450302 179.833221 -178.268829 179.082138 179.822449 -178.303665 178.823975 179.229614 -178.770416 1.367725 0.133916 -5.589625 1.414129 0.161686 -6.521115 0.964525 -1.156184 -4.799247 8.219211 11.129947 2.470603 62.955772 -3.220767 -10.641871 84.934982 53.163460 81.590630 173.135330 157.461563 179.256226 23.373383 24.933592 75.103050 13.492461 0.001157 -0.001260 8.985987 0.000892 -0.000710 0.000007 -0.000003 0.000007 76.385162 3.609415 14.569043 62.119293 0.000111 0.000246 43.483475 -0.000056 0.000187 0.000007 -0.000003 0.000007 89.000008 -0.000000 -0.000005 94.838715 0.000058 -0.000114 63.162556 0.000090 -0.000000 0.000007 -0.000003 0.000007 89.015213 -0.173639 -9.998509 101.567497 0.000124 -0.000150 67.643929 0.000133 0.000019 0.000007 -0.000003 0.000007 89.060318 -0.342015 -19.997196 109.999977 -0.000002 -0.000003 80.000015 0.000000 0.000005 171.140335 -175.951599 179.706955 119.151993 168.395508 -176.711502 92.677658 -115.889801 -93.749451 19.957724 -16.604965 -6.337826 151.790314 -143.474182 -103.022812 172.345016 179.999496 -179.999298 174.901794 179.999634 -179.999557 0.000000 -0.000000 0.000000 90.965935 -179.741196 -165.002182 90.474594 -179.999985 179.999710 117.332237 -179.999832 179.999924 0.000000 -0.000000 0.000000 91.000000 -179.999985 179.999985 69.999992 179.999985 -179.999985 106.165977 -179.999863 -179.999969 0.000000 -0.000000 0.000000 90.984802 179.826355 170.001495 69.999992 -179.999985 -180.000000 100.000038 180.000000 180.000000 0.000000 -0.000000 0.000000 90.939705 179.657990 160.002808 69.999985 179.999985 179.999985 100.000038 179.999985 -179.999985
2.540262 87.163651 -196.458511 3.839348 -7.136973 -8.789904 170.818039 -165.363190 177.591934 175.718719 174.555206 -112.415962 9.793476 8.942000 13.898299 177.598114 171.008102 168.965561 175.512009 -173.169205 -150.809265 1.227759 -7.404243 -9.730121 179.342896 179.915024 -178.123169 178.904297 179.901260 -178.160492 178.583221 179.610336 -178.669800 1.335489 0.128800 -5.521740 1.380850 0.155497 -6.441938 0.953325 -1.295477 -4.741691 8.504193 10.718656 1.784566 62.794868 -4.841039 -10.855321 84.107735 52.559792 80.490990 173.216858 157.246033 179.353271 23.101660 25.513214 74.924217 13.203413 0.002747 -0.003239 8.793474 0.002137 -0.001862 0.000000 -0.000000 0.000000 76.281807 3.635443 14.562455 62.032242 -0.000148 -0.000316 43.422565 0.000082 -0.000225 0.000000 -0.000000 0.000000 88.999985 0.000000 0.000005 94.821648 0.000687 -0.001221 63.151226 0.000928 0.000049 0.000000 -0.000000 0.000000 89.015205 -0.173640 -9.998511 101.556366 0.001113 -0.001336 67.636566 0.001105 0.000354 0.000000 -0.000000 0.000000 89.060265 -0.342008 -19.997215 110.000008 -0.000010 -0.000002 80.000008 0.000002 -0.000007 171.173233 -175.360291 179.560730 119.373566 170.041885 -176.557693 93.116058 -115.675468 -93.925392 20.147621 -16.190548 -6.742695 151.635895 -143.446167 -102.556953 172.483368 179.998138 -179.997574 174.993912 179.998627 -179.998505 0.000000 -0.000000 0.000000 90.965935 -179.741196 -165.002182 90.538490 -179.999969 179.999191 117.376953 -179.999481 179.999741 0.000000 -0.000000 0.000000 90.999992 -180.000000 -179.999985 70.000008 -179.999985 -180.000000 106.197266 -179.999680 -179.999924 0.000000 -0.000000 0.000000 90.984802 179.826355 170.001495 70.000031 -179.999985 -179.999985 100.000023 -179.999985 -179.999985 0.000000 -0.000000 0.000000 90.939705 179.657990 160.002792 70.000008 -179.999985 -179.999985 100.000023 179.999985 -179.999985
2.278311 86.897545 -195.513824 4.043492 -6.587714 -8.887370 171.015610 -164.807114 176.365387 176.678375 173.409454 -110.856941 8.346480 7.954209 10.625612 177.732239 172.113205 167.988632 174.521988 -173.240829 -147.937866 2.248446 -6.221519 -11.089250 179.252594 -179.991226 -178.010147 178.755463 179.992340 -178.049026 178.376556 -179.952240 -178.593048 1.320337 0.125435 -5.440533 1.365287 0.151380 -6.347195 0.948077 -1.362676 -4.671776 8.802227 10.513982 1.450903 62.765804 -6.243190 -11.535716 83.208359 51.795025 79.324005 173.275391 156.997147 179.465271 22.950090 26.202677 74.882919 12.841213 0.003805 -0.004920 8.552244 0.002982 -0.002876 0.000000 -0.000000 0.000000 76.278366 3.634968 14.562101 62.029648 -0.000532 -0.001336 43.420757 0.000373 -0.000947 0.000000 -0.000000 0.000000 89.000000 -0.000000 -0.000019 94.902130 0.001605 -0.002600 63.204830 0.002039 0.000172 0.000000 -0.000000 0.000000 89.015213 -0.173636 -9.998509 101.657143 0.002479 -0.002764 67.703659 0.002320 0.000849 0.000000 -0.000000 0.000000 89.060310 -0.341997 -19.997210 110.000015 -0.000006 0.000004 80.000000 -0.000000 0.000004 171.201706 -174.933380 179.561539 119.635460 171.950699 -176.590042 93.677254 -115.626892 -94.183144 20.329359 -15.793537 -7.172973 151.507248 -143.130478 -101.985992 172.808319 179.998047 -179.997299 175.210342 179.998550 -179.998306 0.000000 -0.000000 0.000000 90.965927 -179.741196 -165.002182 90.618980 -179.999985 179.998581 117.433273 -179.999115 179.999573 0.000000 -0.000000 0.000000 91.000000 179.999985 -179.999985 70.000015 -179.999985 179.999985 106.229477 -179.999435 -179.999878 0.000000 -0.000000 0.000000 90.984810 179.826370 170.001495 70.000008 179.999985 180.000000 100.000008 179.999985 -179.999985 0.000000 -0.000000 0.000000 90.939766 179.657990 160.002808 69.999962 179.999985 -180.000000 100.000061 -179.999985 -180.000000
2.031205 86.661789 -194.584076 4.095720 -6.039365 -8.901783 171.432877 -164.206512 175.006836 177.588089 172.367508 -109.493011 6.997142 6.634503 7.340644 177.709839 172.472427 167.256607 173.889740 -172.924591 -145.347900 3.304247 -5.406867 -12.743786 179.198380 -179.889343 -177.916397 178.667511 -179.907684 -177.956802 178.245392 -179.476471 -178.533615 1.299207 0.120685 -5.317286 1.343592 0.145637 -6.203435 0.933297 -1.368940 -4.565812 9.051714 10.428546 1.328054 62.914391 -7.571896 -12.726088 82.289978 50.705387 78.176208 173.293945 156.711075 179.589066 22.993587 26.916309 75.072830 12.435579 0.003412 -0.004645 8.282090 0.002671 -0.002744 0.000003 -0.000000 0.000000 76.393219 3.605654 14.569386 62.126377 -0.000377 -0.000996 43.488510 0.000274 -0.000678 0.000003 -0.000000 0.000000 89.000015 -0.000005 0.000019 95.080475 0.001528 -0.002347 63.323593 0.001844 0.000198 0.000003 -0.000000 0.000000 89.015228 -0.173639 -9.998505 101.877258 0.002088 -0.002191 67.850235 0.001881 0.000734 0.000003 -0.000000 0.000000 89.060280 -0.342007 -19.997189 109.999992 0.000011 0.000009 79.999985 -0.000003 -0.000002 171.171173 -174.562943 179.657639 119.943886 174.172180 -176.680252 94.430580 -115.567894 -94.629837 20.490911 -15.415966 -7.635328 151.467743 -142.871399 -101.614052 173.053177 179.998413 -179.997742 175.373413 179.998825 -179.998581 180.000000 -179.999985 180.000000 90.965919 -179.741196 -165.002182 90.708397 179.999985 179.998413 117.495895 -179.999008 179.999481 180.000000 -179.999985 180.000000 91.000015 -179.999985 179.999985 69.999962 179.999985 -179.999985 106.267624 -179.999420 -179.999893 180.000000 -179.999985 180.000000 90.984818 179.826355 170.001480 69.999969 179.999985 179.999985 100.000008 179.999985 -180.000000 180.000000 -179.999985 180.000000 90.939735 179.657990 160.002808 69.999962 -179.999985 -179.999985 100.000023 -179.999985 179.999985
1.824934 86.576225 -193.578033 4.067737 -5.782026 -8.916515 171.969589 -163.682755 173.843750 177.737595 171.697556 -109.157478 6.065720 5.673182 4.917612 177.377533 172.434296 167.686050 174.459778 -172.983002 -144.574875 3.920712 -5.593486 -13.944004 179.170441 -179.804443 -177.793594 178.624054 -179.824539 -177.836517 178.169464 -179.079239 -178.456894 1.327759 0.123837 -5.332310 1.373011 0.149596 -6.220878 0.930464 -1.103337 -4.576673 9.167340 10.668330 1.381611 63.211018 -8.511747 -13.837801 81.496246 49.943214 77.155815 173.312714 156.453674 179.714676 23.031952 27.235653 75.205513 12.244632 -0.000004 0.000004 8.154932 -0.000000 0.000002 0.000003 0.000003 0.000007 76.436043 3.595878 14.572232 62.162262 -0.000005 0.000001 43.513592 -0.000001 0.000003 0.000003 0.000003 0.000007 89.000008 -0.000006 0.000004 95.169014 0.000004 0.000010 63.382591 0.000001 -0.000008 0.000003 0.000003 0.000007 89.015228 -0.173639 -9.998510 101.969353 -0.000007 -0.000003 67.911575 -0.000002 -0.000006 0.000003 0.000003 0.000007 89.060310 -0.342010 -19.997198 109.999985 -0.000004 0.000007 80.000000 0.000006 -0.000004 171.084015 -174.612152 179.530167 120.144897 176.153503 -176.856628 94.786369 -115.711258 -94.676346 20.598045 -15.193694 -7.980194 151.373001 -142.812668 -101.340752 173.153351 -179.999985 180.000000 175.440140 -180.000000 180.000000 179.999985 180.000000 180.000000 90.965950 -179.741196 -165.002182 90.759659 180.000000 180.000000 117.531761 180.000000 -179.999985 179.999985 180.000000 180.000000 91.000023 180.000000 180.000000 69.999985 -179.999985 -179.999985 106.286613 179.999985 -179.999985 179.999985 180.000000 180.000000 90.984818 179.826355 170.001495 70.000008 -180.000000 -179.999985 100.000000 -179.999985 180.000000 179.999985 180.000000 180.000000 90.939743 179.657990 160.002808 69.999977 179.999985 179.999985 100.000023 179.999985 -179.999985
1.611637 86.467400 -192.584793 4.033900 -5.510055 -8.946011 172.500702 -163.170746 172.680756 177.999191 170.999741 -108.682060 5.131634 4.600509 2.481647 177.079910 172.466064 168.002594 174.953308 -173.074463 -143.639130 4.576292 -5.684091 -15.182779 179.143967 -179.719818 -177.666763 178.582718 -179.741699 -177.712173 178.097336 -178.683075 -178.375809 1.351308 0.126166 -5.327272 1.397286 0.152522 -6.214958 0.923446 -0.848145 -4.571453 9.289946 10.889666 1.432844 63.532173 -9.448675 -15.008121 80.709877 49.112679 76.176643 173.338104 156.185699 179.841339 23.135914 27.645456 75.414452 11.996211 -0.000155 0.000201 7.989476 -0.000114 0.000117 0.000000 -0.000000 0.000000 76.513565 3.576269 14.577133 62.227573 0.000163 0.000378 43.559311 -0.000106 0.000266 0.000000 -0.000000 0.000000 88.999977 0.000001 -0.000013 95.290352 -0.000130 0.000202 63.463360 -0.000147 -0.000015 0.000000 -0.000000 0.000000 89.015190 -0.173645 -9.998503 102.100914 -0.000249 0.000267 67.999222 -0.000225 -0.000082 0.000000 -0.000000 0.000000 89.060280 -0.342002 -19.997196 110.000015 0.000006 -0.000004 80.000000 0.000002 -0.000003 170.999268 -174.635345 179.433395 120.384026 178.158218 -176.994461 95.200577 -115.826897 -94.794395 20.722975 -14.961159 -8.338199 151.326385 -142.822418 -101.153595 173.199280 179.998856 -179.998566 175.470734 179.999176 -179.999115 0.000000 -0.000000 0.000003 90.965935 -179.741196 -165.002182 90.821564 180.000000 179.999954 117.575066 -179.999985 179.999985 0.000000 -0.000000 0.000003 91.000015 179.999985 -179.999985 70.000015 179.999985 179.999985 106.314522 179.999908 179.999985 0.000000 -0.000000 0.000003 90.984818 179.826355 170.001495 70.000008 -179.999985 -179.999985 100.000000 -179.999985 180.000000 0.000000 -0.000000 0.000003 90.939713 179.657990 160.002823 70.000008 -179.999985 -179.999985 100.000008 -179.999985 179.999985
1.429756 86.435410 -191.545868 4.015218 -5.296835 -8.921883 173.104675 -162.595078 171.433212 177.941589 170.344147 -108.617310 4.205207 3.714833 0.169466 176.637497 172.221863 168.789993 175.879166 -173.134933 -143.345993 5.110556 -6.127848 -16.363543 179.112305 -179.633789 -177.541641 178.533051 -179.657578 -177.589554 178.012741 -178.279724 -178.296844 1.402484 0.133330 -5.414863 1.450041 0.161248 -6.317088 0.930512 -0.524199 -4.645142 9.389098 11.217907 1.500145 63.899235 -10.365191 -16.066254 79.900009 48.465679 75.155342 173.357849 155.937820 179.959259 22.823025 27.452866 74.999130 12.156648 0.001072 -0.002040 8.096323 0.000889 -0.001247 0.000000 -0.000000 0.000007 76.354530 3.616728 14.567080 62.093590 -0.000098 -0.000215 43.465500 0.000051 -0.000145 0.000000 -0.000000 0.000007 89.000000 -0.000000 -0.000005 95.208809 0.000199 -0.000344 63.409107 0.000261 0.000013 0.000000 -0.000000 0.000007 89.015190 -0.173637 -9.998514 101.955177 0.000741 -0.000860 67.902153 0.000715 0.000247 0.000000 -0.000000 0.000007 89.060257 -0.342006 -19.997198 110.000015 -0.000008 0.000001 79.999969 0.000002 -0.000007 170.900909 -174.777954 179.186707 120.580956 -179.872574 -177.289581 95.348602 -116.152260 -94.612030 20.820734 -14.768124 -8.656560 150.807922 -142.175079 -100.212807 173.764420 -179.999100 179.998703 175.847107 -179.999329 179.999191 0.000000 -0.000000 0.000000 90.965919 -179.741196 -165.002182 90.759163 179.999908 179.998016 117.531433 -179.998795 179.999313 0.000000 -0.000000 0.000000 91.000000 179.999985 -179.999985 69.999977 179.999985 179.999985 106.240379 -179.998703 -179.999878 0.000000 -0.000000 0.000000 90.984795 179.826355 170.001495 69.999977 180.000000 179.999985 100.000038 179.999985 -179.999985 0.000000 -0.000000 0.000000 90.939728 179.658005 160.002792 69.999985 -179.999985 179.999985 100.000008 -180.000000 179.999985
1.265699 86.473679 -190.464020 4.035843 -5.128233 -8.884468 173.717804 -162.057465 170.217392 177.583267 169.795685 -108.936897 3.316765 3.105299 -1.933844 176.087524 171.623810 169.875031 176.938141 -172.892471 -143.531967 5.510147 -6.657386 -17.411921 179.077057 -179.545731 -177.423401 178.477509 -179.571503 -177.473648 177.920486 -177.867081 -178.222733 1.461382 0.142463 -5.554292 1.510831 0.172238 -6.479748 0.942765 -0.186959 -4.763401 9.452823 11.598495 1.558023 64.264389 -11.256004 -16.911928 79.111534 48.017857 74.180374 173.343369 155.726990 -179.953323 22.805185 27.691248 75.208229 11.978151 0.001777 -0.003847 7.977454 0.001525 -0.002378 0.000000 -0.000000 0.000000 76.338722 3.619602 14.566113 62.080498 -0.000570 -0.001060 43.456337 0.000225 -0.000822 0.000000 -0.000000 0.000000 89.000000 -0.000003 -0.000012 95.202812 0.000757 -0.001501 63.405083 0.001117 0.000011 0.000000 -0.000000 0.000000 89.015236 -0.173642 -9.998500 102.037621 0.001321 -0.001658 67.957062 0.001356 0.000399 0.000000 -0.000000 0.000000 89.060303 -0.342011 -19.997213 110.000015 -0.000009 -0.000006 79.999969 -0.000005 -0.000004 170.788177 -174.983688 178.843582 120.714920 -178.037094 -177.635941 95.354866 -116.533508 -94.299942 20.885887 -14.609865 -8.916660 150.807159 -142.521225 -100.129387 173.606812 -179.998322 179.997772 175.742126 -179.998779 179.998611 0.000003 0.000000 -0.000007 90.965927 -179.741180 -165.002182 90.886459 179.999802 179.995941 117.620514 -179.997559 179.998550 0.000003 0.000000 -0.000007 91.000015 -179.999985 -179.999985 70.000015 -180.000000 -179.999985 106.317673 -179.997223 -179.999756 0.000003 0.000000 -0.000007 90.984818 179.826370 170.001495 69.999992 -179.999985 -179.999985 100.000038 -179.999985 179.999985 0.000003 0.000000 -0.000007 90.939743 179.657990 160.002808 69.999985 -179.999985 -179.999985 100.000008 -179.999985 -180.000000
1.105817 86.573914 -189.358856 4.087763 -4.958750 -8.804991 174.352982 -161.825653 169.022766 176.901291 169.644699 -109.649384 2.429581 2.797765 -3.864542 175.565414 170.971405 171.077454 177.868881 -172.471451 -144.015503 5.798844 -7.053999 -18.290335 179.037888 -179.453674 -177.345963 178.415512 -179.481186 -177.397690 177.820267 -177.436264 -178.178284 1.526147 0.151597 -5.664703 1.577762 0.183174 -6.608560 0.953200 0.202149 -4.855846 9.495716 11.936081 1.623745 64.622505 -12.154895 -17.511808 78.348419 47.748089 73.281898 173.283218 155.557999 -179.892670 22.809631 27.947428 75.415817 11.794223 0.002663 -0.006474 7.854950 0.002328 -0.004042 0.000000 0.000003 0.000000 76.363411 3.611080 14.567836 62.101734 -0.001477 -0.002480 43.471230 0.000452 -0.001963 0.000000 0.000003 0.000000 89.000000 -0.000002 0.000017 95.247391 0.001507 -0.003192 63.434807 0.002352 -0.000064 0.000000 0.000003 0.000000 89.015236 -0.173642 -9.998514 102.097710 0.002589 -0.003414 67.997108 0.002762 0.000751 0.000000 0.000003 0.000000 89.060249 -0.342000 -19.997202 110.000000 -0.000003 0.000002 80.000015 0.000010 -0.000009 170.701996 -175.167603 178.513321 120.763771 -176.343887 -178.012085 95.241280 -116.882996 -93.870750 20.927406 -14.456708 -9.129534 150.849365 -142.945480 -100.050674 173.410828 -179.997726 179.996994 175.611603 -179.998322 179.998138 0.000000 -0.000000 0.000000 90.965912 -179.741180 -165.002182 91.077499 179.999664 179.994385 117.754227 -179.996643 179.997971 0.000000 -0.000000 0.000000 90.999992 -179.999985 180.000000 69.999985 -179.999985 -180.000000 106.448845 -179.996124 -179.999725 0.000000 -0.000000 0.000000 90.984802 179.826370 170.001480 70.000008 179.999985 179.999985 100.000023 179.999985 -180.000000 0.000000 -0.000000 0.000000 90.939751 179.658005 160.002792 69.999962 179.999985 179.999985 100.000031 -179.999985 179.999985
0.908588 86.784431 -188.237915 4.092035 -4.790869 -8.592833 174.951782 -161.880463 167.967575 176.157013 169.982056 -111.153709 1.774530 2.855860 -5.378524 175.391235 170.738144 172.135681 178.310928 -172.166260 -144.643524 5.834121 -7.151519 -18.792345 179.021957 -179.382004 -177.401306 178.390640 -179.409332 -177.451996 177.778183 -177.101486 -178.225403 1.521008 0.151695 -5.690046 1.572456 0.183254 -6.638186 0.951615 0.189178 -4.878613 9.487911 11.956170 1.704298 64.905640 -13.072935 -17.713650 77.695030 47.698215 72.531471 173.189209 155.462708 -179.840546 22.901718 28.399813 75.658875 11.513213 -0.000004 0.000006 7.667804 -0.000000 0.000004 0.000007 -0.000003 -0.000000 76.494110 3.580807 14.575865 62.211262 -0.000002 0.000003 43.547897 0.000001 0.000008 0.000007 -0.000003 -0.000000 89.000008 -0.000002 0.000007 95.375671 0.000002 0.000007 63.520199 -0.000000 -0.000012 0.000007 -0.000003 -0.000000 89.015190 -0.173639 -9.998511 102.247505 -0.000010 0.000004 68.096855 0.000000 -0.000004 0.000007 -0.000003 -0.000000 89.060295 -0.342004 -19.997204 109.999992 0.000002 0.000003 80.000008 -0.000000 0.000000 170.668869 -175.151489 178.481247 120.611099 -174.952499 -178.391342 94.865707 -117.013229 -93.175545 20.946478 -14.333092 -9.284952 150.965195 -143.298004 -100.148903 173.208160 180.000000 -180.000000 175.476639 -180.000000 -179.999985 0.000000 -0.000000 0.000000 90.965912 -179.741196 -165.002182 91.250839 -179.999985 -179.999985 117.875595 179.999985 -179.999985 0.000000 -0.000000 0.000000 91.000000 180.000000 179.999985 70.000015 180.000000 180.000000 106.569031 179.999985 -180.000000 0.000000 -0.000000 0.000000 90.984818 179.826355 170.001495 69.999985 -179.999985 -179.999985 100.000008 179.999985 180.000000 0.000000 -0.000000 0.000000 90.939713 179.657990 160.002808 70.000008 180.000000 180.000000 100.000008 -180.000000 -180.000000
0.717830 86.983597 -187.117493 4.107116 -4.623367 -8.390111 175.557053 -161.902115 166.885742 175.395767 170.251740 -112.571281 1.081407 2.903050 -6.956981 175.171616 170.486282 173.214905 178.827209 -171.883469 -145.276367 5.893404 -7.271704 -19.335123 179.002899 -179.307236 -177.445068 178.360611 -179.334534 -177.494873 177.728821 -176.752243 -178.264359 1.524823 0.152877 -5.724231 1.576425 0.184616 -6.678128 0.951660 0.225558 -4.908439 9.483331 12.019197 1.787380 65.201256 -13.991158 -17.940458 77.014580 47.647274 71.754036 173.097290 155.354736 -179.791840 22.991953 28.837059 75.898575 11.240125 0.000432 -0.001111 7.485923 0.000378 -0.000697 0.000000 -0.000000 0.000000 76.613800 3.548989 14.583354 62.312424 -0.000317 -0.000499 43.618690 0.000080 -0.000402 0.000000 -0.000000 0.000000 89.000008 0.000005 -0.000010 95.497124 0.000271 -0.000616 63.601101 0.000443 -0.000015 0.000000 -0.000000 0.000000 89.015213 -0.173637 -9.998500 102.389412 0.000483 -0.000647 68.191338 0.000529 0.000144 0.000000 -0.000000 0.000000 89.060287 -0.342007 -19.997196 110.000015 0.000011 0.000009 80.000008 0.000000 -0.000004 170.628311 -175.172318 178.415268 120.499100 -173.522598 -178.774261 94.499474 -117.199692 -92.482529 20.979305 -14.198247 -9.455316 151.075577 -143.663528 -100.228043 173.004242 -179.999695 179.999557 175.340820 -179.999771 179.999725 0.000000 -0.000000 0.000000 90.965912 -179.741196 -165.002182 91.432312 179.999954 179.999268 118.002594 -179.999573 179.999725 0.000000 -0.000000 0.000000 90.999992 179.999985 -179.999985 69.971046 -179.999802 179.999435 106.695747 -179.999512 -179.999985 0.000000 -0.000000 0.000000 90.984795 179.826355 170.001480 70.000008 -179.999985 -179.999985 100.000008 -179.999985 179.999985 0.000000 -0.000000 0.000000 90.939720 179.657990 160.002792 69.999992 180.000000 -179.999985 100.000000 -180.000000 -180.000000
0.508643 87.221565 -185.994080 4.095928 -4.464723 -8.137864 176.156708 -162.093353 165.837296 174.634888 170.743866 -114.285019 0.496378 3.057795 -8.422905 175.129562 170.187302 174.227585 179.088303 -171.447449 -145.908737 5.877963 -7.270779 -19.758186 178.994812 -179.243439 -177.538177 178.348007 -179.269913 -177.586182 177.707031 -176.454529 -178.336792 1.491167 0.149505 -5.728042 1.541642 0.180534 -6.682613 0.945655 0.047619 -4.914039 9.462161 11.938553 1.871055 65.464073 -14.941966 -18.045378 76.376274 47.640594 71.024803 172.986847 155.283783 -179.752029 23.135014 29.401161 76.169075 10.900279 0.000800 -0.001982 7.259583 0.000691 -0.001245 0.000000 -0.000000 0.000000 76.794708 3.501433 14.594545 62.465168 -0.000553 -0.000879 43.725628 0.000149 -0.000720 0.000000 -0.000000 0.000000 89.000000 0.000000 0.000005 95.669113 0.000431 -0.000989 63.715603 0.000707 -0.000031 0.000000 -0.000000 0.000000 89.015205 -0.173645 -9.998507 102.593246 0.000748 -0.000989 68.327110 0.000806 0.000208 0.000000 -0.000000 0.000000 89.060295 -0.342008 -19.997210 109.999992 -0.000011 -0.000004 80.000000 -0.000003 0.000002 170.605576 -175.068130 178.475021 120.323753 -172.172104 -179.166138 94.072136 -117.274414 -91.751587 20.991705 -14.094049 -9.581397 151.221039 -144.045288 -100.415855 172.763580 -179.999664 179.999466 175.180542 -179.999741 179.999664 0.000000 -0.000000 0.000000 90.965919 -179.741196 -165.002182 91.604279 179.999893 179.999146 118.122986 -179.999496 179.999649 0.000000 -0.000000 0.000000 91.000000 179.999985 179.999985 70.108696 -179.999771 179.999207 106.812386 -179.999466 179.999985 0.000000 -0.000000 0.000000 90.984802 179.826370 170.001495 70.000015 179.999985 179.999985 100.000000 179.999985 180.000000 0.000000 -0.000000 0.000000 90.939705 179.657990 160.002792 70.000008 179.999985 -179.999985 100.000008 -179.999985 179.999985
0.268380 87.492661 -184.877655 4.059459 -4.304962 -7.873839 176.665802 -162.440216 164.971771 174.003494 171.418381 -116.049423 0.156155 3.225372 -9.576396 175.256180 170.123978 175.039764 179.062637 -171.085037 -146.430054 5.798613 -7.099506 -20.008343 178.994507 -179.198227 -177.660675 178.347488 -179.223389 -177.706299 177.706467 -176.244034 -178.427994 1.438290 0.143299 -5.693486 1.486990 0.173060 -6.642290 0.933971 -0.215687 -4.886390 9.440376 11.684426 1.915461 65.680382 -15.808446 -18.115845 75.886307 47.555832 70.492165 172.834091 155.242889 -179.736710 23.272017 29.976625 76.401627 10.561910 0.001036 -0.002085 7.034233 0.000849 -0.001296 0.000000 0.000003 0.000003 76.980896 3.452965 14.605820 62.622349 -0.000567 -0.000921 43.835632 0.000163 -0.000744 0.000000 0.000003 0.000003 88.999985 -0.000002 0.000002 95.837959 0.000381 -0.000791 63.828075 0.000586 -0.000005 0.000000 0.000003 0.000003 89.015213 -0.173646 -9.998507 102.791618 0.000478 -0.000644 68.459221 0.000509 0.000165 0.000000 0.000003 0.000003 89.060249 -0.342004 -19.997198 110.000038 0.000002 0.000003 79.999947 0.000003 0.000002 170.618637 -174.820129 178.632294 120.146500 -171.114059 -179.589813 93.527290 -117.293297 -90.965378 20.992386 -14.016496 -9.674900 151.348221 -144.518890 -100.710594 172.441040 179.998886 -179.998398 174.965729 179.999176 -179.999008 180.000000 -179.999985 180.000000 90.965935 -179.741196 -165.002182 91.727432 179.999924 179.999619 118.209183 -179.999786 179.999817 180.000000 -179.999985 180.000000 91.000015 180.000000 179.999985 70.235741 -179.999985 179.999924 106.897034 -179.999954 179.999985 180.000000 -179.999985 180.000000 90.984802 179.826355 170.001511 69.999992 -179.999985 -179.999985 100.000038 -179.999985 -179.999985 180.000000 -179.999985 180.000000 90.939705 179.657990 160.002808 70.000008 -179.999985 -179.999985 100.000008 -180.000000 179.999985
-0.003686 87.795464 -183.760437 3.967340 -4.085200 -7.603117 177.078659 -162.876694 164.212677 173.586334 172.316010 -118.273178 0.063356 3.357536 -10.454269 175.625015 170.348694 175.997116 178.968735 -171.123978 -147.119873 5.647617 -7.147024 -20.171663 179.001999 -179.132141 -177.794876 178.360306 -179.155624 -177.837891 177.722336 -175.936111 -178.528458 1.393251 0.137705 -5.647608 1.440472 0.166302 -6.588773 0.921449 -0.412301 -4.847552 9.417878 11.413372 1.949580 65.880516 -16.713310 -18.321842 75.532463 47.269493 70.078346 172.708237 155.209671 -179.700226 23.004145 30.211685 76.015678 10.506330 0.001098 -0.003619 6.997204 0.001003 -0.002309 0.000000 0.000000 -0.000003 76.976074 3.451902 14.605651 62.618797 -0.001481 -0.002508 43.833134 0.000471 -0.001968 0.000000 0.000000 -0.000003 88.999985 0.000002 -0.000002 95.810646 0.001217 -0.002545 63.809868 0.001873 -0.000017 0.000000 0.000000 -0.000003 89.015190 -0.173626 -9.998514 102.726349 0.002100 -0.002640 68.415771 0.002134 0.000654 0.000000 0.000000 -0.000003 89.060287 -0.342000 -19.997190 110.000015 0.000011 0.000009 80.000008 -0.000004 0.000005 170.679672 -174.558105 178.830551 119.792572 -169.964737 -179.604477 93.320679 -116.787628 -90.518936 20.920744 -13.990176 -9.728165 151.149414 -143.737076 -100.362785 172.933197 -179.999466 179.998550 175.293518 -179.999573 179.999069 0.000000 -0.000000 0.000000 90.965942 -179.741196 -165.002167 91.680717 179.999390 179.997665 118.176590 -179.998764 179.998840 0.000000 -0.000000 0.000000 91.000015 -179.999985 -179.999985 70.156647 -179.999664 179.997665 106.844307 -179.998444 179.999756 0.000000 -0.000000 0.000000 90.984779 179.826355 170.001495 70.000031 -179.999985 -179.999985 99.999985 179.999985 -179.999985 0.000000 -0.000000 0.000000 90.939705 179.657990 160.002808 70.000023 -179.999985 -179.999985 99.999992 -179.999985 179.999985
-0.265059 88.137039 -182.616180 3.770210 -3.837509 -7.436625 177.247345 -163.409302 163.851044 173.651688 173.456924 -120.973907 0.270162 3.503028 -10.684404 176.042191 170.784241 177.153625 179.187683 -171.609985 -148.115967 5.325124 -7.615070 -20.135790 179.038544 -179.081863 -177.891663 178.421112 -179.103546 -177.932587 177.801437 -175.701813 -178.596603 1.326482 0.130137 -5.609982 1.371476 0.157175 -6.544905 0.912729 -0.820238 -4.818012 9.361383 10.982189 1.989160 65.972801 -17.486698 -18.692545 75.509872 46.823437 69.938248 172.712723 155.196686 -179.599960 23.201818 30.638016 76.257378 10.250739 0.000006 0.000004 6.826983 -0.000003 0.000001 0.000003 -0.000000 0.000000 77.175690 3.403638 14.617382 62.786472 0.000004 0.000006 43.950535 0.000003 0.000001 0.000003 -0.000000 0.000000 89.000000 -0.000000 -0.000005 95.964722 -0.000003 0.000007 63.912491 -0.000001 -0.000005 0.000003 -0.000000 0.000000 89.015190 -0.173637 -9.998509 102.902367 -0.000010 -0.000001 68.532974 -0.000000 0.000000 0.000003 -0.000000 0.000000 89.060295 -0.342006 -19.997198 110.000000 -0.000001 0.000005 79.999985 -0.000000 0.000000 170.752609 -174.133575 179.108826 119.305649 -168.989487 -179.458405 93.123589 -116.054466 -90.286636 20.718273 -14.094644 -9.630036 151.235901 -143.935867 -100.556145 172.781021 179.999985 -179.999985 175.192169 180.000000 -180.000000 0.000000 -0.000000 0.000000 90.965942 -179.741196 -165.002167 91.769196 180.000000 180.000000 118.238472 180.000000 -179.999985 0.000000 -0.000000 0.000000 91.000015 -179.999985 -179.999985 70.244011 180.000000 -179.999985 106.902504 180.000000 180.000000 0.000000 -0.000000 0.000000 90.984810 179.826370 170.001495 70.000008 179.999985 -179.999985 99.999985 -179.999985 179.999985 0.000000 -0.000000 0.000000 90.939713 179.657990 160.002808 70.000015 -179.999985 -180.000000 100.000008 179.999985 -179.999985
-0.530383 88.475769 -181.478027 3.585350 -3.588750 -7.256103 177.436447 -163.945786 163.436295 173.669357 174.579239 -123.620071 0.460220 3.634920 -10.979413 176.463547 171.222275 178.276093 179.350082 -172.086899 -149.070221 5.025784 -8.052877 -20.126610 179.071838 -179.034470 -177.994400 178.476593 -179.054367 -178.033249 177.874466 -175.481552 -178.669495 1.255275 0.122396 -5.574131 1.297879 0.147829 -6.503073 0.903542 -1.262586 -4.788636 9.304584 10.524840 2.015114 66.075348 -18.278141 -19.047523 75.441963 46.380447 69.766739 172.701797 155.179428 -179.507736 23.399433 31.084167 76.486305 9.987986 0.000074 -0.000450 6.651998 0.000092 -0.000291 0.000000 -0.000000 0.000000 77.382240 3.349395 14.629568 62.960915 -0.000183 -0.000292 44.072632 0.000056 -0.000239 0.000000 -0.000000 0.000000 89.000015 0.000002 -0.000012 96.126976 0.000131 -0.000288 64.020569 0.000210 0.000006 0.000000 -0.000000 0.000000 89.015190 -0.173638 -9.998510 103.086792 0.000237 -0.000306 68.655792 0.000246 0.000081 0.000000 -0.000000 0.000000 89.060295 -0.342007 -19.997200 110.000015 -0.000002 -0.000003 80.000000 -0.000001 -0.000001 170.817917 -173.689072 179.384445 118.847038 -167.996048 -179.344727 92.904510 -115.362617 -89.994232 20.525503 -14.185494 -9.555434 151.328033 -144.127838 -100.760735 172.629395 -179.999939 179.999771 175.091171 -179.999954 179.999847 0.000000 -0.000000 0.000000 90.965935 -179.741196 -165.002182 91.854668 179.999847 179.999588 118.298302 -179.999786 179.999771 0.000000 -0.000000 0.000000 91.000000 179.999985 179.999985 70.328247 -179.999969 179.999573 106.958603 -179.999725 179.999939 0.000000 -0.000000 0.000000 90.984818 179.826370 170.001495 69.999992 -179.999985 -179.999985 100.000008 -179.999985 179.999985 0.000000 -0.000000 0.000000 90.939713 179.658005 160.002792 69.999992 180.000000 -179.999985 100.000000 -179.999985 -179.999985
-0.785799 88.827019 -180.326050 3.358345 -3.339675 -7.126247 177.532455 -164.490234 163.182114 173.891800 175.746826 -126.451622 0.750125 3.759549 -11.038960 176.856232 171.715591 179.483826 179.652451 -172.716095 -150.144058 4.679182 -8.650315 -20.044006 179.115692 -178.979218 -178.078323 178.550003 -178.997345 -178.115494 177.968933 -175.224609 -178.728165 1.195817 0.115772 -5.532378 1.236437 0.139821 -6.454370 0.893775 -1.617353 -4.754170 9.242290 10.130451 2.077102 66.137428 -19.015190 -19.474693 75.498032 45.890324 69.697548 172.738266 155.170593 -179.388260 23.627892 31.462894 76.766998 9.749676 0.000023 -0.000828 6.493289 0.000079 -0.000545 0.000000 -0.000000 0.000000 77.570045 3.300228 14.640515 63.119514 -0.000292 -0.000428 44.183640 0.000060 -0.000355 0.000000 -0.000000 0.000000 89.000000 0.000002 -0.000002 96.266281 0.000169 -0.000395 64.113312 0.000289 -0.000017 0.000000 -0.000000 0.000000 89.015190 -0.173642 -9.998506 103.248726 0.000319 -0.000444 68.763657 0.000353 0.000101 0.000000 -0.000000 0.000000 89.060280 -0.342007 -19.997202 110.000000 0.000003 -0.000002 79.999985 -0.000001 -0.000014 170.891190 -173.285889 179.669128 118.310051 -167.037430 -179.075974 92.775536 -114.507614 -89.862640 20.272083 -14.332726 -9.405562 151.419373 -144.337296 -100.948326 172.473694 -179.999878 179.999527 174.987488 -179.999893 179.999695 0.000000 -0.000000 0.000000 90.965919 -179.741196 -165.002182 91.952530 179.999619 179.999039 118.366783 -179.999542 179.999451 0.000000 -0.000000 0.000000 90.999992 179.999985 179.999985 70.424202 -179.999985 179.998947 107.022507 -179.999329 179.999802 0.000000 -0.000000 0.000000 90.984779 179.826355 170.001511 70.000008 -179.999985 179.999985 100.000008 180.000000 179.999985 0.000000 -0.000000 0.000000 90.939690 179.657990 160.002808 70.000008 179.999985 -180.000000 100.000000 -179.999985 179.999985
-1.028624 89.189323 -179.151291 3.095407 -3.098930 -7.046700 177.537415 -165.023605 163.096695 174.324631 176.914810 -129.480957 1.114293 3.847298 -10.900351 177.223984 172.244431 -179.189346 0.035423 -6.581519 28.651407 4.230952 -9.286957 -19.857779 179.168213 -178.898621 -178.142365 178.638550 -178.915039 -178.178268 178.078918 -174.849411 -178.772736 1.173068 0.112564 -5.481921 1.212990 0.135909 -6.395504 0.882525 -1.677314 -4.711054 9.180976 9.937576 2.211826 66.175331 -19.694050 -19.977619 75.667709 45.380352 69.746765 172.812988 155.170700 -179.251450 23.872950 31.790583 77.091263 9.527139 -0.000126 -0.001158 6.345073 -0.000012 -0.000778 0.000000 -0.000000 0.000000 77.736893 3.256857 14.650093 63.260345 -0.000248 -0.000313 44.282227 0.000014 -0.000278 0.000000 -0.000000 0.000000 89.000000 0.000000 0.000005 96.391434 0.000071 -0.000223 64.196724 0.000144 -0.000018 0.000000 -0.000000 0.000000 89.015244 -0.173642 -9.998505 103.393387 0.000185 -0.000294 68.859985 0.000222 0.000045 0.000000 -0.000000 0.000000 89.060310 -0.341996 -19.997183 110.000000 0.000003 -0.000002 80.000000 -0.000000 0.000000 170.984879 -173.054321 179.942368 117.700523 -166.133896 -178.693970 92.600616 -113.563019 -89.706879 19.998953 -14.492010 -9.226016 151.497406 -144.571060 -101.084702 172.319305 -179.999786 179.999268 174.884659 -179.999817 179.999527 0.000003 0.000003 0.000000 90.965935 -179.741196 -165.002182 92.059120 179.999313 179.998474 118.441460 -179.999283 179.999069 0.000003 0.000003 0.000000 91.000000 179.999985 180.000000 70.535980 179.999939 179.998352 107.097000 -179.998962 179.999649 0.000003 0.000003 0.000000 90.984779 179.826355 170.001495 70.000008 179.999985 -179.999985 100.000008 -180.000000 -180.000000 0.000003 0.000003 0.000000 90.939705 179.657990 160.002808 70.000008 -179.999985 179.999985 100.000008 179.999985 -179.999985
-1.253738 89.569565 -177.938889 2.785743 -2.859989 -7.009714 177.456818 -165.618652 163.184799 174.977280 178.158783 -132.856979 1.501668 3.920381 -10.596087 177.617615 172.709137 -177.663345 0.448439 -5.924749 27.262335 3.665520 -9.971121 -19.520136 179.236069 -178.819611 -178.190582 178.752731 -178.834213 -178.225540 178.220947 -174.481873 -178.803574 1.134121 0.107837 -5.430169 1.172759 0.130201 -6.335128 0.867609 -1.821396 -4.667589 9.099840 9.749396 2.396856 66.190125 -20.343380 -20.523748 75.936028 44.900562 69.901619 172.936432 155.179901 -179.082581 24.111156 32.115822 77.454819 9.293008 -0.000202 -0.001180 6.189136 -0.000060 -0.000795 0.000000 0.000003 0.000000 77.868828 3.222886 14.657456 63.371628 -0.000012 -0.000016 44.360146 -0.000013 -0.000024 0.000000 0.000003 0.000000 89.000000 0.000007 0.000002 96.478340 -0.000040 0.000201 64.254547 -0.000125 0.000026 0.000000 0.000003 0.000000 89.015236 -0.173636 -9.998515 103.505653 -0.000069 0.000133 68.934731 -0.000106 -0.000015 0.000000 0.000003 0.000000 89.060287 -0.341999 -19.997189 110.000023 -0.000001 0.000005 79.999985 0.000004 0.000003 171.087357 -172.796585 -179.743301 116.946747 -165.194565 -178.054886 92.473198 -112.387802 -89.590096 19.711788 -14.665581 -8.998726 151.545288 -144.939087 -101.186058 172.101715 -179.999756 179.999451 174.739746 -179.999817 179.999649 0.000000 -0.000003 0.000000 90.965935 -179.741196 -165.002182 92.182991 179.999207 179.998322 118.528122 -179.999222 179.998947 0.000000 -0.000003 0.000000 91.000015 -180.000000 179.999985 70.660133 179.999893 179.998199 107.179634 -179.998901 179.999588 0.000000 -0.000003 0.000000 90.984795 179.826355 170.001480 70.000023 179.999985 179.999985 100.000023 179.999985 179.999985 0.000000 -0.000003 0.000000 90.939735 179.658005 160.002823 70.000008 -179.999985 -180.000000 99.999985 180.000000 180.000000
-1.433664 89.887367 -176.670105 2.530255 -2.608222 -7.017186 177.320312 -165.769638 163.667282 175.743500 178.837021 -136.361893 1.943855 4.248952 -10.143510 177.922623 172.583267 -176.287872 0.796602 -6.064758 26.102451 3.031116 -10.411904 -18.663691 179.293243 -178.751831 -178.212875 178.849045 -178.765137 -178.247192 178.339554 -174.166138 -178.814499 1.096776 0.103433 -5.386338 1.134184 0.124873 -6.284015 0.854229 -1.968487 -4.631142 9.027724 9.591621 2.619248 66.213120 -20.776785 -20.914148 76.243546 44.739635 70.192978 173.064758 155.216339 -178.930420 24.116568 32.303333 77.563232 9.168159 0.000007 0.000001 6.105995 -0.000000 0.000002 0.000000 -0.000000 0.000000 77.872108 3.222050 14.657625 63.374382 -0.000000 0.000004 44.362068 -0.000003 -0.000001 0.000000 -0.000000 0.000000 89.000000 -0.000000 0.000000 96.453995 -0.000005 0.000005 64.238373 0.000001 -0.000008 0.000000 -0.000000 0.000000 89.015190 -0.173640 -9.998509 103.486603 0.000003 -0.000007 68.922058 -0.000001 -0.000005 0.000000 -0.000000 0.000000 89.060295 -0.342008 -19.997194 110.000000 0.000002 0.000003 80.000000 0.000001 -0.000004 171.199051 -172.565842 -179.410034 116.337837 -164.581848 -177.705566 91.707558 -111.608650 -88.890259 19.507381 -14.803121 -8.771274 151.490067 -145.128113 -101.092773 172.023666 180.000000 -180.000000 174.687775 -180.000000 -180.000000 0.000000 -0.000000 0.000000 90.965942 -179.741180 -165.002182 92.270699 179.999985 179.999985 118.589516 -180.000000 179.999985 0.000000 -0.000000 0.000000 91.000015 179.999985 -180.000000 70.744759 -179.999985 -179.999985 107.236015 180.000000 180.000000 0.000000 -0.000000 0.000000 90.984802 179.826355 170.001495 70.000008 180.000000 -179.999985 100.000008 -179.999985 179.999985 0.000000 -0.000000 0.000000 90.939713 179.657990 160.002808 70.000008 180.000000 -179.999985 100.000008 -179.999985 -179.999985
-1.616881 90.210510 -175.405533 2.261373 -2.366809 -7.028596 177.190994 -165.998779 164.104034 176.522736 179.551941 -139.798935 2.374998 4.488660 -9.702066 178.242401 172.538773 -174.892700 1.144323 -6.105181 24.902334 2.407822 -10.847421 -17.885494 179.354370 -178.686981 -178.234695 178.951981 -178.698868 -178.268570 178.466675 -173.864471 -178.824951 1.055329 0.098676 -5.340609 1.091347 0.119134 -6.230658 0.840304 -2.143457 -4.592852 8.951275 9.418528 2.834595 66.232582 -21.227230 -21.322412 76.549194 44.545307 70.475876 173.199844 155.249100 -178.773911 24.148071 32.503086 77.691559 9.034890 -0.000045 -0.000168 6.017241 -0.000015 -0.000113 180.000000 179.999985 -180.000000 77.892906 3.216689 14.658751 63.391964 0.000056 0.000039 44.374329 0.000026 0.000044 180.000000 179.999985 -180.000000 89.000000 0.000005 0.000010 96.445709 0.000009 0.000092 64.232826 -0.000056 0.000025 180.000000 179.999985 -180.000000 89.015205 -0.173639 -9.998506 103.484932 -0.000033 0.000096 68.920944 -0.000063 0.000002 180.000000 179.999985 -180.000000 89.060280 -0.342010 -19.997187 110.000000 0.000005 0.000001 80.000000 -0.000004 0.000002 171.304047 -172.320465 -179.078278 115.726501 -163.952011 -177.354706 90.903656 -110.836098 -88.147179 19.291065 -14.941277 -8.542471 151.446274 -145.365158 -101.033943 171.912094 179.999954 -179.999924 174.613464 179.999969 -179.999954 0.000000 -0.000000 0.000000 90.965919 -179.741196 -165.002167 92.362335 179.999893 179.999786 118.653625 -179.999893 179.999847 0.000000 -0.000000 0.000000 90.999992 180.000000 179.999985 70.834175 179.999985 179.999786 107.295570 -179.999847 179.999954 0.000000 -0.000000 0.000000 90.984810 179.826355 170.001495 70.000008 180.000000 -179.999985 99.993088 -179.999893 179.999985 0.000000 -0.000000 0.000000 90.939690 179.657990 160.002808 70.000015 180.000000 180.000000 100.000008 -179.999985 -179.999985
-1.786421 90.523956 -174.122589 2.013104 -2.086133 -7.045117 177.050232 -165.976395 164.732437 177.353760 179.979034 -143.633209 2.949078 4.880213 -9.182281 178.576950 172.165787 -173.490646 1.499461 -6.513267 23.754070 1.724770 -11.268147 -16.790472 179.407806 -178.601120 -178.252029 179.042587 -178.611771 -178.285553 178.574890 -173.464417 -178.833954 1.032512 0.095797 -5.300348 1.067748 0.115684 -6.183690 0.826141 -2.168918 -4.558774 8.879592 9.359604 3.089720 66.270012 -21.627956 -21.678387 76.866928 44.469440 70.796394 173.313858 155.295364 -178.625946 23.995491 32.626125 77.698441 8.950903 -0.000133 -0.000356 5.961300 -0.000052 -0.000246 180.000000 -180.000000 179.999985 77.776939 3.246845 14.652305 63.294044 -0.000059 -0.000021 44.305832 -0.000023 -0.000035 180.000000 -180.000000 179.999985 89.000008 0.000005 -0.000005 96.307487 -0.000004 -0.000015 64.140808 0.000011 -0.000005 180.000000 -180.000000 179.999985 89.015190 -0.173635 -9.998509 103.341904 0.000008 -0.000028 68.825714 0.000032 0.000001 180.000000 -180.000000 179.999985 89.060287 -0.341998 -19.997200 110.000038 0.000001 -0.000001 79.999931 0.000002 -0.000007 171.426331 -172.170670 -178.740601 115.081161 -163.338150 -176.904160 89.946983 -109.985023 -87.205025 19.087553 -15.072944 -8.314764 151.293121 -145.161560 -100.703339 172.100494 -179.999847 179.999619 174.738922 -179.999863 179.999756 0.000000 -0.000000 0.000000 90.965935 -179.741196 -165.002182 92.415604 179.999664 179.999283 118.690956 -179.999680 179.999557 0.000000 -0.000000 0.000000 91.000000 -180.000000 -180.000000 70.875679 179.999969 179.999191 107.323219 -179.999496 179.999817 0.000000 -0.000000 0.000000 90.984802 179.826355 170.001495 70.000008 -179.999985 -179.999985 99.970718 -179.999100 179.999832 0.000000 -0.000000 0.000000 90.939728 179.657990 160.002808 69.999977 -179.999985 -180.000000 100.000038 180.000000 -179.999985
-1.946486 90.817001 -172.827377 1.819253 -1.782585 -7.051382 176.912521 -165.732956 165.462875 178.158264 -179.919327 -147.597198 3.665194 5.329656 -8.614635 178.896576 171.607864 -172.195999 1.852554 -7.104947 22.747921 1.006018 -11.648997 -15.473006 179.446442 -178.520676 -178.270645 179.108353 -178.530426 -178.303802 178.652008 -173.089432 -178.845108 1.012414 0.093452 -5.273352 1.046969 0.112866 -6.152184 0.813691 -2.186277 -4.535994 8.819568 9.261284 3.342499 66.324524 -21.961603 -21.977079 77.169785 44.477005 71.123276 173.397125 155.347809 -178.498352 23.962847 32.844692 77.734772 8.824320 -0.000178 -0.000407 5.877000 -0.000098 -0.000282 0.000000 -0.000000 0.000000 77.789543 3.243468 14.653117 63.304760 -0.000172 -0.000030 44.313305 -0.000058 -0.000094 0.000000 -0.000000 0.000000 89.000000 0.000007 0.000002 96.296410 -0.000037 -0.000118 64.133438 0.000058 -0.000048 0.000000 -0.000000 0.000000 89.015213 -0.173634 -9.998519 103.338272 0.000038 -0.000139 68.823257 0.000088 -0.000014 0.000000 -0.000000 0.000000 89.060287 -0.342002 -19.997213 110.000000 0.000001 -0.000001 80.000000 -0.000001 0.000004 171.552246 -171.989731 -178.397537 114.503860 -162.812500 -176.556183 88.724121 -109.266472 -85.978645 18.908525 -15.187793 -8.112046 151.256302 -145.512634 -100.648132 171.928986 -179.999786 179.999420 174.624710 -179.999832 179.999634 0.000000 -0.000000 0.000000 90.965897 -179.741196 -165.002182 92.524803 179.999512 179.998917 118.767319 -179.999481 179.999329 0.000000 -0.000000 0.000000 91.000000 -179.999985 179.999985 70.987228 179.999969 179.998749 107.397484 -179.999207 179.999725 0.000000 -0.000000 0.000000 90.984772 179.826355 170.001495 70.000031 -179.999985 -179.999985 100.099144 -179.998657 179.999756 0.000000 -0.000000 0.000000 90.939705 179.657990 160.002808 70.000008 180.000000 -179.999985 100.000023 179.999985 -179.999985
-2.099985 91.083199 -171.530472 1.704464 -1.459163 -7.022232 176.771729 -165.272003 166.247192 178.817062 179.970352 -151.644958 4.555408 6.028457 -8.009552 179.170258 171.135468 -171.090485 2.190117 -7.583841 21.952227 0.314768 -12.059937 -13.934712 179.465775 -178.475952 -178.305161 179.140884 -178.485107 -178.337631 178.692337 -172.880814 -178.868225 0.972254 0.089436 -5.254625 1.005447 0.108020 -6.130343 0.804220 -2.395977 -4.521245 8.757640 8.928085 3.555047 66.410568 -22.245047 -22.233593 77.448418 44.541962 71.429466 173.449402 155.400497 -178.386887 23.948074 33.042587 77.747032 8.716987 -0.000199 -0.000315 5.805518 -0.000095 -0.000221 0.000003 -0.000003 -0.000003 77.820053 3.235436 14.655064 63.330532 -0.000323 -0.000007 44.331375 -0.000175 -0.000167 0.000003 -0.000003 -0.000003 89.000000 0.000002 0.000007 96.309334 -0.000080 -0.000208 64.142036 0.000099 -0.000107 0.000003 -0.000003 -0.000003 89.015175 -0.173638 -9.998479 103.363914 0.000060 -0.000222 68.840340 0.000151 -0.000021 0.000003 -0.000003 -0.000003 89.060226 -0.342004 -19.997168 110.000015 0.000008 -0.000001 80.000008 -0.000003 -0.000002 171.660583 -171.577820 -178.014847 114.011070 -162.370407 -176.324860 87.315201 -108.681206 -84.533371 18.752256 -15.289773 -7.947438 151.240860 -145.944305 -100.629730 171.706818 -179.999847 179.999344 174.476730 -179.999847 179.999573 0.000000 -0.000000 0.000000 90.965897 -179.741180 -165.002182 92.648872 179.999481 179.998749 118.854187 -179.999420 179.999283 0.000000 -0.000000 0.000000 91.000000 179.999985 -179.999985 71.111496 179.999985 179.998550 107.480293 -179.999069 179.999695 0.000000 -0.000000 0.000000 90.984772 179.826370 170.001495 70.000008 180.000000 180.000000 100.241837 -179.998489 179.999771 0.000000 -0.000000 0.000000 90.939713 179.657990 160.002792 69.999977 180.000000 179.999985 100.000031 -180.000000 179.999985
-2.270958 91.258675 -170.252228 1.836143 -1.105414 -6.861852 176.593307 -164.566147 166.908356 179.113831 179.576111 -155.265121 5.581192 7.029320 -7.760432 179.341599 170.442719 -170.567245 2.434304 -8.088481 21.865938 179.689819 -167.405228 167.954224 179.412643 -178.415237 -178.404861 179.051147 -178.424820 -178.435913 178.584213 -172.597794 -178.954651 0.974062 0.089018 -5.224948 1.007328 0.107511 -6.095710 0.803189 -2.386852 -4.495500 8.736183 8.755334 3.765124 66.607544 -22.394121 -22.458040 77.576035 44.621109 71.602020 173.443420 155.457626 -178.281570 24.023739 33.117065 77.806458 8.671802 -0.000000 0.000000 5.775420 0.000003 0.000002 0.000000 0.000007 0.000000 77.898689 3.215101 14.659122 63.396847 0.000001 0.000001 44.377792 0.000001 -0.000003 0.000000 0.000007 0.000000 89.000000 -0.000005 0.000000 96.372856 -0.000003 0.000002 64.184319 -0.000002 0.000003 0.000000 0.000007 0.000000 89.015182 -0.173639 -9.998502 103.437187 -0.000003 0.000002 68.889145 0.000001 0.000005 0.000000 0.000007 0.000000 89.060295 -0.342004 -19.997189 110.000000 0.000001 0.000004 80.000000 0.000004 -0.000002 171.768555 -171.363800 -177.705338 113.726898 -162.153915 -176.292969 86.069092 -108.395378 -83.226517 18.665535 -15.359758 -7.840921 151.253555 -146.445129 -100.714600 171.421005 180.000000 -180.000000 174.286392 -180.000000 180.000000 179.999985 180.000000 180.000000 90.965935 -179.741196 -165.002182 92.747101 180.000000 -180.000000 118.922966 180.000000 180.000000 179.999985 180.000000 180.000000 91.000000 179.999985 -179.999985 71.219513 -180.000000 180.000000 107.552200 179.999985 180.000000 179.999985 180.000000 180.000000 90.984818 179.826355 170.001495 69.999992 180.000000 180.000000 100.355614 179.999985 -179.999985 179.999985 180.000000 180.000000 90.939713 179.657990 160.002792 70.000008 179.999985 180.000000 100.000008 180.000000 180.000000
-2.437996 91.443695 -168.972275 1.940169 -0.753019 -6.713608 176.416092 -163.894516 167.596222 179.433029 179.197403 -158.972168 6.680878 7.955395 -7.440230 179.534286 169.761749 -169.972061 2.699721 -8.608288 21.677858 179.069504 -166.903091 169.821014 179.367111 -178.352921 -178.497330 178.974533 -178.362717 -178.526794 178.491776 -172.306961 -179.033340 0.974203 0.088515 -5.195797 1.007490 0.106902 -6.061702 0.801378 -2.380558 -4.470257 8.710464 8.580771 3.981611 66.791603 -22.557938 -22.680855 77.728218 44.702915 71.792946 173.441010 155.513626 -178.177643 24.085232 33.204544 77.853889 8.621525 -0.000016 -0.000021 5.741933 -0.000013 -0.000016 180.000000 179.999985 179.999985 77.972778 3.195734 14.663343 63.459385 -0.000065 0.000012 44.421555 -0.000036 -0.000029 180.000000 179.999985 179.999985 89.000008 0.000002 -0.000002 96.431190 -0.000040 -0.000024 64.223175 0.000018 -0.000029 180.000000 179.999985 179.999985 89.015213 -0.173641 -9.998512 103.502899 -0.000010 -0.000035 68.932915 0.000028 -0.000005 180.000000 179.999985 179.999985 89.060295 -0.342003 -19.997192 110.000000 -0.000006 0.000000 80.000000 -0.000000 0.000009 171.876938 -171.141006 -177.385010 113.419304 -161.907761 -176.242355 84.732674 -108.086601 -81.822845 18.568649 -15.433120 -7.731824 151.263046 -146.941833 -100.788223 171.140442 179.999985 179.999939 174.099548 179.999985 179.999954 0.000000 -0.000000 0.000000 90.965958 -179.741196 -165.002182 92.848740 179.999954 179.999847 118.994110 -179.999939 179.999924 0.000000 -0.000000 0.000000 91.000015 -179.999985 -179.999985 71.331192 -179.999985 179.999847 107.626572 -179.999893 179.999969 0.000000 -0.000000 0.000000 90.984825 179.826370 170.001495 70.000008 180.000000 -179.999985 100.474144 -179.999832 179.999985 0.000000 -0.000000 0.000000 90.939743 179.658005 160.002792 70.000008 179.999985 180.000000 100.000008 179.999985 -179.999985
-2.617166 91.611000 -167.700821 2.145398 -0.385393 -6.509288 176.218796 -163.087280 168.228546 179.621933 178.663116 -162.550461 7.860452 8.961304 -7.291252 179.687851 169.010849 -169.581589 2.933575 -9.118329 21.757765 178.451859 -166.357742 171.862457 179.293060 -178.297104 -178.618469 178.849640 -178.307297 -178.645660 178.342407 -172.046188 -179.137314 0.977299 0.088187 -5.163086 1.010701 0.106515 -6.023537 0.802296 -2.385301 -4.442125 8.690288 8.381316 4.187096 67.024963 -22.674824 -22.900446 77.813927 44.788559 71.921478 173.419907 155.568878 -178.067276 24.209997 33.252148 77.956680 8.585012 0.000007 -0.000003 5.717618 0.000000 -0.000002 0.000000 0.000003 0.000000 78.071365 3.169993 14.668900 63.542603 -0.000122 0.000057 44.479843 -0.000093 -0.000034 0.000000 0.000003 0.000000 89.000000 0.000002 -0.000007 96.514839 -0.000091 -0.000051 64.278915 0.000001 -0.000072 0.000000 0.000003 0.000000 89.015228 -0.173635 -9.998523 103.608391 -0.000055 -0.000053 69.003189 0.000021 -0.000043 0.000000 0.000003 0.000000 89.060295 -0.342003 -19.997215 110.000000 -0.000000 0.000000 80.000000 0.000001 0.000001 171.977341 -170.902771 -177.072784 113.181923 -161.733734 -176.246262 83.471382 -107.878677 -80.486847 18.499905 -15.496046 -7.636945 151.281357 -147.489471 -100.909035 170.820236 179.999908 179.999985 173.886261 179.999939 179.999985 180.000000 180.000000 -180.000000 90.965912 -179.741180 -165.002182 92.946136 179.999954 179.999847 119.062302 -179.999924 179.999924 180.000000 180.000000 -180.000000 91.000000 180.000000 179.999985 71.436966 -179.999985 179.999817 107.697014 -179.999878 179.999985 180.000000 180.000000 -180.000000 90.984764 179.826355 170.001480 70.000008 179.999985 179.999985 100.582634 -179.999817 179.999985 180.000000 180.000000 -180.000000 90.939713 179.657990 160.002792 70.000000 179.999985 -179.999985 100.000015 -179.999985 -179.999985
-2.804627 91.732773 -166.433853 2.438478 -0.043943 -6.266232 176.003494 -162.167160 168.723557 179.708405 177.991089 -165.540543 8.857871 9.957542 -7.363194 179.764816 168.372864 -169.429474 3.089058 -9.450649 22.085079 177.945633 -165.814178 173.813690 179.194397 -178.240036 -178.754974 178.683365 -178.250656 -178.779526 178.144165 -171.778732 -179.258636 0.994148 0.089096 -5.127132 1.028151 0.107599 -5.981579 0.805490 -2.312280 -4.410479 8.698518 8.280586 4.371520 67.293823 -22.747160 -23.153698 77.830292 44.826603 72.000977 173.402756 155.617416 -177.949585 24.333155 33.230736 78.032616 8.591111 -0.000050 -0.000013 5.721682 -0.000017 -0.000011 0.000000 -0.000000 0.000000 78.164398 3.145739 14.674182 63.621212 -0.000224 0.000163 44.534836 -0.000191 -0.000019 0.000000 -0.000000 0.000000 89.000015 0.000000 0.000005 96.599487 -0.000224 -0.000025 64.335213 -0.000046 -0.000138 0.000000 -0.000000 0.000000 89.015244 -0.173646 -9.998495 103.707230 -0.000183 -0.000056 69.069000 -0.000012 -0.000133 0.000000 -0.000000 0.000000 89.060295 -0.342004 -19.997198 109.999985 -0.000012 -0.000008 80.000023 -0.000007 0.000008 172.070267 -170.781265 -176.828278 113.060410 -161.656281 -176.330978 82.468536 -107.818863 -79.439072 18.466383 -15.536956 -7.553362 151.281387 -147.946320 -101.000229 170.554352 179.999466 -179.999786 173.709198 179.999634 -179.999893 0.000000 -0.000000 0.000000 90.965919 -179.741196 -165.002182 93.010193 179.999985 179.999847 119.107132 -179.999924 179.999939 0.000000 -0.000000 0.000000 90.999992 -179.999985 -179.999985 71.509537 -179.999985 179.999832 107.745316 -179.999878 179.999985 0.000000 -0.000000 0.000000 90.984802 179.826370 170.001480 69.999977 179.999985 179.999985 100.661049 -179.999847 179.999985 0.000000 -0.000000 0.000000 90.939705 179.658005 160.002808 69.999985 -180.000000 -179.999985 100.000023 -180.000000 -180.000000
-3.006547 91.814102 -165.165024 2.846832 0.323234 -5.988890 175.744141 -161.097382 169.176880 179.734009 177.352448 -168.252014 9.678210 10.939246 -7.526904 179.830353 167.677872 -169.466064 3.214485 -9.690062 22.825401 177.395874 -165.104095 176.054184 179.064575 -178.188736 -178.914886 178.464294 -178.199615 -178.936447 177.883652 -171.538177 -179.403778 1.014664 0.090470 -5.095675 1.049393 0.109254 -5.944870 0.812353 -2.253202 -4.382847 8.714381 8.176845 4.506229 67.609879 -22.785069 -23.415045 77.733406 44.861603 72.016830 173.376434 155.681244 -177.816467 24.525158 33.103310 78.281479 8.614615 -0.000265 0.000019 5.737331 -0.000184 -0.000008 0.000000 0.000003 0.000003 78.222717 3.130696 14.677712 63.670444 -0.000398 0.000453 44.569256 -0.000412 0.000023 0.000000 0.000003 0.000003 88.999977 -0.000002 -0.000007 96.657784 -0.000550 0.000055 64.374077 -0.000191 -0.000306 0.000000 0.000003 0.000003 89.015205 -0.173644 -9.998515 103.778839 -0.000518 0.000015 69.116707 -0.000134 -0.000312 0.000000 0.000003 0.000003 89.060249 -0.342008 -19.997206 110.000015 -0.000006 -0.000008 80.000000 -0.000004 0.000010 172.153320 -170.707687 -176.657166 112.997566 -161.704666 -176.433517 81.663368 -107.896385 -78.627396 18.443888 -15.573963 -7.447439 151.273544 -148.467789 -101.139969 170.239075 179.998642 -179.999222 173.499222 179.999039 -179.999588 0.000000 -0.000000 0.000000 90.965950 -179.741196 -165.002182 93.066956 179.999985 179.999939 119.146873 -179.999969 179.999985 0.000000 -0.000000 0.000000 91.000000 -179.999985 179.999985 71.570366 -179.999985 179.999924 107.785812 -179.999939 179.999985 0.000000 -0.000000 0.000000 90.984810 179.826355 170.001495 69.999977 179.999985 179.999985 100.725525 -179.999954 -179.999985 0.000000 -0.000000 0.000000 90.939728 179.657990 160.002792 70.000008 -179.999985 -179.999985 100.000008 -179.999985 180.000000
-3.248418 91.764099 -163.878769 3.239509 0.599443 -5.806938 175.600586 -160.334579 169.451645 179.690842 177.126007 -169.708267 10.211604 11.274185 -7.896542 179.987457 166.960114 -169.760284 3.325117 -9.765600 24.246006 176.786819 -164.327545 178.278915 178.945892 -178.158920 -179.044601 178.263763 -178.169678 -179.063950 177.644882 -171.399307 -179.524277 1.036939 0.092314 -5.082613 1.072436 0.111469 -5.929638 0.819286 -2.170707 -4.371028 8.699586 8.145737 4.560915 67.946815 -22.723017 -23.674477 77.524986 44.857574 72.010445 173.332245 155.755753 -177.712997 24.671110 33.186317 78.348862 8.570107 0.000003 0.000001 5.707690 -0.000003 -0.000000 0.000000 -0.000000 0.000000 78.347588 3.097752 14.683840 63.775944 0.000007 -0.000004 44.643173 -0.000002 -0.000004 0.000000 -0.000000 0.000000 88.999985 -0.000002 0.000012 96.773636 0.000000 -0.000005 64.451241 -0.000001 -0.000005 0.000000 -0.000000 0.000000 89.015182 -0.173644 -9.998502 103.911499 -0.000000 0.000000 69.205070 0.000002 -0.000003 0.000000 -0.000000 0.000000 89.060295 -0.342008 -19.997194 109.999985 -0.000002 -0.000003 80.000000 -0.000004 0.000002 172.185867 -170.792526 -176.640198 113.012070 -161.998566 -176.580353 81.220734 -108.224358 -78.257195 18.431915 -15.597193 -7.361638 151.391342 -148.852173 -101.463028 169.954926 -179.999985 -180.000000 173.309982 -180.000000 -180.000000 0.000000 -0.000000 0.000000 90.965935 -179.741196 -165.002182 93.114250 180.000000 -180.000000 119.179955 -180.000000 179.999985 0.000000 -0.000000 0.000000 91.000000 -179.999985 179.999985 71.634094 -179.999985 -179.999985 107.828270 -179.999985 180.000000 0.000000 -0.000000 0.000000 90.984802 179.826355 170.001495 70.000015 -179.999985 -180.000000 100.766403 -179.999985 179.999985 0.000000 -0.000000 0.000000 90.939713 179.657990 160.002792 70.000008 179.999985 -179.999985 100.000008 180.000000 -179.999985
-3.485017 91.731033 -162.594742 3.646165 0.891438 -5.604501 175.443802 -159.504257 169.743851 179.658600 176.822067 -171.326828 10.802261 11.665634 -8.262565 0.125980 13.823144 9.984325 3.467680 -9.931282 25.570271 176.216476 -163.561295 -179.466125 178.821991 -178.123627 -179.180054 178.054749 -178.133957 -179.196655 177.396027 -171.233032 -179.649338 1.061327 0.094245 -5.067582 1.097674 0.113802 -5.912103 0.826895 -2.076041 -4.357584 8.691301 8.121156 4.624104 68.286751 -22.675528 -23.943954 77.324715 44.850262 72.008507 173.289581 155.829651 -177.602005 24.818541 33.254642 78.419128 8.533082 -0.000078 0.000034 5.683034 -0.000042 0.000017 0.000000 0.000003 0.000000 78.470535 3.065648 14.690543 63.879761 -0.000047 0.000091 44.715816 -0.000075 0.000021 0.000000 0.000003 0.000000 89.000000 -0.000002 0.000007 96.886902 -0.000104 0.000032 64.526672 -0.000054 -0.000055 0.000000 0.000003 0.000000 89.015190 -0.173636 -9.998504 104.041275 -0.000113 0.000027 69.291512 -0.000044 -0.000051 0.000000 0.000003 0.000000 89.060295 -0.342007 -19.997200 110.000000 -0.000005 -0.000001 80.000008 0.000001 0.000001 172.228333 -170.877075 -176.613800 113.020203 -162.264969 -176.719696 80.765862 -108.527214 -77.867172 18.419281 -15.621893 -7.269280 151.492447 -149.258392 -101.771820 169.661591 179.999725 -179.999817 173.114609 179.999817 -179.999908 0.000007 -0.000003 0.000003 90.965912 -179.741196 -165.002182 93.159775 -179.999985 -179.999985 119.211853 179.999985 -179.999985 0.000007 -0.000003 0.000003 91.000015 179.999985 -179.999985 71.696686 179.999985 -179.999985 107.870018 179.999985 -180.000000 0.000007 -0.000003 0.000003 90.984802 179.826355 170.001495 70.000015 -179.999985 179.999985 100.807785 179.999985 179.999985 0.000007 -0.000003 0.000003 90.939743 179.657990 160.002792 69.999992 180.000000 180.000000 99.999985 -179.999985 -179.999985
-3.736838 91.647667 -161.303528 4.031758 1.140213 -5.451971 175.328003 -158.755707 169.969452 179.637054 176.663025 -172.435135 11.312129 11.846062 -8.691855 0.270730 14.336958 9.618968 3.617710 -9.784344 27.180138 175.624893 -162.811646 -177.215408 178.707611 -178.105911 -179.298203 177.861755 -178.115631 -179.312332 177.166504 -171.148697 -179.758804 1.079083 0.095743 -5.063193 1.116050 0.115609 -5.906982 0.834010 -2.025395 -4.353467 8.661920 8.069264 4.646276 68.621643 -22.587372 -24.191822 77.082436 44.841282 71.990547 173.243057 155.904785 -177.507645 24.954556 33.364082 78.467056 8.479242 -0.000270 0.000227 5.647179 -0.000198 0.000132 0.000000 -0.000000 0.000000 78.603210 3.031096 14.697695 63.991756 -0.000054 0.000260 44.794228 -0.000161 0.000104 0.000000 -0.000000 0.000000 88.999985 -0.000002 -0.000002 97.013588 -0.000239 0.000157 64.611046 -0.000165 -0.000096 0.000000 -0.000000 0.000000 89.015190 -0.173639 -9.998501 104.182884 -0.000300 0.000160 69.385765 -0.000170 -0.000151 0.000000 -0.000000 0.000000 89.060280 -0.342014 -19.997200 110.000000 -0.000004 0.000003 80.000000 0.000002 -0.000003 172.245819 -170.968246 -176.638657 113.064613 -162.636093 -176.918930 80.417435 -108.960365 -77.621941 18.403496 -15.642717 -7.192777 151.647705 -149.592606 -102.141869 169.394119 179.999390 -179.999527 172.936478 179.999557 -179.999741 0.000000 0.000003 0.000000 90.965919 -179.741196 -165.002182 93.215630 180.000000 -179.999924 119.250977 179.999954 -179.999969 0.000000 0.000003 0.000000 90.999992 179.999985 179.999985 71.762779 179.999954 -179.999893 107.914024 179.999924 179.999985 0.000000 0.000003 0.000000 90.984802 179.826355 170.001480 70.000000 179.999985 -179.999985 100.851921 179.999969 179.999985 0.000000 0.000003 0.000000 90.939705 179.657990 160.002808 69.999992 -179.999985 -179.999985 100.000023 -179.999985 180.000000
-4.003344 91.513306 -160.006256 4.367487 1.333451 -5.359863 175.260361 -158.408798 170.130966 179.561951 177.011246 -173.039352 11.458495 11.834229 -9.053461 0.496417 14.878182 9.180325 3.797692 -9.625098 29.034256 175.060547 -162.050034 -175.003906 178.610306 -178.098694 -179.396545 177.697510 -178.107697 -179.408585 176.970703 -171.113510 -179.848923 1.096285 0.097182 -5.064095 1.133847 0.117357 -5.908045 0.840322 -1.959319 -4.353926 8.617127 8.050707 4.657940 68.939621 -22.450714 -24.417431 76.826988 44.832977 71.972275 173.191360 155.984177 -177.438843 25.081619 33.564152 78.508308 8.379007 -0.000565 0.000695 5.580413 -0.000417 0.000422 0.000000 -0.000000 0.000000 78.735062 2.996912 14.704644 64.103058 0.000044 0.000527 44.872139 -0.000226 0.000287 0.000000 -0.000000 0.000000 89.000000 0.000010 -0.000000 97.135239 -0.000393 0.000447 64.692062 -0.000391 -0.000110 0.000000 -0.000000 0.000000 89.015228 -0.173633 -9.998515 104.331963 -0.000541 0.000467 69.485123 -0.000414 -0.000225 0.000000 -0.000000 0.000000 89.060295 -0.342001 -19.997196 110.000000 -0.000005 -0.000005 80.000008 -0.000007 0.000008 172.229630 -171.112991 -176.698792 113.093071 -163.065384 -177.024170 80.228630 -109.363152 -77.527672 18.387703 -15.656263 -7.142601 151.855896 -149.871948 -102.557060 169.149139 179.999207 -179.999298 172.773331 179.999420 -179.999588 0.000000 -0.000000 0.000000 90.965912 -179.741196 -165.002182 93.276878 180.000000 -179.999847 119.293816 179.999908 -179.999954 0.000000 -0.000000 0.000000 91.000000 179.999985 -179.999985 71.848381 179.999893 -179.999786 107.971062 179.999847 179.999985 0.000000 -0.000000 0.000000 90.984779 179.826355 170.001495 70.000008 -179.999985 -179.999985 100.892715 179.999954 179.999985 0.000000 -0.000000 0.000000 90.939720 179.657990 160.002792 70.000008 179.999985 -180.000000 100.000038 179.999985 179.999985
-4.287148 91.324631 -158.704498 4.644131 1.464976 -5.331268 175.203857 -158.494461 170.224960 179.520844 177.636139 -173.164154 11.342091 11.407402 -9.194580 0.817443 15.265960 8.622459 3.988748 -9.272668 31.250280 174.481262 -161.319611 -172.792160 178.535217 -178.134689 -179.481094 177.570343 -178.142883 -179.491302 176.819794 -171.280334 -179.918793 1.088957 0.096384 -5.060591 1.126260 0.116411 -5.903938 0.844131 -2.069862 -4.351086 8.532366 7.870737 4.658162 69.243149 -22.238491 -24.598434 76.552727 44.860603 71.930176 173.134644 156.060730 -177.400681 25.222334 33.831062 78.566978 8.240592 -0.000844 0.001356 5.488229 -0.000642 0.000845 180.000000 179.999985 179.999985 78.888405 2.957108 14.712468 64.232536 0.000288 0.000758 44.962776 -0.000244 0.000509 180.000000 179.999985 179.999985 88.999969 -0.000005 0.000010 97.275063 -0.000457 0.000866 64.785202 -0.000657 -0.000041 180.000000 179.999985 179.999985 89.015190 -0.173634 -9.998506 104.493370 -0.000739 0.000914 69.592567 -0.000753 -0.000257 180.000000 179.999985 179.999985 89.060265 -0.341999 -19.997198 110.000008 -0.000004 0.000003 80.000000 0.000004 -0.000002 172.167450 -171.097656 -176.723709 113.138603 -163.585480 -177.208939 80.074921 -109.896431 -77.505386 18.385763 -15.665508 -7.123046 152.066284 -150.060074 -102.926018 168.967026 179.999069 -179.999069 172.652039 179.999313 -179.999466 0.000000 -0.000000 0.000000 90.965958 -179.741196 -165.002182 93.342690 179.999985 -179.999939 119.339905 179.999954 -179.999985 0.000000 -0.000000 0.000000 91.000000 -180.000000 179.999985 71.932678 179.999908 -179.999817 108.027184 179.999847 179.999985 0.000000 -0.000000 0.000000 90.984795 179.826355 170.001495 69.999985 -179.999985 -179.999985 100.934532 -179.999847 -179.999954 0.000000 -0.000000 0.000000 90.939690 179.657990 160.002808 69.999977 -179.999985 180.000000 100.000000 -179.999985 179.999985
-4.626404 90.993706 -157.383224 4.656805 1.366773 -5.475081 175.312073 -159.336502 170.255341 179.276108 178.598145 -172.295670 10.994105 11.199197 -9.046200 1.288027 15.334068 7.929399 4.041792 -8.838364 33.755207 174.104126 -161.272308 -171.156830 178.536560 -178.203796 -179.492981 177.572098 -178.211884 -179.503036 176.822128 -171.603027 -179.917557 1.079037 0.095036 -5.032928 1.115982 0.114820 -5.871654 0.842062 -2.140966 -4.327419 8.429823 7.801324 4.719400 69.443031 -21.895878 -24.595253 76.471382 45.036900 71.960648 173.093964 156.120941 -177.431030 25.404312 34.045761 78.737885 8.103015 0.000000 -0.000002 5.396610 -0.000003 -0.000000 0.000000 -0.000000 0.000000 79.009659 2.924278 14.718607 64.335197 -0.000001 -0.000001 45.034630 -0.000011 -0.000008 0.000000 -0.000000 0.000000 88.999977 -0.000002 -0.000002 97.395027 0.000005 -0.000009 64.865067 -0.000007 0.000004 0.000000 -0.000000 0.000000 89.015182 -0.173637 -9.998499 104.634621 0.000007 -0.000001 69.686691 0.000001 -0.000008 0.000000 -0.000000 0.000000 89.060280 -0.342002 -19.997206 110.000015 -0.000000 0.000009 80.000000 0.000007 -0.000008 172.041077 -171.072021 -176.613663 113.232330 -164.116653 -177.372513 79.883659 -110.340652 -77.433968 18.437561 -15.671850 -7.158718 152.169968 -150.230042 -103.103462 168.839172 -180.000000 -180.000000 172.566895 -180.000000 -180.000000 0.000003 -0.000000 0.000000 90.965919 -179.741196 -165.002182 93.350952 -180.000000 180.000000 119.345657 179.999985 -179.999985 0.000003 -0.000000 0.000000 91.000000 -179.999985 179.999985 71.957642 180.000000 180.000000 108.043808 -180.000000 179.999985 0.000003 -0.000000 0.000000 90.984802 179.826355 170.001495 69.999992 180.000000 180.000000 100.915833 179.999985 -180.000000 0.000003 -0.000000 0.000000 90.939690 179.657990 160.002792 69.999985 179.999985 179.999985 100.000008 180.000000 180.000000
-4.957573 90.679108 -156.065857 4.699815 1.301064 -5.595168 175.391129 -160.144379 170.273666 179.045044 179.606110 -171.513351 10.710026 10.943871 -8.960729 1.733569 15.377996 7.254563 4.142263 -8.391333 36.195824 173.735245 -161.129822 -169.486313 178.529755 -178.267624 -179.514618 177.559967 -178.275467 -179.524261 176.808777 -171.900894 -179.925171 1.068901 0.093676 -5.006354 1.105504 0.113188 -5.840645 0.840189 -2.217228 -4.304836 8.324598 7.718571 4.781569 69.657326 -21.567160 -24.626333 76.359306 45.183144 71.976189 173.051773 156.180923 -177.452362 25.546221 34.216076 78.853737 7.999298 -0.000406 0.000712 5.327536 -0.000305 0.000449 0.000000 -0.000000 0.000000 79.112419 2.897679 14.723804 64.421951 0.000153 0.000241 45.095337 -0.000044 0.000204 0.000000 -0.000000 0.000000 88.999977 -0.000002 0.000002 97.497513 -0.000113 0.000317 64.933357 -0.000219 0.000014 0.000000 -0.000000 0.000000 89.015205 -0.173642 -9.998498 104.755333 -0.000212 0.000340 69.767021 -0.000268 -0.000058 0.000000 -0.000000 0.000000 89.060280 -0.342008 -19.997192 109.999985 0.000007 0.000004 80.000000 0.000002 -0.000003 171.923325 -171.047058 -176.515701 113.316757 -164.634109 -177.549728 79.713608 -110.802551 -77.385765 18.482742 -15.677419 -7.192117 152.279526 -150.338776 -103.268372 168.747742 179.999588 -179.999588 172.505997 179.999695 -179.999771 0.000000 -0.000000 0.000000 90.965935 -179.741196 -165.002182 93.362503 -179.999985 179.999985 119.353760 -179.999985 179.999985 0.000000 -0.000000 0.000000 91.000023 179.999985 -180.000000 71.985260 179.999985 -179.999985 108.062202 179.999985 180.000000 0.000000 -0.000000 0.000000 90.984818 179.826370 170.001495 70.000015 180.000000 -179.999985 100.901894 -179.999939 -179.999985 0.000000 -0.000000 0.000000 90.939728 179.658005 160.002792 70.000015 179.999985 -180.000000 99.999992 -179.999985 179.999985
-5.314096 90.307709 -154.737885 4.641580 1.135053 -5.795824 175.571274 -161.072800 170.303513 178.737106 -179.486053 -170.315689 10.324618 10.874646 -8.748132 2.287559 15.457231 6.490262 4.208811 -8.048707 38.941551 173.415817 -161.323227 -167.863876 178.551819 -178.350632 -179.507050 177.596451 -178.358551 -179.516861 176.853699 -172.288849 -179.903793 1.057468 0.092026 -4.967811 1.093696 0.111198 -5.795683 0.836975 -2.293974 -4.272098 8.223420 7.676561 4.882967 69.822273 -21.143209 -24.539135 76.328125 45.443211 72.022789 173.013046 156.241486 -177.503876 25.988703 34.714523 79.359154 7.651414 -0.000276 0.000697 5.095837 -0.000228 0.000447 0.000000 -0.000000 0.000000 79.362190 2.832207 14.736229 64.632950 0.000225 0.000300 45.243038 -0.000047 0.000254 0.000000 -0.000000 0.000000 89.000000 0.000005 -0.000005 97.734901 -0.000129 0.000439 65.091476 -0.000300 0.000051 0.000000 -0.000000 0.000000 89.015205 -0.173636 -9.998503 105.033356 -0.000270 0.000512 69.952202 -0.000377 -0.000063 0.000000 -0.000000 0.000000 89.060265 -0.342001 -19.997194 110.000023 0.000003 0.000007 80.000015 0.000004 -0.000010 171.781036 -171.008301 -176.335983 113.428093 -165.182312 -177.699936 79.507111 -111.226967 -77.292427 18.551817 -15.682743 -7.241141 152.406143 -150.845840 -103.600883 168.401718 179.999741 -179.999619 172.275543 179.999802 -179.999771 180.000000 180.000000 -179.999985 90.965912 -179.741196 -165.002182 93.377975 179.999969 179.999771 119.364594 -179.999863 179.999908 180.000000 180.000000 -179.999985 91.000000 179.999985 -179.999985 72.025711 -179.999954 179.999832 108.089119 -179.999878 179.999985 180.000000 180.000000 -179.999985 90.984802 179.826355 170.001495 70.000023 -180.000000 -179.999985 100.883301 -179.999619 -179.999969 180.000000 180.000000 -179.999985 90.939720 179.657990 160.002808 70.000015 -179.999985 -179.999985 100.000008 -180.000000 179.999985
-5.702274 89.687004 -153.397293 4.511821 0.874576 -6.035580 175.869720 -162.221054 170.358749 178.315338 -178.448303 -168.931320 9.307932 11.125237 -7.993204 2.903951 15.834619 5.716215 4.248436 -8.056165 41.746010 173.199341 -161.798569 -166.390396 178.595505 -178.454941 -179.482559 177.669312 -178.462997 -179.492783 176.943344 -172.776215 -179.863281 1.044230 0.090023 -4.917160 1.080049 0.108766 -5.736615 0.833057 -2.378028 -4.229140 8.150361 7.642591 5.005770 69.970642 -20.709387 -24.510796 76.435669 45.699272 72.209442 172.997147 156.304810 -177.570084 26.191227 34.926788 79.582359 7.501556 -0.000328 0.000936 4.996047 -0.000259 0.000604 0.000000 -0.000000 0.000000 79.478638 2.801709 14.741886 64.731308 0.000295 0.000361 45.311932 -0.000026 0.000329 0.000000 -0.000000 0.000000 89.000015 -0.000002 0.000007 97.849304 -0.000135 0.000630 65.167648 -0.000421 0.000100 0.000000 -0.000000 0.000000 89.015205 -0.173641 -9.998507 105.174492 -0.000357 0.000720 70.046211 -0.000536 -0.000050 0.000000 -0.000000 0.000000 89.060265 -0.342008 -19.997189 110.000015 0.000002 0.000003 80.000000 -0.000007 0.000003 171.621353 -170.903564 -176.076904 113.554115 -165.711243 -177.784195 79.276634 -111.555122 -77.146263 18.643518 -15.687046 -7.284177 152.368866 -151.042984 -103.585930 168.298798 179.999466 -179.999130 172.207001 179.999573 -179.999466 0.000000 0.000003 0.000000 90.965912 -179.741196 -165.002182 93.327072 179.999893 179.999634 119.328911 -179.999802 179.999802 0.000000 0.000003 0.000000 91.000000 -180.000000 -180.000000 71.982971 -179.999969 179.999710 108.060623 -179.999802 179.999969 0.000000 0.000003 0.000000 90.984772 179.826355 170.001495 70.000015 -179.999985 -179.999985 100.805428 -179.999283 -179.999985 0.000000 0.000003 0.000000 90.939705 179.657990 160.002792 69.999977 -179.999985 -179.999985 100.000038 -179.999985 -180.000000
-6.120422 89.446594 -151.997620 4.329124 0.478926 -6.414672 176.190292 -162.997009 170.736557 177.921783 -178.126617 -167.711884 8.278053 11.357007 -7.057854 3.521575 16.131632 4.998082 4.245277 -8.007828 44.652565 173.107574 -162.631363 -165.150482 178.656464 -178.581238 -179.398056 177.771683 -178.590195 -179.409775 177.066193 -173.365646 -179.775742 1.034593 0.088355 -4.875102 1.070220 0.106668 -5.687589 0.832158 -2.446286 -4.193223 8.099153 7.619505 5.038276 70.020058 -20.316408 -24.276007 76.637833 46.095432 72.412430 172.989655 156.360291 -177.660828 26.345020 35.229065 79.823387 7.294149 0.000080 -0.000335 4.857910 0.000071 -0.000217 0.000000 -0.000000 0.000000 79.560020 2.780340 14.745822 64.800056 0.000332 0.000356 45.360065 -0.000017 0.000341 0.000000 -0.000000 0.000000 89.000031 0.000005 -0.000010 97.935204 -0.000150 0.000796 65.224831 -0.000521 0.000129 0.000000 -0.000000 0.000000 89.015297 -0.173639 -9.998503 105.285561 -0.000377 0.000812 70.120201 -0.000599 -0.000020 0.000000 -0.000000 0.000000 89.060295 -0.342011 -19.997196 110.000008 -0.000000 0.000000 79.999969 -0.000002 -0.000006 171.415207 -170.799957 -175.829803 113.771149 -166.318146 -177.914612 78.937668 -111.939987 -76.883812 18.750454 -15.702835 -7.305844 152.271301 -151.286545 -103.445427 168.201996 179.998398 -179.997833 172.142532 179.998734 -179.998718 0.000000 -0.000000 0.000000 90.965965 -179.741196 -165.002197 93.265694 179.999878 179.999695 119.286034 -179.999847 179.999832 0.000000 -0.000000 0.000000 91.000023 -179.999985 179.999985 71.927338 180.000000 179.999847 108.023674 -179.999908 179.999985 0.000000 -0.000000 0.000000 90.984825 179.826370 170.001495 70.000008 179.999985 179.999985 100.720764 -179.998886 179.999924 0.000000 -0.000000 0.000000 90.939766 179.657990 160.002792 69.999969 179.999985 -179.999985 100.000008 -179.999985 -179.999985
-6.545989 89.256302 -150.646790 3.905205 -0.097508 -6.866021 176.756165 -164.158783 171.222885 177.712814 -178.824097 -166.533401 7.196146 10.386085 -6.512074 4.192395 16.730709 4.362360 4.079920 -8.454556 47.323292 173.264801 -164.133957 -164.812149 178.768738 -178.666336 -179.235138 177.959427 -178.676971 -179.251190 177.293350 -173.767059 -179.636368 1.074571 0.093179 -4.958680 1.111438 0.112531 -5.785074 0.835719 -2.144191 -4.265058 8.029993 7.928952 4.602281 69.897881 -20.163227 -23.419060 76.902809 46.674038 72.594658 172.920502 156.429016 -177.837601 26.453363 35.151409 79.936829 7.315721 -0.000000 0.000001 4.872275 0.000007 0.000000 0.000000 -0.000000 0.000000 79.598541 2.769621 14.747857 64.832733 -0.000011 0.000005 45.382927 0.000008 -0.000001 0.000000 -0.000000 0.000000 89.000038 -0.000002 -0.000007 97.989273 -0.000003 0.000002 65.260834 -0.000002 0.000003 0.000000 -0.000000 0.000000 89.015236 -0.173641 -9.998500 105.344894 -0.000003 0.000002 70.159706 0.000002 0.000010 0.000000 -0.000000 0.000000 89.060318 -0.342009 -19.997196 110.000000 0.000001 0.000008 80.000000 0.000002 -0.000003 171.154999 -171.199402 -176.161469 114.138435 -167.370316 -177.613556 78.872482 -112.034752 -76.731133 18.835644 -15.758427 -7.378305 152.300461 -151.665192 -103.603600 167.962631 180.000000 180.000000 171.983109 -180.000000 -180.000000 0.000000 -0.000000 0.000000 90.965935 -179.741196 -165.002182 93.246017 180.000000 -180.000000 119.272232 179.999985 -179.999985 0.000000 -0.000000 0.000000 90.999992 179.999985 -179.999985 71.919106 179.999985 180.000000 108.018120 -179.999985 180.000000 0.000000 -0.000000 0.000000 90.984810 179.826355 170.001495 69.999992 180.000000 180.000000 100.652527 179.999985 -179.999985 0.000000 -0.000000 0.000000 90.939713 179.657990 160.002792 69.999992 179.999985 -179.999985 100.000008 -180.000000 -180.000000
-6.978751 89.055565 -149.275223 3.527308 -0.673144 -7.305657 177.303345 -165.262817 171.767151 177.472092 -179.404999 -165.428040 6.194481 9.584303 -5.864978 4.855301 17.312513 3.723769 3.913601 -8.845770 50.038780 173.341003 -165.590500 -164.321884 178.873154 -178.756607 -179.080261 178.134460 -178.768188 -179.099533 177.506348 -174.190140 -179.500793 1.110478 0.097543 -5.028226 1.148491 0.117826 -5.866193 0.838923 -1.865566 -4.323907 7.959136 8.213234 4.202045 69.801048 -20.004721 -22.626232 77.179153 47.236324 72.806618 172.855453 156.493439 -178.006058 26.556795 35.134434 80.058144 7.301829 0.000052 -0.000447 4.863019 0.000067 -0.000293 0.000000 -0.000000 0.000000 79.636986 2.759606 14.749687 64.865250 0.000056 0.000064 45.405647 -0.000002 0.000058 0.000000 -0.000000 0.000000 89.000008 0.000002 -0.000012 98.042877 -0.000026 0.000131 65.296593 -0.000098 0.000026 0.000000 -0.000000 0.000000 89.015190 -0.173639 -9.998507 105.403290 -0.000071 0.000144 70.198601 -0.000111 -0.000003 0.000000 -0.000000 0.000000 89.060265 -0.342001 -19.997198 109.999992 0.000002 0.000003 80.000008 -0.000000 0.000000 170.891205 -171.555801 -176.425415 114.498222 -168.357834 -177.346344 78.757408 -112.152039 -76.540787 18.924477 -15.813312 -7.435965 152.289856 -152.005417 -103.667091 167.766159 179.999069 -179.999191 171.852264 179.999313 -179.999557 0.000000 -0.000000 0.000000 90.965912 -179.741196 -165.002197 93.218536 -179.999985 -179.999969 119.252975 179.999985 -179.999985 0.000000 -0.000000 0.000000 91.000000 -180.000000 179.999985 71.899887 179.999985 -179.999878 108.005302 179.999924 -179.999985 0.000000 -0.000000 0.000000 90.984802 179.826355 170.001495 70.000008 -179.999985 -179.999985 100.578217 -179.999847 179.999985 0.000000 -0.000000 0.000000 90.939697 179.657990 160.002792 69.999977 -179.999985 -180.000000 100.000023 179.999985 -179.999985
-7.401999 88.881866 -147.948914 2.962600 -1.267697 -7.856315 178.055573 -166.600067 172.320435 177.395416 179.599930 -164.146393 5.034348 8.097074 -5.216406 5.668272 18.085459 3.220033 3.663831 -9.544911 52.679192 173.500916 -167.311172 -164.225769 179.014297 -178.831802 -178.856750 178.371689 -178.844315 -178.880325 177.794098 -174.545288 -179.313263 1.162352 0.104851 -5.161034 1.201935 0.126742 -6.021094 0.845413 -1.493423 -4.436490 7.861096 8.575678 3.609977 69.677803 -19.912643 -21.594797 77.460434 47.872971 73.013107 172.757599 156.566849 -178.218521 26.634626 34.893127 80.075256 7.429804 0.000289 -0.001656 4.948247 0.000303 -0.001082 0.000000 -0.000000 0.000000 79.667709 2.751769 14.751105 64.891136 0.000165 0.000206 45.423782 -0.000015 0.000186 0.000000 -0.000000 0.000000 89.000015 -0.000000 0.000000 98.091339 -0.000100 0.000380 65.328812 -0.000260 0.000044 0.000000 -0.000000 0.000000 89.015213 -0.173634 -9.998514 105.456787 -0.000240 0.000401 70.234253 -0.000310 -0.000064 0.000000 -0.000000 0.000000 89.060280 -0.342002 -19.997208 110.000000 -0.000005 -0.000001 80.000008 0.000001 0.000001 170.603775 -172.055878 -176.949203 114.947044 -169.536865 -176.840302 78.771675 -112.102554 -76.412888 19.001976 -15.879615 -7.531265 152.359344 -152.503265 -103.964874 167.428482 179.994965 -179.996628 171.627380 179.996338 -179.998291 0.000000 -0.000000 0.000000 90.965927 -179.741196 -165.002167 93.211426 -179.999847 -179.999573 119.248024 179.999786 -179.999756 0.000000 -0.000000 0.000000 91.000000 -179.999985 -179.999985 71.902977 179.999939 -179.999100 108.007362 179.999420 -179.999847 0.000000 -0.000000 0.000000 90.984802 179.826355 170.001495 69.999992 -179.999985 179.999985 100.521805 -179.999832 179.999985 0.000000 -0.000000 0.000000 90.939705 179.657990 160.002808 70.000008 179.999985 179.999985 100.000008 -179.999985 179.999985
-7.799265 88.750908 -146.718964 2.310703 -1.872317 -8.224876 178.812454 -167.967102 172.483078 177.674866 178.100418 -162.800476 3.686051 5.857873 -4.607099 6.374404 18.596714 2.653840 3.328477 -10.251346 54.960281 173.626495 -169.205200 -164.634521 179.160263 -178.881180 -178.685806 178.616974 -178.893219 -178.712433 178.097443 -174.777466 -179.165909 1.232550 0.116145 -5.360958 1.274224 0.140496 -6.254247 0.854470 -1.016011 -4.605177 7.791433 9.065228 2.959780 69.583557 -19.892450 -20.514246 77.683876 48.478920 73.165504 172.644241 156.650421 -178.455551 26.597023 34.409084 79.835922 7.740743 0.001170 -0.002364 5.155343 0.000925 -0.001496 0.000000 -0.000000 0.000000 79.662819 2.754178 14.750862 64.886780 0.000556 0.001013 45.420723 -0.000260 0.000780 0.000000 -0.000000 0.000000 88.999977 -0.000002 -0.000007 98.111916 -0.000673 0.001262 65.342529 -0.000953 -0.000051 0.000000 -0.000000 0.000000 89.015175 -0.173649 -9.998507 105.469429 -0.001310 0.001430 70.242622 -0.001193 -0.000501 0.000000 -0.000000 0.000000 89.060265 -0.342011 -19.997213 110.000000 0.000003 -0.000002 79.999985 -0.000000 0.000013 170.351822 -172.723785 -177.745544 115.516808 -170.879135 -176.258072 78.835487 -112.019691 -76.307472 19.054083 -15.942565 -7.672634 152.430359 -152.872345 -104.326279 167.134735 179.974228 -179.985367 171.431717 179.981491 -179.993134 180.000000 179.999985 179.999985 90.965935 -179.741180 -165.002182 93.171768 -179.999298 -179.996704 119.220245 179.998230 -179.998428 180.000000 179.999985 179.999985 90.999992 179.999985 -179.999985 71.885750 179.999008 -179.994919 107.995949 179.996597 -179.999573 180.000000 179.999985 179.999985 90.984779 179.826370 170.001495 69.999992 179.999985 179.999985 100.447197 179.998932 179.999924 180.000000 179.999985 179.999985 90.939705 179.658005 160.002808 70.000008 -179.999985 -179.999985 100.000000 179.999985 -179.999985
-8.151097 88.902901 -145.589844 1.632874 -2.584750 -8.523386 179.527115 -169.417633 171.993530 178.500519 176.013077 -160.487564 2.619308 2.741310 -4.876992 7.001554 18.805983 1.860492 2.819004 -10.560516 57.420185 174.193848 -171.038040 -165.746536 179.306534 -178.924774 -178.540405 178.862976 -178.935562 -178.569580 178.405716 -174.979095 -179.039459 1.312038 0.127094 -5.513487 1.356385 0.153668 -6.432164 0.866920 -0.477064 -4.732939 7.747872 9.694911 2.347217 69.325462 -19.627069 -19.031481 77.639191 49.336201 72.965622 172.559662 156.750458 -178.679123 27.409065 33.832302 80.649071 7.895184 0.001864 -0.003001 5.258192 0.001433 -0.001874 0.000000 -0.000000 0.000000 79.945816 2.678236 14.764358 65.126205 -0.000004 -0.000019 45.588379 0.000009 -0.000022 0.000000 -0.000000 0.000000 89.000000 0.000002 0.000002 98.384827 -0.000028 0.000025 65.524284 -0.000028 -0.000014 0.000000 -0.000000 0.000000 89.015213 -0.173636 -9.998512 105.790009 -0.000465 0.000348 70.456123 -0.000323 -0.000211 0.000000 -0.000000 0.000000 89.060295 -0.342001 -19.997185 110.000000 -0.000003 0.000002 80.000000 -0.000002 0.000007 170.101822 -173.593536 -178.702209 116.190781 -172.533264 -175.761459 79.263496 -112.067528 -76.455460 19.083988 -15.922414 -8.013447 153.154999 -154.866898 -106.845253 165.467484 179.994507 -179.996033 170.321335 179.995941 -179.998032 0.000000 -0.000000 0.000000 90.965897 -179.741196 -165.002182 93.409767 -179.999588 -179.996567 119.386841 179.998032 -179.998566 0.000000 -0.000000 0.000000 90.999969 179.999985 179.999985 72.237106 179.998291 -179.994446 108.229904 179.996124 -179.999908 0.000000 -0.000000 0.000000 90.984756 179.826355 170.001480 70.000015 -179.999985 179.999985 100.561501 -179.999756 -179.999969 0.000000 -0.000000 0.000000 90.939690 179.657990 160.002808 69.999992 -179.999985 -179.999985 100.000038 179.999985 179.999985
-8.341404 88.646584 -144.635742 1.202509 -3.142037 -8.665134 179.803284 -170.824692 170.978790 179.397202 175.445038 -157.415878 1.865488 0.957943 -5.880052 7.308652 18.860168 0.813528 2.200222 -10.781484 59.486816 175.253723 -172.211044 -167.465881 179.404938 -178.970566 -178.442398 179.027023 -178.980347 -178.473724 178.615707 -175.193649 -178.956985 1.351748 0.131542 -5.546888 1.397503 0.158985 -6.471149 0.871313 -0.190614 -4.760593 7.757072 10.127244 2.066086 68.777786 -18.706253 -17.687864 77.262444 50.046253 72.540726 172.497787 156.841446 -178.821884 27.778147 33.371922 81.210320 8.018600 -0.000000 0.000003 5.340387 -0.000004 0.000002 0.000000 -0.000000 0.000000 79.943771 2.678792 14.764268 65.124489 -0.000004 0.000006 45.587162 -0.000003 0.000006 0.000000 -0.000000 0.000000 89.000000 -0.000005 0.000005 98.387268 -0.000004 -0.000005 65.525894 -0.000000 0.000000 0.000000 -0.000000 0.000000 89.015182 -0.173644 -9.998511 105.820824 -0.000006 -0.000008 70.476677 0.000005 -0.000005 0.000000 -0.000000 0.000000 89.060280 -0.342008 -19.997190 110.000015 0.000002 0.000003 79.999985 0.000002 -0.000003 169.969955 -174.146576 -179.287720 116.713402 -174.195435 -176.107285 80.379578 -112.629791 -77.589577 19.104683 -15.932890 -8.353213 153.727371 -154.835220 -107.791351 165.295593 -179.999985 179.999985 170.206863 -179.999985 179.999985 180.000000 -179.999985 -179.999985 90.965912 -179.741196 -165.002182 93.509781 180.000000 179.999985 119.456841 -180.000000 -180.000000 180.000000 -179.999985 -179.999985 90.999992 179.999985 -180.000000 72.404633 179.999985 179.999985 108.341499 -180.000000 -180.000000 180.000000 -179.999985 -179.999985 90.984802 179.826355 170.001495 70.000008 179.999985 179.999985 100.554359 -180.000000 179.999985 180.000000 -179.999985 -179.999985 90.939690 179.657990 160.002792 70.000015 179.999985 180.000000 100.000008 -180.000000 179.999985
-8.543807 88.382271 -143.670654 0.727580 -3.730237 -8.806290 0.104729 -7.669036 -10.049594 0.473976 5.224383 25.672688 1.163137 -1.118938 -6.781513 7.681398 18.929642 -0.208074 1.540463 -10.981128 61.615524 176.216644 -173.532211 -169.098022 179.511703 -179.016632 -178.343384 179.205673 -179.025055 -178.376099 178.844650 -175.407288 -178.871201 1.395849 0.136728 -5.590168 1.443194 0.165148 -6.521689 0.875498 0.135548 -4.796496 7.754105 10.589906 1.736354 68.293419 -17.849867 -16.290752 76.860413 50.802975 72.081085 172.426956 156.934937 -178.973038 28.163099 32.842285 81.765175 8.171649 0.000019 -0.000020 5.442317 0.000007 -0.000012 180.000000 -179.999985 180.000000 79.946335 2.678060 14.764359 65.126709 -0.000011 -0.000052 45.588699 0.000025 -0.000023 180.000000 -179.999985 180.000000 89.000015 -0.000000 -0.000005 98.396263 0.000060 -0.000061 65.531921 0.000050 0.000016 180.000000 -179.999985 180.000000 89.015213 -0.173640 -9.998512 105.854645 -0.000059 0.000036 70.499237 -0.000035 -0.000033 180.000000 -179.999985 180.000000 89.060295 -0.342003 -19.997211 109.999969 -0.000000 0.000000 80.000015 0.000004 -0.000005 169.816971 -174.750183 -179.941025 117.270767 -175.869934 -176.326233 81.385567 -113.136139 -78.529938 19.110868 -15.927555 -8.717370 154.284668 -154.904266 -108.858498 165.045883 -179.999344 179.999405 170.040558 -179.999512 179.999695 0.000000 -0.000000 0.000000 90.965912 -179.741196 -165.002182 93.615891 -179.999985 -179.999512 119.531136 179.999725 -179.999832 0.000000 -0.000000 0.000000 91.000000 179.999985 -180.000000 72.581528 179.999695 -179.999222 108.459274 179.999451 179.999969 0.000000 -0.000000 0.000000 90.984795 179.826355 170.001495 70.000008 179.999985 179.999985 100.550545 -179.999863 -179.999969 0.000000 -0.000000 0.000000 90.939720 179.657990 160.002808 70.000008 179.999985 179.999985 100.000008 -179.999985 179.999985
-8.697341 88.133362 -142.769272 0.362497 -4.209742 -8.948318 0.258057 -6.409420 -11.193954 1.437495 5.182929 28.947865 0.492318 -2.420845 -7.902139 7.918851 18.879911 -1.271712 0.869294 -11.095822 63.584282 177.427185 -174.594040 -170.916168 179.594315 -179.058929 -178.240982 179.343735 -179.066223 -178.275208 179.020966 -175.603958 -178.786407 1.427811 0.140007 -5.595231 1.476273 0.169076 -6.527617 0.878641 0.346713 -4.800266 7.793060 10.981373 1.608389 67.725304 -16.695080 -15.118742 76.350525 51.412983 71.599480 172.380814 157.021835 -179.092819 28.547773 32.513721 82.389107 8.198767 -0.000293 0.000413 5.460382 -0.000221 0.000257 0.000000 -0.000000 0.000000 79.943626 2.678366 14.764079 65.124496 -0.000014 -0.000390 45.587158 0.000201 -0.000205 0.000000 -0.000000 0.000000 89.000000 0.000002 0.000002 98.390907 0.000440 -0.000353 65.528336 0.000339 0.000161 0.000000 -0.000000 0.000000 89.015190 -0.173639 -9.998501 105.895874 0.000232 -0.000124 70.526642 0.000127 0.000119 0.000000 -0.000000 0.000000 89.060295 -0.342005 -19.997202 109.999985 0.000001 -0.000005 79.999985 -0.000004 0.000002 169.724594 -175.201462 179.613831 117.743279 -177.505341 -176.889618 82.591713 -113.841949 -79.837982 19.099827 -15.955744 -9.030362 154.894241 -154.574554 -109.608139 165.110336 -179.997589 179.997009 170.083481 -179.998077 179.998306 0.000003 0.000003 -0.000003 90.965912 -179.741196 -165.002182 93.726273 180.000000 -179.999893 119.608391 179.999939 -179.999969 0.000003 0.000003 -0.000003 91.000000 -179.999985 -179.999985 72.760826 179.999786 -179.999527 108.578690 179.999664 179.999969 0.000003 0.000003 -0.000003 90.984772 179.826355 170.001495 70.000023 -179.999985 -179.999985 100.557289 -179.998856 -179.999603 0.000003 0.000003 -0.000003 90.939705 179.657990 160.002808 69.999977 -179.999985 179.999985 100.000008 179.999985 -179.999985
-8.820402 87.911629 -141.883163 0.265206 -4.650913 -8.961548 0.234229 -5.602344 -12.300845 1.987600 4.682201 31.961357 179.929337 -177.216873 170.705765 7.838259 18.740210 -2.547069 0.241472 -11.054351 65.410378 178.793427 -175.383774 -172.765762 179.625198 -179.114288 -178.190353 179.394211 -179.121246 -178.225281 179.090347 -175.862106 -178.744766 1.442545 0.140811 -5.563469 1.491513 0.170059 -6.490559 0.882684 0.394535 -4.772584 7.885235 11.255219 1.649315 67.026779 -15.289021 -14.187901 75.805107 51.860157 71.172905 172.380600 157.077637 -179.188583 28.855125 32.411297 82.877876 8.139090 -0.000183 0.000255 5.420625 -0.000130 0.000156 0.000003 -0.000003 0.000003 79.922028 2.682916 14.762621 65.106529 -0.000047 -0.001355 45.574570 0.000637 -0.000688 0.000003 -0.000003 0.000003 89.000000 -0.000002 0.000017 98.368027 0.001477 -0.001262 65.513123 0.001175 0.000541 0.000003 -0.000003 0.000003 89.015190 -0.173641 -9.998514 105.908524 0.001259 -0.000707 70.535080 0.000726 0.000626 0.000003 -0.000003 0.000003 89.060257 -0.342016 -19.997198 110.000015 -0.000011 -0.000009 79.999962 -0.000003 0.000011 169.684479 -175.451370 179.430099 118.096130 -179.115723 -177.976822 83.838226 -114.946960 -81.380310 19.121660 -16.032343 -9.238379 155.398972 -154.031174 -109.877396 165.405945 -179.996933 179.995132 170.280350 -179.997452 179.997131 0.000000 -0.000000 0.000003 90.965897 -179.741196 -165.002167 93.802895 -179.999985 179.997620 119.661987 -179.998550 179.999191 0.000000 -0.000000 0.000003 90.999992 180.000000 180.000000 72.879433 -179.999023 179.997955 108.657684 -179.998489 -179.999817 0.000000 -0.000000 0.000003 90.984810 179.826355 170.001511 69.999969 -179.999985 -179.999985 100.533234 -179.996277 -179.998611 0.000000 -0.000000 0.000003 90.939705 179.657990 160.002808 70.000015 179.999985 -179.999985 100.000008 180.000000 179.999985
-8.915022 87.723251 -140.942902 0.368980 -5.014366 -9.111764 0.129662 -5.170393 -12.880880 1.921452 3.704262 34.582462 179.453323 -177.831589 169.178085 7.629019 18.793499 -3.790493 179.712692 -169.044495 -112.879677 0.459783 -4.211026 5.335605 179.628464 -179.185150 -178.072723 179.399582 -179.192505 -178.109848 179.098816 -176.191391 -178.657928 1.432863 0.137417 -5.475167 1.481579 0.165954 -6.387559 0.885610 0.276738 -4.696884 7.949017 11.309003 1.643762 66.169182 -13.711828 -13.411560 75.287781 52.135075 70.847603 172.417557 157.118561 -179.267181 28.752111 32.342705 82.857780 8.173131 -0.001048 0.001445 5.443307 -0.000781 0.000894 0.000000 -0.000000 0.000000 79.806152 2.712829 14.757074 65.008629 -0.000199 -0.001823 45.506046 0.000797 -0.000991 0.000000 -0.000000 0.000000 89.000015 -0.000002 -0.000007 98.248177 0.001883 -0.001905 65.433334 0.001677 0.000631 0.000000 -0.000000 0.000000 89.015213 -0.173634 -9.998507 105.831108 0.001774 -0.001204 70.483475 0.001151 0.000851 0.000000 -0.000000 0.000000 89.060280 -0.342005 -19.997200 110.000023 -0.000011 -0.000004 79.999985 -0.000007 0.000003 169.619019 -175.451233 179.473618 118.265488 179.312302 -179.457672 85.226067 -116.374481 -83.209290 19.239367 -16.166775 -9.306532 155.668091 -153.366272 -109.590652 165.878326 -179.998596 179.997620 170.594971 -179.998810 179.998581 0.000000 -0.000000 0.000000 90.965927 -179.741180 -165.002197 93.782585 179.999802 179.994232 119.647827 -179.996552 179.997894 0.000000 -0.000000 0.000000 91.000000 -180.000000 -180.000000 72.885544 -179.997437 179.994080 108.661766 -179.995728 -179.999634 0.000000 -0.000000 0.000000 90.984795 179.826370 170.001495 70.000015 180.000000 -179.999985 100.439949 -179.993057 -179.997665 0.000000 -0.000000 0.000000 90.939751 179.658005 160.002792 69.999969 179.999985 180.000000 100.000008 -179.999985 179.999985
-9.041757 87.688522 -139.917938 0.520146 -5.144612 -9.277298 0.299266 -5.799879 -12.194439 1.013843 3.368987 35.250626 179.359985 -179.074844 168.156769 7.242267 18.939711 -4.873121 179.677902 -168.878647 -112.176056 1.317430 -4.242557 3.849868 179.619690 -179.232239 -177.921356 179.385117 -179.240372 -177.961395 179.078415 -176.409821 -178.549561 1.421536 0.136875 -5.499867 1.469853 0.165279 -6.416361 0.895472 0.067692 -4.717963 7.937949 11.222614 1.527997 65.508324 -12.302876 -13.319801 75.361786 51.841957 71.163002 172.400635 157.160767 -179.397324 28.597301 32.495167 82.774101 8.105816 0.000000 -0.000000 5.398476 0.000003 -0.000001 0.000000 -0.000000 0.000000 79.713966 2.739270 14.753404 64.930290 -0.000009 0.000002 45.451202 -0.000003 -0.000001 0.000000 -0.000000 0.000000 89.000000 0.000002 0.000002 98.143990 -0.000003 0.000002 65.363899 0.000003 0.000002 0.000000 -0.000000 0.000000 89.015182 -0.173639 -9.998506 105.752007 -0.000000 0.000000 70.430794 -0.000001 -0.000001 0.000000 -0.000000 0.000000 89.060295 -0.342002 -19.997190 110.000015 0.000001 0.000008 80.000015 0.000001 -0.000004 169.564194 -175.295883 179.585052 118.297676 178.025330 179.359436 86.637444 -117.392265 -85.201622 19.346724 -16.580517 -8.941250 155.441910 -153.278259 -109.222420 165.989273 179.999985 -179.999985 170.668854 180.000000 -180.000000 180.000000 180.000000 -180.000000 90.965912 -179.741196 -165.002182 93.627731 -179.999985 -179.999985 119.539429 -180.000000 179.999985 180.000000 180.000000 -180.000000 91.000000 180.000000 180.000000 72.714020 -179.999985 -179.999985 108.547562 180.000000 180.000000 180.000000 180.000000 -180.000000 90.984802 179.826355 170.001495 70.000023 179.999985 -179.999985 100.246323 179.999985 179.999985 180.000000 180.000000 -180.000000 90.939705 179.657990 160.002792 69.999985 179.999985 179.999985 100.000023 179.999985 -179.999985
-9.159281 87.638000 -138.896240 0.680194 -5.284263 -9.451081 0.399864 -6.345252 -11.582976 0.111230 2.900567 36.028896 179.223099 179.641434 167.101074 6.869557 19.085238 -5.945923 179.575256 -168.705414 -111.367508 2.258571 -4.191951 2.365540 179.610291 -179.281235 -177.767441 179.369843 -179.290192 -177.810440 179.056641 -176.638489 -178.438965 1.408219 0.135924 -5.517622 1.456071 0.164124 -6.437086 0.905679 -0.148062 -4.733618 7.931608 11.124518 1.404084 64.822212 -10.903361 -13.181616 75.380135 51.581039 71.424858 172.380127 157.196747 -179.522583 28.372839 32.573109 82.586403 8.100478 -0.001133 0.001354 5.394919 -0.000825 0.000826 0.000000 -0.000000 0.000000 79.599396 2.769377 14.747894 64.833466 -0.000011 -0.000015 45.383430 0.000013 -0.000013 0.000000 -0.000000 0.000000 89.000000 0.000005 0.000005 98.023315 0.000104 -0.000136 65.283524 0.000106 0.000019 0.000000 -0.000000 0.000000 89.015205 -0.173636 -9.998499 105.648277 -0.000065 0.000062 70.361755 -0.000052 -0.000024 0.000000 -0.000000 0.000000 89.060295 -0.342005 -19.997190 109.999992 0.000005 0.000001 80.000000 0.000003 -0.000006 169.506119 -175.127563 179.699600 118.287651 176.735687 178.084213 87.940292 -118.549461 -87.060135 19.489578 -16.972048 -8.615462 155.238937 -153.038345 -108.763985 166.205353 179.999100 -179.998886 170.812775 179.999298 -179.999359 0.000000 -0.000000 0.000000 90.965912 -179.741196 -165.002182 93.468979 179.999878 179.999146 119.428307 -179.999512 179.999634 0.000000 -0.000000 0.000000 91.000000 -180.000000 179.999985 72.534325 -179.999741 179.999207 108.427864 -179.999435 179.999985 0.000000 -0.000000 0.000000 90.984802 179.826355 170.001495 70.000015 -179.999985 -179.999985 100.005241 -179.999985 -179.999985 0.000000 -0.000000 0.000000 90.939705 179.657990 160.002808 69.999992 180.000000 180.000000 100.000008 180.000000 179.999985
-9.320003 87.640091 -137.859741 0.826290 -5.364979 -9.607133 0.759435 -7.332624 -10.616657 178.979080 177.105377 -143.740265 179.130386 178.368073 166.155502 6.415718 19.229557 -7.085441 179.695404 -168.520279 -110.892578 2.939478 -4.339567 0.853439 179.599503 -179.314468 -177.611099 179.352341 -179.324295 -177.657120 179.030807 -176.794098 -178.327469 1.406015 0.137197 -5.574099 1.453748 0.165656 -6.502960 0.920329 -0.330232 -4.782288 7.911242 11.087105 1.288129 64.210434 -9.465047 -13.345946 75.675713 51.103535 71.953339 172.364944 157.244568 -179.670624 28.600235 33.209000 83.129555 7.638975 -0.000158 0.000214 5.087561 -0.000119 0.000131 0.000000 -0.000000 0.000007 79.638412 2.758172 14.749687 64.866638 -0.000263 -0.000726 45.406628 0.000239 -0.000492 0.000000 -0.000000 0.000007 89.000000 -0.000000 -0.000005 98.025497 0.000635 -0.001050 65.284958 0.000808 0.000088 0.000000 -0.000000 0.000007 89.015205 -0.173631 -9.998507 105.727043 0.000714 -0.000772 70.414207 0.000644 0.000279 0.000000 -0.000000 0.000007 89.060287 -0.342002 -19.997200 109.999992 0.000005 0.000001 80.000015 -0.000003 0.000011 169.461166 -175.014603 179.799866 118.256996 175.426147 177.035095 89.376076 -119.426308 -89.021202 19.560474 -17.497156 -8.138150 154.930634 -153.872681 -108.751244 165.726913 -179.999893 179.999863 170.494125 -179.999924 179.999924 0.000000 -0.000000 0.000000 90.965919 -179.741211 -165.002182 93.368057 179.999329 179.997055 119.357666 -179.998428 179.998581 0.000000 -0.000000 0.000000 90.999992 180.000000 179.999985 72.445000 -179.999329 179.996765 108.368324 -179.997818 179.999741 0.000000 -0.000000 0.000000 90.984795 179.826355 170.001495 69.999985 179.999985 -179.999985 100.000000 -179.999985 -180.000000 0.000000 -0.000000 0.000000 90.939705 179.657990 160.002792 69.999992 180.000000 180.000000 100.000008 180.000000 180.000000
-9.494110 87.697281 -136.808578 0.927486 -5.431409 -9.716534 1.246739 -8.536574 -9.567080 177.927307 176.647583 -143.774368 179.080276 177.387695 165.284790 5.955445 19.329473 -8.242761 179.990891 -168.381027 -110.714012 3.327181 -4.656435 -0.629777 179.595291 -179.360947 -177.476486 179.345108 -179.371429 -177.525116 179.022720 -177.011475 -178.230530 1.391310 0.137319 -5.634427 1.438488 0.165806 -6.573353 0.935255 -0.604689 -4.834700 7.869278 10.970468 1.192734 63.695488 -8.025259 -13.609426 76.085442 50.620602 72.519363 172.359985 157.305740 -179.831146 28.450632 33.292400 83.062309 7.603229 -0.000143 0.000193 5.063744 -0.000108 0.000120 0.000000 -0.000000 0.000003 79.538345 2.783909 14.744910 64.782227 -0.000504 -0.001112 45.347549 0.000301 -0.000800 0.000000 -0.000000 0.000003 88.999977 0.000007 -0.000007 97.901764 0.000860 -0.001800 65.202576 0.001318 0.000012 0.000000 -0.000000 0.000003 89.015190 -0.173633 -9.998501 105.630486 0.001113 -0.001466 70.349899 0.001168 0.000364 0.000000 -0.000000 0.000003 89.060257 -0.341998 -19.997202 110.000015 -0.000008 0.000001 79.999985 0.000006 -0.000004 169.425171 -174.829681 179.911377 118.230904 174.175293 176.345825 90.847717 -119.945564 -90.842064 19.581324 -18.043673 -7.644928 154.559418 -153.896454 -108.526306 165.710297 -179.999329 179.999283 170.483063 -179.999481 179.999588 0.000000 -0.000000 0.000000 90.965958 -179.741180 -165.002182 93.109390 179.998962 179.996353 119.176582 -179.998123 179.998123 0.000000 -0.000000 0.000000 91.000000 -179.999985 179.999985 72.155357 -179.999466 179.996063 108.175468 -179.997406 179.999527 0.000000 -0.000000 0.000000 90.984795 179.826370 170.001480 69.999992 179.999985 179.999985 100.000008 -179.999985 179.999985 0.000000 -0.000000 0.000000 90.939728 179.658005 160.002808 69.999992 -179.999985 -179.999985 100.000008 -179.999985 179.999985
-9.672659 87.802895 -135.749893 0.967588 -5.524698 -9.783397 1.626109 -9.851224 -8.533139 177.271423 175.720901 -143.878326 179.083191 176.842621 164.455338 5.536851 19.423222 -9.388864 0.438508 -11.671086 69.163673 3.486320 -5.182393 -2.103426 179.598801 -179.401581 -177.371658 179.350555 -179.412415 -177.422333 179.032150 -177.201385 -178.154480 1.385680 0.137630 -5.670592 1.432634 0.166193 -6.615554 0.945297 -0.750551 -4.866150 7.822042 10.953556 1.179066 63.283855 -6.578833 -13.950846 76.577057 50.166111 73.071632 172.348190 157.401642 -179.997498 28.378683 33.356747 83.118599 7.549132 0.000340 -0.000426 5.027713 0.000240 -0.000261 179.999985 180.000000 180.000000 79.457413 2.804225 14.741080 64.714066 -0.000916 -0.001745 45.299831 0.000425 -0.001303 179.999985 180.000000 180.000000 89.000000 0.000006 -0.000009 97.797310 0.001192 -0.003029 65.132988 0.002168 -0.000115 179.999985 180.000000 180.000000 89.015213 -0.173642 -9.998506 105.549850 0.001821 -0.002808 70.296204 0.002172 0.000498 179.999985 180.000000 180.000000 89.060295 -0.342008 -19.997183 109.999992 0.000001 -0.000005 79.999985 -0.000001 -0.000001 169.402374 -174.764236 -179.992981 118.236832 172.972458 176.090042 92.397652 -120.044144 -92.528809 19.522947 -18.568476 -7.189242 154.368744 -153.799408 -108.606918 165.698624 -179.997726 179.997818 170.475296 -179.998276 179.998810 0.000003 -0.000000 0.000000 90.965950 -179.741180 -165.002182 92.896568 179.998917 179.996323 119.027550 -179.998108 179.998093 0.000003 -0.000000 0.000000 91.000046 -180.000000 -179.999985 71.929375 -179.999573 179.996033 108.024979 -179.997406 179.999466 0.000003 -0.000000 0.000000 90.984802 179.826355 170.001495 70.000008 -179.999985 -180.000000 100.000038 179.999985 -179.999985 0.000003 -0.000000 0.000000 90.939751 179.658005 160.002808 69.999985 179.999985 179.999985 100.000000 179.999985 -179.999985
-9.823267 87.930145 -134.750061 0.944093 -5.758132 -9.853328 1.742697 -10.094764 -7.752325 177.343613 175.172745 -143.717606 179.039307 177.055298 163.776855 5.184049 19.356714 -10.385528 0.987450 -11.325585 68.414429 3.521910 -5.992264 -3.382268 179.604843 -179.453659 -177.313828 179.359268 -179.464615 -177.365631 179.051422 -177.444702 -178.111069 1.397527 0.139029 -5.680418 1.444872 0.167887 -6.627017 0.950112 -0.713262 -4.874402 7.776565 11.095683 1.362406 63.041691 -5.107751 -14.072412 77.046570 50.146236 73.468475 172.314789 157.512878 179.792648 28.312218 33.270977 83.181458 7.572948 -0.000003 -0.000000 5.043584 0.000003 -0.000001 0.000000 0.000007 0.000003 79.369057 2.829932 14.736650 64.638847 -0.000000 0.000000 45.247189 0.000006 0.000003 0.000000 0.000007 0.000003 89.000000 -0.000004 0.000006 97.675522 0.000002 0.000003 65.051926 -0.000003 -0.000002 0.000000 0.000007 0.000003 89.015190 -0.173641 -9.998509 105.427063 -0.000007 -0.000003 70.214424 -0.000002 0.000003 0.000000 0.000007 0.000003 89.060280 -0.342009 -19.997198 109.999992 -0.000004 -0.000006 79.999985 0.000000 0.000005 169.423447 -174.915894 -179.925537 118.338806 171.832138 176.535248 93.870697 -119.577309 -93.966103 19.298573 -18.980465 -6.871768 154.490616 -153.331299 -108.934273 165.855026 179.999985 -179.999985 170.579453 180.000000 -180.000000 0.000000 -0.000000 0.000000 90.965935 -179.741196 -165.002182 92.782646 -179.999985 -179.999985 118.947884 180.000000 -179.999985 0.000000 -0.000000 0.000000 91.000015 179.999985 -179.999985 71.810631 179.999985 -179.999985 107.945862 -180.000000 179.999985 0.000000 -0.000000 0.000000 90.984818 179.826355 170.001495 70.000008 179.999985 -179.999985 100.000000 -179.999985 -180.000000 0.000000 -0.000000 0.000000 90.939728 179.657990 160.002808 69.999985 179.999985 -179.999985 100.000023 -179.999985 -179.999985
-9.980673 88.060883 -133.742554 0.922525 -5.974832 -9.923450 1.887820 -10.489912 -6.937891 177.337387 174.538010 -143.589966 179.002258 177.205551 163.078552 4.826834 19.299423 -11.403514 1.551482 -11.033725 67.739983 3.541775 -6.783941 -4.699255 179.611664 -179.504852 -177.249878 179.369476 -179.515945 -177.302917 179.072144 -177.683823 -178.063339 1.406869 0.140305 -5.694313 1.454515 0.169429 -6.643235 0.955721 -0.703438 -4.886200 7.730947 11.218252 1.527357 62.769836 -3.636692 -14.240315 77.525078 50.068962 73.880569 172.278610 157.620041 179.587738 28.253672 33.207417 83.256569 7.581300 0.000194 -0.000235 5.049137 0.000133 -0.000139 0.000000 0.000000 -0.000003 79.280052 2.852899 14.732270 64.563721 -0.000166 -0.000287 45.194607 0.000069 -0.000219 0.000000 0.000000 -0.000003 88.999977 -0.000002 0.000012 97.555420 0.000193 -0.000541 64.971924 0.000378 -0.000034 0.000000 0.000000 -0.000003 89.015182 -0.173634 -9.998510 105.306839 0.000304 -0.000520 70.134331 0.000400 0.000072 0.000000 0.000000 -0.000003 89.060265 -0.342007 -19.997190 110.000000 -0.000007 -0.000004 79.999985 -0.000005 0.000000 169.439148 -175.039108 -179.854523 118.445374 170.687180 176.935638 95.414253 -119.149437 -95.488899 19.087063 -19.409342 -6.535729 154.578720 -152.904297 -109.280350 165.982803 -179.999420 179.999374 170.664551 -179.999557 179.999649 0.000000 -0.000000 0.000007 90.965958 -179.741196 -165.002182 92.653618 179.999924 179.999725 118.857544 -179.999863 179.999847 0.000000 -0.000000 0.000007 91.000038 -180.000000 -179.999985 71.675606 -179.999969 179.999725 107.855942 -179.999817 179.999985 0.000000 -0.000000 0.000007 90.984810 179.826370 170.001495 70.000023 180.000000 180.000000 100.000038 179.999985 -179.999985 0.000000 -0.000000 0.000007 90.939728 179.657990 160.002792 70.000008 180.000000 180.000000 100.000008 -180.000000 -179.999985
-10.120420 88.173706 -132.762085 0.885586 -6.245710 -9.994335 1.935362 -10.390320 -6.233666 177.603394 174.132477 -143.308685 178.946930 177.641525 162.415649 4.493420 19.152412 -12.380013 2.143693 -10.559465 66.826981 3.551725 -7.692550 -5.968355 179.617233 -179.554794 -177.204422 179.377411 -179.565964 -177.258316 179.090912 -177.916824 -178.028992 1.428505 0.142446 -5.693489 1.476886 0.172014 -6.642265 0.957689 -0.564754 -4.884901 7.688754 11.442491 1.773556 62.542450 -2.121369 -14.297532 77.980797 50.191486 74.236244 172.236542 157.734528 179.357285 28.144951 33.008034 83.245789 7.679430 0.000319 -0.000364 5.114501 0.000235 -0.000221 0.000000 -0.000003 -0.000007 79.176796 2.879776 14.727118 64.476517 -0.000264 -0.000445 45.133564 0.000083 -0.000343 0.000000 -0.000003 -0.000007 89.000000 -0.000006 -0.000006 97.414574 0.000303 -0.000985 64.878098 0.000670 -0.000092 0.000000 -0.000003 -0.000007 89.015182 -0.173643 -9.998507 105.165703 0.000554 -0.001047 70.040367 0.000778 0.000116 0.000000 -0.000003 -0.000007 89.060280 -0.342001 -19.997200 109.999969 -0.000001 0.000005 79.999985 0.000002 -0.000003 169.473160 -175.291260 -179.792068 118.612244 169.538422 177.589035 96.978851 -118.543877 -97.025284 18.826254 -19.797539 -6.233396 154.786957 -152.254028 -109.602234 166.255966 -179.998795 179.998627 170.846466 -179.999054 179.999222 179.999985 180.000000 180.000000 90.965912 -179.741196 -165.002182 92.584007 179.999954 179.999786 118.808807 -179.999878 179.999893 179.999985 180.000000 180.000000 91.000000 -180.000000 179.999985 71.604164 -179.999969 179.999802 107.808380 -179.999863 179.999985 179.999985 180.000000 180.000000 90.984795 179.826355 170.001495 69.999992 180.000000 180.000000 100.000023 180.000000 179.999985 179.999985 180.000000 180.000000 90.939705 179.658005 160.002792 69.999992 -180.000000 -179.999985 100.000038 -179.999985 179.999985
-10.224390 88.288673 -131.808990 0.847088 -6.559232 -10.062141 1.804971 -9.700563 -5.729807 178.154816 174.094452 -142.893616 178.917175 178.278763 161.864853 4.239299 18.985739 -13.193670 2.640460 -9.989023 65.823936 3.606848 -8.583899 -7.013976 179.620102 -179.612259 -177.183746 179.380432 -179.623489 -177.238037 179.106308 -178.184906 -178.012512 1.450048 0.144330 -5.683254 1.499169 0.174288 -6.630313 0.956853 -0.396392 -4.875409 7.651048 11.654819 2.039663 62.385662 -0.786229 -14.251721 78.372299 50.469894 74.548561 172.191376 157.845154 179.108536 27.984829 32.643433 83.091988 7.897130 -0.001808 0.001716 5.259489 -0.001319 0.001028 0.000000 0.000000 -0.000003 79.068832 2.908750 14.721621 64.385178 -0.000004 -0.000007 45.069603 -0.000003 0.000006 0.000000 0.000000 -0.000003 88.999962 -0.000000 -0.000005 97.278069 0.000287 -0.001008 64.787193 0.000693 -0.000110 0.000000 0.000000 -0.000003 89.015228 -0.173642 -9.998506 104.993469 0.000357 -0.000713 69.925613 0.000536 0.000058 0.000000 0.000000 -0.000003 89.060295 -0.342008 -19.997198 110.000038 0.000006 0.000008 79.999969 -0.000004 0.000015 169.513718 -175.561157 -179.750656 118.821930 168.497772 178.343445 98.262062 -118.006462 -98.315529 18.643057 -20.090117 -6.011705 154.954651 -151.412354 -109.697945 166.688370 -179.999481 179.999451 171.134460 -179.999603 179.999695 0.000003 -0.000003 0.000007 90.965958 -179.741211 -165.002167 92.537804 -179.999969 -179.999725 118.776474 179.999847 -179.999878 0.000003 -0.000003 0.000007 91.000023 -180.000000 -179.999985 71.559372 179.999924 -179.999680 107.778503 179.999771 -179.999985 0.000003 -0.000003 0.000007 90.984795 179.826355 170.001495 70.000008 -179.999985 -179.999985 100.000038 -180.000000 -180.000000 0.000003 -0.000003 0.000007 90.939713 179.657990 160.002808 70.000008 -179.999985 180.000000 100.000008 -179.999985 179.999985
-10.297833 88.403267 -130.871445 0.830347 -6.984512 -10.130272 1.496382 -8.561736 -5.195455 178.831879 174.441238 -142.501480 178.882538 178.851227 161.380951 4.028248 18.952286 -13.977741 2.928752 -9.385386 64.454468 3.629835 -9.423006 -7.892837 179.612686 -179.684265 -177.182770 179.365814 -179.695816 -177.237076 179.102371 -178.520905 -178.009415 1.482393 0.146950 -5.660895 1.532621 0.177457 -6.604227 0.956175 -0.151993 -4.855172 7.622471 11.930337 2.352618 62.266888 0.619277 -14.044886 78.762764 50.983616 74.851707 172.121933 157.980438 178.824921 28.380993 33.115318 83.911705 7.461001 0.001725 -0.001899 4.969026 0.001248 -0.001152 0.000000 -0.000007 -0.000007 79.116936 2.894808 14.724180 64.426125 -0.000554 -0.000902 45.098289 0.000173 -0.000719 0.000000 -0.000007 -0.000007 88.999985 0.000014 -0.000015 97.257584 0.000678 -0.002449 64.773529 0.001665 -0.000298 0.000000 -0.000007 -0.000007 89.015182 -0.173633 -9.998518 105.029953 0.001426 -0.002978 69.949966 0.002193 0.000201 0.000000 -0.000007 -0.000007 89.060295 -0.341997 -19.997198 110.000000 0.000003 -0.000002 80.000015 0.000001 0.000001 169.590759 -175.930206 -179.738907 119.085007 167.393295 179.057404 99.397774 -117.669395 -99.589111 18.497732 -20.331085 -5.799380 155.413971 -151.564346 -110.483147 166.467026 -179.997772 179.996078 170.987030 -179.998138 179.997635 0.000000 -0.000000 0.000000 90.965958 -179.741196 -165.002182 92.631500 179.999817 179.998352 118.842064 -179.999069 179.999329 0.000000 -0.000000 0.000000 91.000000 179.999985 179.999985 71.677307 -179.999420 179.997955 107.857071 -179.998566 179.999954 0.000000 -0.000000 0.000000 90.984802 179.826370 170.001480 70.000031 179.999985 179.999985 100.000000 179.999985 -179.999985 0.000000 -0.000000 0.000000 90.939743 179.657990 160.002792 69.999992 179.999985 179.999985 100.000000 179.999985 -179.999985
-10.367936 88.515152 -129.935913 0.883957 -7.410112 -10.181580 1.235655 -7.383671 -4.542572 179.121307 175.128830 -142.440323 178.888657 179.015488 161.154037 3.813555 18.752819 -14.568705 2.911405 -8.573270 62.568966 3.379575 -9.841914 -8.190494 179.591049 -179.774734 -177.202225 179.326904 -179.786972 -177.255997 179.070847 -178.943115 -178.019135 1.496137 0.147417 -5.628243 1.546836 0.178037 -6.566132 0.957261 -0.068962 -4.826792 7.575027 12.097692 2.641134 62.214569 1.917760 -13.659565 79.137756 51.724342 75.115402 172.043503 158.137054 178.560532 28.328283 32.839050 83.892639 7.605738 -0.000004 0.000003 5.065419 -0.000003 0.000002 0.000000 -0.000000 0.000000 79.068161 2.908942 14.721581 64.384605 0.000002 -0.000003 45.069214 0.000008 0.000007 0.000000 -0.000000 0.000000 89.000008 0.000007 0.000002 97.158882 -0.000005 -0.000000 64.707802 -0.000000 0.000000 0.000000 -0.000000 0.000000 89.015205 -0.173636 -9.998508 104.902588 0.000006 0.000008 69.865120 0.000001 -0.000008 0.000000 -0.000000 0.000000 89.060295 -0.342000 -19.997198 110.000023 -0.000004 -0.000006 80.000015 -0.000007 0.000008 169.702591 -176.217590 -179.708206 119.320618 166.399704 179.317841 99.978546 -117.780823 -100.397339 18.342331 -20.517027 -5.566376 155.487366 -151.031082 -110.361435 166.789352 179.999985 -179.999985 171.201706 180.000000 -179.999985 0.000000 -0.000000 0.000000 90.965912 -179.741196 -165.002182 92.567078 -179.999985 -179.999985 118.796936 -179.999985 179.999985 0.000000 -0.000000 0.000000 91.000000 -180.000000 179.999985 71.594376 -179.999985 -179.999985 107.801834 179.999985 -179.999985 0.000000 -0.000000 0.000000 90.984802 179.826370 170.001495 70.000008 179.999985 179.999985 100.000000 179.999985 -179.999985 0.000000 -0.000000 0.000000 90.939705 179.657990 160.002808 69.999992 -179.999985 179.999985 100.000008 179.999985 -179.999985
-10.436528 88.625259 -129.001495 0.929604 -7.844381 -10.235470 0.977106 -6.132906 -3.915319 179.463577 175.848221 -142.347412 178.884109 179.219498 160.894211 3.604079 18.556499 -15.183997 2.926593 -7.780919 60.742661 3.151833 -10.294879 -8.555149 179.571121 -179.866287 -177.220673 179.290634 -179.879196 -177.274078 179.043350 -179.370392 -178.028946 1.510444 0.147952 -5.595439 1.561653 0.178695 -6.527856 0.958142 0.021488 -4.798271 7.532075 12.266149 2.930945 62.155582 3.229364 -13.291749 79.507309 52.451103 75.400101 171.961121 158.291580 178.292160 28.277447 32.555271 83.873192 7.753793 0.000242 -0.000266 5.164030 0.000190 -0.000164 180.000000 -180.000000 179.999985 79.014915 2.922765 14.718892 64.339668 -0.000052 -0.000097 45.037781 0.000017 -0.000078 180.000000 -180.000000 179.999985 88.999985 -0.000000 0.000000 97.057594 0.000092 -0.000350 64.640388 0.000241 -0.000042 180.000000 -180.000000 179.999985 89.015205 -0.173632 -9.998515 104.773537 0.000205 -0.000456 69.779205 0.000335 0.000017 180.000000 -180.000000 179.999985 89.060280 -0.342005 -19.997200 110.000015 0.000009 0.000006 80.000000 0.000005 -0.000009 169.811264 -176.505569 -179.679474 119.577339 165.390320 179.630310 100.611519 -117.867615 -101.255249 18.195412 -20.707600 -5.330690 155.578522 -150.489395 -110.267090 167.112427 -179.999756 179.999451 171.416870 -179.999786 179.999664 180.000000 -179.999985 -179.999985 90.965958 -179.741196 -165.002167 92.505920 179.999985 179.999710 118.754150 -179.999832 179.999878 180.000000 -179.999985 -179.999985 91.000038 179.999985 -179.999985 71.515511 -179.999893 179.999634 107.749336 -179.999741 -180.000000 180.000000 -179.999985 -179.999985 90.984825 179.826355 170.001495 69.999977 179.999985 179.999985 100.000008 179.999985 -179.999985 180.000000 -179.999985 -179.999985 90.939743 179.657974 160.002792 69.999985 -180.000000 179.999985 99.999985 179.999985 -180.000000
-10.504456 88.735321 -128.062424 1.005104 -8.262376 -10.287231 0.737358 -5.092043 -3.227443 179.683884 176.434814 -142.390381 178.924438 179.314026 160.735107 3.403525 18.298069 -15.714244 2.813159 -6.935284 58.708767 2.796195 -10.546764 -8.683801 179.544907 -179.955780 -177.243942 179.243896 -179.969528 -177.296921 179.001892 -179.788071 -178.042191 1.523693 0.148328 -5.560424 1.575391 0.179150 -6.486998 0.959936 0.093859 -4.767892 7.487758 12.438620 3.218569 62.120064 4.512496 -12.853155 79.853477 53.266293 75.666016 171.872177 158.453018 178.036652 28.237364 32.307457 83.863731 7.881330 0.000570 -0.000628 5.248964 0.000417 -0.000381 0.000000 -0.000000 0.000000 78.974579 2.933315 14.716840 64.305595 -0.000085 -0.000122 45.013889 0.000016 -0.000093 0.000000 -0.000000 0.000000 89.000015 0.000002 -0.000012 96.961578 0.000160 -0.000675 64.576401 0.000452 -0.000102 0.000000 -0.000000 0.000000 89.015228 -0.173641 -9.998505 104.647179 0.000413 -0.000957 69.695000 0.000692 0.000037 0.000000 -0.000000 0.000000 89.060303 -0.342008 -19.997206 110.000031 -0.000008 0.000001 79.999985 0.000002 0.000006 169.938431 -176.801437 -179.647278 119.825325 164.436386 179.779343 101.045120 -118.100952 -101.929260 18.044252 -20.882292 -5.085968 155.583008 -149.971985 -110.074821 167.435135 -179.999634 179.998901 171.631805 -179.999664 179.999313 0.000000 0.000007 0.000000 90.965950 -179.741196 -165.002182 92.425880 179.999924 179.999420 118.698097 -179.999664 179.999741 0.000000 0.000007 0.000000 91.000000 180.000000 179.999985 71.412369 -179.999802 179.999298 107.680618 -179.999496 179.999985 0.000000 0.000007 0.000000 90.984818 179.826355 170.001480 69.999969 180.000000 179.999985 100.000023 179.999985 -179.999985 0.000000 0.000007 0.000000 90.939751 179.658005 160.002808 69.999992 -179.999985 -179.999985 99.999985 -179.999985 -179.999985
-10.584046 88.878700 -127.120041 1.107606 -8.644555 -10.332046 0.565173 -4.150342 -2.478834 179.698898 177.078949 -142.569077 178.993256 179.231964 160.686996 3.233069 18.185768 -16.156706 2.543846 -6.220575 56.461243 2.299267 -10.630860 -8.581967 179.515350 179.952850 -177.268417 179.191528 179.938171 -177.320969 178.953415 179.785599 -178.056152 1.530632 0.148223 -5.530829 1.582610 0.179014 -6.452471 0.963165 0.103653 -4.742350 7.425612 12.583000 3.491732 62.099075 5.743721 -12.435760 80.234932 54.094254 75.969414 171.780777 158.618164 177.792984 28.187660 32.079399 83.816101 8.008157 0.001012 -0.001158 5.333440 0.000744 -0.000704 0.000000 -0.000000 0.000007 78.943687 2.941601 14.715244 64.279419 -0.000003 -0.000002 44.995579 0.000009 -0.000004 0.000000 -0.000000 0.000007 88.999977 -0.000008 0.000006 96.878212 0.000215 -0.000921 64.520882 0.000617 -0.000143 0.000000 -0.000000 0.000007 89.015244 -0.173637 -9.998519 104.529816 0.000582 -0.001452 69.616844 0.001049 0.000035 0.000000 -0.000000 0.000007 89.060257 -0.342011 -19.997198 110.000015 -0.000006 -0.000008 80.000008 0.000002 -0.000007 170.075226 -177.043564 -179.608643 120.062157 163.541122 179.795090 101.318497 -118.419167 -102.425644 17.864212 -21.050089 -4.840971 155.545624 -149.453339 -109.839211 167.763931 -179.999588 179.998383 171.850784 -179.999588 179.998962 0.000003 -0.000000 0.000000 90.965958 -179.741196 -165.002167 92.332222 179.999908 179.999435 118.632568 -179.999680 179.999741 0.000003 -0.000000 0.000000 91.000000 -180.000000 179.999985 71.299011 -179.999817 179.999237 107.605179 -179.999481 179.999985 0.000003 -0.000000 0.000000 90.984825 179.826355 170.001495 69.999985 179.999985 180.000000 100.000023 180.000000 -179.999985 0.000003 -0.000000 0.000000 90.939743 179.657990 160.002808 70.000008 -179.999985 -179.999985 100.000000 -179.999985 180.000000
-10.686255 89.022095 -126.173904 1.241178 -8.989037 -10.362391 0.464850 -3.544903 -1.683058 179.515213 177.565872 -142.828415 179.081543 178.961044 160.740326 3.015019 17.848040 -16.571972 2.311689 -5.263912 53.919464 1.629199 -10.616863 -8.267632 179.480148 179.870224 -177.295486 179.130173 179.854507 -177.347610 178.890900 179.400238 -178.071899 1.543400 0.148888 -5.509239 1.595842 0.179801 -6.427276 0.970047 0.115153 -4.723548 7.354114 12.745907 3.775794 62.084480 7.027803 -11.940805 80.624146 55.006790 76.282333 171.676102 158.791092 177.540909 28.105532 31.764198 83.689682 8.198605 0.001170 -0.001330 5.460276 0.000864 -0.000807 0.000000 -0.000000 0.000000 78.919464 2.948478 14.713896 64.258858 0.000238 0.000347 44.981205 -0.000039 0.000291 0.000000 -0.000000 0.000000 89.000000 0.000004 -0.000006 96.794876 0.000154 -0.000794 64.465393 0.000517 -0.000118 0.000000 -0.000000 0.000000 89.015175 -0.173639 -9.998507 104.399986 0.000536 -0.001410 69.530334 0.001006 0.000008 0.000000 -0.000000 0.000000 89.060234 -0.341997 -19.997202 110.000023 -0.000009 -0.000006 80.000000 -0.000003 -0.000003 170.230316 -177.332733 -179.573105 120.298210 162.678650 179.725235 101.476730 -118.778412 -102.771339 17.634077 -21.195797 -4.607255 155.442825 -148.846390 -109.485214 168.162598 -179.999435 179.998383 172.116287 -179.999481 179.998978 0.000000 -0.000003 0.000000 90.965912 -179.741196 -165.002182 92.217598 -179.999954 -179.999725 118.552345 179.999847 -179.999863 0.000000 -0.000003 0.000000 91.000000 179.999985 179.999985 71.154709 179.999954 -179.999771 107.509071 179.999847 -179.999985 0.000000 -0.000003 0.000000 90.984802 179.826355 170.001495 69.999954 180.000000 179.999985 100.000008 179.999985 -179.999985 0.000000 -0.000003 0.000000 90.939728 179.657990 160.002808 70.000031 179.999985 179.999985 100.000038 -180.000000 179.999985
-10.804787 89.136398 -125.238190 1.368389 -9.188654 -10.345778 0.407068 -3.702465 -1.052685 179.243210 177.503754 -143.023148 179.246811 178.590546 160.970322 2.815363 17.734808 -16.808502 2.155376 -4.551721 51.244106 0.691371 -10.827513 -7.649398 179.456894 179.825729 -177.334763 179.090179 179.809494 -177.386108 178.847519 179.192383 -178.097153 1.557954 0.149831 -5.491571 1.610908 0.180945 -6.406665 0.976417 0.146833 -4.708073 7.260742 12.941130 4.055944 62.009922 8.011744 -11.676554 81.206345 55.648605 76.774895 171.598358 158.933121 177.312592 28.146011 31.514776 83.724182 8.320846 -0.000000 0.000000 5.541681 0.000003 0.000000 0.000000 -0.000000 0.000003 78.942932 2.941782 14.715190 64.278801 -0.000004 -0.000007 44.995186 -0.000001 -0.000008 0.000000 -0.000000 0.000003 88.999985 -0.000001 0.000004 96.757072 0.000003 -0.000002 64.440208 -0.000005 0.000009 0.000000 -0.000000 0.000003 89.015182 -0.173645 -9.998504 104.329559 0.000007 0.000003 69.483467 0.000002 0.000006 0.000000 -0.000000 0.000003 89.060280 -0.342008 -19.997196 110.000000 -0.000003 0.000002 80.000000 0.000003 -0.000006 170.343613 -177.602722 -179.486740 120.402222 162.034698 179.557892 101.399651 -119.006073 -102.734077 17.421345 -21.286995 -4.450655 155.544128 -148.529785 -109.476242 168.347931 179.999985 -179.999985 172.239716 -179.999985 -179.999985 0.000003 -0.000000 0.000003 90.965919 -179.741196 -165.002182 92.236961 179.999985 -179.999985 118.565880 -179.999985 179.999985 0.000003 -0.000000 0.000003 91.000015 180.000000 180.000000 71.170151 179.999985 179.999985 107.519318 179.999985 179.999985 0.000003 -0.000000 0.000003 90.984818 179.826355 170.001495 69.999992 -179.999985 -179.999985 100.000008 180.000000 -179.999985 0.000003 -0.000000 0.000003 90.939705 179.657990 160.002808 70.000015 -180.000000 179.999985 100.000038 180.000000 180.000000
-10.922471 89.255661 -124.303123 1.499506 -9.395599 -10.334435 0.356126 -3.788855 -0.419133 178.959946 177.497147 -143.225311 179.406097 178.233612 161.177582 2.622749 17.602943 -17.060690 1.970201 -3.840858 48.631508 179.782501 -169.079758 172.937897 179.431839 179.780167 -177.371414 179.047089 179.763382 -177.422104 178.800369 178.979874 -178.120636 1.572801 0.150773 -5.473691 1.626282 0.182083 -6.385798 0.982507 0.184358 -4.692395 7.170238 13.139857 4.327219 61.944469 9.010170 -11.390794 81.763184 56.310638 77.260559 171.514679 159.076324 177.083496 28.153574 31.228809 83.695175 8.476039 -0.000024 0.000022 5.645042 -0.000011 0.000013 180.000000 -180.000000 179.999985 78.958099 2.938025 14.715950 64.291550 0.000111 0.000138 45.004082 -0.000029 0.000114 180.000000 -180.000000 179.999985 89.000008 -0.000001 0.000004 96.712547 0.000017 -0.000038 64.410561 0.000021 0.000001 180.000000 -180.000000 179.999985 89.015182 -0.173638 -9.998505 104.248077 0.000037 -0.000081 69.429207 0.000065 -0.000009 180.000000 -180.000000 179.999985 89.060295 -0.342006 -19.997194 109.999985 -0.000004 -0.000006 80.000000 -0.000004 -0.000003 170.459579 -177.879257 -179.410187 120.519073 161.373474 179.377777 101.333565 -119.262833 -102.704506 17.198824 -21.387690 -4.280593 155.604599 -148.188416 -109.426605 168.551041 -179.999908 179.999771 172.374985 -179.999924 179.999847 0.000000 -0.000000 0.000000 90.965958 -179.741196 -165.002182 92.233162 -179.999954 -179.999741 118.563232 179.999863 -179.999893 0.000000 -0.000000 0.000000 91.000015 -180.000000 -180.000000 71.158669 179.999939 -179.999725 107.511650 179.999817 -179.999985 0.000000 -0.000000 0.000000 90.984818 179.826370 170.001495 70.000015 -179.999985 -179.999985 100.000008 -180.000000 -179.999985 0.000000 -0.000000 0.000000 90.939728 179.658005 160.002792 70.000015 180.000000 180.000000 100.000008 -180.000000 -180.000000
-11.041135 89.361641 -123.369263 1.627210 -9.577214 -10.305411 0.245574 -4.231423 0.206849 178.715057 177.212372 -143.413910 179.578690 177.814941 161.477524 2.392601 17.545946 -17.281130 1.828968 -3.169559 45.728439 178.670578 -168.856583 173.678757 179.411484 179.739304 -177.417740 179.012009 179.722153 -177.467606 178.762207 178.789047 -178.150955 1.588287 0.151789 -5.456714 1.642311 0.183307 -6.365998 0.989877 0.211593 -4.677340 7.073928 13.350972 4.638164 61.832424 9.986806 -11.187357 82.464569 56.920658 77.885681 171.433655 159.217041 176.846176 28.438206 31.291059 84.127525 8.345437 0.000738 -0.000850 5.558061 0.000539 -0.000507 180.000000 180.000000 -180.000000 79.057045 2.911658 14.721050 64.375267 -0.000094 -0.000132 45.062668 0.000023 -0.000101 180.000000 180.000000 -180.000000 89.000000 -0.000001 -0.000001 96.738739 0.000139 -0.000635 64.427994 0.000421 -0.000110 180.000000 180.000000 -180.000000 89.015182 -0.173642 -9.998509 104.273262 0.000378 -0.000921 69.445984 0.000658 0.000024 180.000000 180.000000 -180.000000 89.060295 -0.342002 -19.997208 109.999985 0.000002 0.000003 80.000008 0.000001 -0.000004 170.572891 -178.150650 -179.299622 120.607483 160.759277 179.258240 101.244377 -119.413383 -102.638985 16.997660 -21.459055 -4.144674 155.904984 -148.056335 -109.671265 168.605972 -179.999802 179.999054 172.411575 -179.999786 179.999390 0.000000 -0.000000 0.000000 90.965927 -179.741196 -165.002167 92.369690 -179.999969 -179.999710 118.658760 179.999847 -179.999863 0.000000 -0.000000 0.000000 91.000000 -180.000000 179.999985 71.310684 179.999893 -179.999710 107.612923 179.999802 179.999985 0.000000 -0.000000 0.000000 90.984779 179.826355 170.001495 70.000008 -179.999985 -179.999985 100.000008 179.999985 179.999985 0.000000 -0.000000 0.000000 90.939705 179.657990 160.002808 70.000000 -180.000000 -179.999985 100.000000 -179.999985 -179.999985
-11.161427 89.450676 -122.435249 1.735262 -9.735238 -10.260009 0.142690 -4.571115 0.807634 178.473328 177.089203 -143.592072 179.741959 177.365860 161.831375 2.163101 17.552683 -17.450243 1.709054 -2.563412 42.730145 177.458191 -168.505066 174.506287 179.399521 179.694092 -177.472473 178.990814 179.676926 -177.521301 178.742493 178.577972 -178.186829 1.596694 0.152133 -5.441377 1.651014 0.183734 -6.348095 0.998074 0.175613 -4.663658 6.975609 13.487853 4.961661 61.675953 10.876957 -11.092670 83.300758 57.422379 78.661926 171.356110 159.357910 176.601913 28.454622 30.873783 84.119347 8.562871 0.001278 -0.001384 5.702866 0.000940 -0.000822 0.000003 -0.000000 0.000000 79.050133 2.913048 14.720741 64.369492 -0.000258 -0.000417 45.058643 0.000079 -0.000333 0.000003 -0.000000 0.000000 88.999977 0.000001 0.000006 96.670319 0.000329 -0.001253 64.382492 0.000845 -0.000162 0.000003 -0.000000 0.000000 89.015182 -0.173634 -9.998514 104.161339 0.000755 -0.001692 69.371460 0.001226 0.000072 0.000003 -0.000000 0.000000 89.060234 -0.342003 -19.997196 109.999992 -0.000007 -0.000004 80.000000 0.000006 -0.000008 170.671066 -178.336685 -179.145920 120.654297 160.211533 179.167160 101.162514 -119.470879 -102.589020 16.818247 -21.511772 -4.032432 156.153046 -147.657532 -109.756577 168.836105 -179.999802 179.998367 172.564850 -179.999725 179.998932 0.000007 0.000003 0.000000 90.965927 -179.741196 -165.002182 92.456039 -179.999969 -179.999741 118.719208 179.999847 -179.999908 0.000007 0.000003 0.000000 91.000000 180.000000 179.999985 71.401146 179.999878 -179.999771 107.673195 179.999832 179.999985 0.000007 0.000003 0.000000 90.984779 179.826370 170.001480 69.999992 180.000000 179.999985 100.000008 -179.999985 179.999985 0.000007 0.000003 0.000000 90.939735 179.658005 160.002808 69.999985 -179.999985 179.999985 100.000008 179.999985 180.000000
-11.284183 89.516335 -121.493515 1.817508 -9.877689 -10.206227 179.969543 -174.765396 -178.607376 178.335388 176.677673 -143.748611 179.886917 176.913666 162.228409 1.963699 17.492840 -17.547844 1.575329 -1.945357 39.660767 176.192596 -168.037842 175.419968 179.393051 179.660904 -177.531937 178.979187 179.643936 -177.579620 178.732864 178.422974 -178.226608 1.615102 0.153451 -5.425072 1.670069 0.185318 -6.329076 1.007669 0.196763 -4.649374 6.890720 13.648035 5.306294 61.494434 11.727625 -10.991940 84.150650 57.902554 79.453911 171.293976 159.488861 176.391418 28.458578 30.406513 84.111420 8.805304 0.001738 -0.001752 5.864336 0.001276 -0.001037 180.000000 -179.999985 179.999985 79.021187 2.920071 14.719257 64.345184 -0.000460 -0.000822 45.041611 0.000172 -0.000638 180.000000 -179.999985 179.999985 88.999962 0.000010 -0.000010 96.576317 0.000600 -0.001903 64.319801 0.001315 -0.000186 180.000000 -179.999985 179.999985 89.015205 -0.173630 -9.998511 104.027008 0.001284 -0.002506 69.281990 0.001870 0.000204 180.000000 -179.999985 179.999985 89.060234 -0.342002 -19.997183 110.000038 0.000011 0.000009 79.999962 -0.000003 -0.000002 170.769012 -178.555481 -178.978409 120.647888 159.716782 179.071564 101.008614 -119.526657 -102.460976 16.747374 -21.508739 -3.970778 156.399414 -147.255280 -109.824364 169.072830 -179.999969 179.997772 172.722504 -179.999802 179.998550 0.000000 0.000007 0.000000 90.965950 -179.741180 -165.002197 92.536583 179.999985 179.999893 118.775627 -179.999954 179.999985 0.000000 0.000007 0.000000 91.000015 -179.999985 179.999985 71.489929 -179.999939 179.999847 107.732277 -179.999893 -179.999985 0.000000 0.000007 0.000000 90.984810 179.826370 170.001495 70.000015 179.999985 180.000000 100.000023 179.999985 179.999985 0.000000 0.000007 0.000000 90.939728 179.658005 160.002792 69.999977 179.999985 -179.999985 100.000008 -179.999985 180.000000
-11.440654 89.544304 -120.504066 1.815779 -10.003791 -10.160642 179.852036 -174.229050 -177.985519 178.224243 176.430710 -143.864822 0.050288 3.535246 -17.202747 1.841270 17.486483 -17.384382 1.182927 -1.845845 36.498329 175.031235 -167.473801 176.368835 179.405594 179.628952 -177.594986 178.999512 179.612701 -177.641479 178.763718 178.273682 -178.269775 1.619449 0.153384 -5.407463 1.674578 0.185238 -6.308525 1.015734 0.129613 -4.634067 6.812408 13.743026 5.632710 61.309711 12.356224 -11.054079 84.981232 58.197495 80.204430 171.281494 159.571930 176.313904 28.366714 29.965563 83.982788 9.060990 -0.000003 -0.000000 6.034623 -0.000000 0.000002 0.000003 -0.000000 0.000003 78.953789 2.938945 14.715752 64.287979 0.000005 -0.000001 45.001579 -0.000000 0.000000 0.000003 -0.000000 0.000003 89.000015 -0.000002 0.000002 96.456871 0.000010 0.000001 64.240288 -0.000003 0.000010 0.000003 -0.000000 0.000003 89.015205 -0.173641 -9.998507 103.859512 -0.000000 0.000000 69.170410 -0.000002 0.000007 0.000003 -0.000000 0.000003 89.060280 -0.342003 -19.997198 110.000031 -0.000000 0.000000 79.999962 0.000002 -0.000003 170.865692 -178.687317 -178.795044 120.559776 159.379730 179.022812 100.849350 -119.519142 -102.417114 16.823599 -21.432737 -3.954607 156.444458 -146.876526 -109.728317 169.305695 180.000000 -179.999985 172.877594 180.000000 -180.000000 0.000000 -0.000000 0.000000 90.965935 -179.741196 -165.002182 92.526237 180.000000 180.000000 118.768372 179.999985 180.000000 0.000000 -0.000000 0.000000 91.000000 180.000000 -179.999985 71.472572 179.999985 179.999985 107.720734 180.000000 179.999985 0.000000 -0.000000 0.000000 90.984802 179.826355 170.001511 70.000008 -179.999985 -180.000000 100.000008 179.999985 179.999985 0.000000 -0.000000 0.000000 90.939705 179.657990 160.002808 69.999992 -179.999985 -179.999985 100.000000 -180.000000 179.999985
-11.591451 89.576523 -119.521263 1.823812 -10.130455 -10.114460 179.713455 -173.678635 -177.361557 178.119461 176.158859 -143.993439 0.206913 3.972962 -16.654005 1.715513 17.491312 -17.253656 0.811847 -1.718755 33.336372 173.799423 -166.993561 177.343079 179.416183 179.597885 -177.656998 179.016464 179.582306 -177.702316 178.790237 178.128571 -178.311996 1.625219 0.153433 -5.390235 1.680562 0.185295 -6.288421 1.023772 0.072241 -4.619190 6.734096 13.854547 5.963815 61.113159 13.007380 -11.111501 85.843407 58.504612 80.991249 171.263657 159.660965 176.221085 28.287376 29.514063 83.866104 9.319348 0.000244 -0.000220 6.206678 0.000173 -0.000124 0.000000 -0.000000 0.000000 78.888885 2.955759 14.712420 64.233192 -0.000067 -0.000143 44.963245 0.000036 -0.000114 0.000000 -0.000000 0.000000 89.000008 0.000002 0.000007 96.339455 0.000109 -0.000304 64.162086 0.000205 -0.000021 0.000000 -0.000000 0.000000 89.015205 -0.173643 -9.998502 103.693817 0.000214 -0.000381 69.060059 0.000285 0.000047 0.000000 -0.000000 0.000000 89.060280 -0.342001 -19.997198 110.000000 0.000005 0.000001 80.000000 0.000001 -0.000013 170.962372 -178.830368 -178.610489 120.479713 159.024521 178.968887 100.694588 -119.513420 -102.371017 16.885611 -21.362427 -3.934577 156.513901 -146.498749 -109.664368 169.533875 179.999924 179.999664 173.029572 179.999985 179.999771 0.000000 -0.000000 0.000000 90.965942 -179.741196 -165.002167 92.527664 -179.999985 179.999939 118.769363 -179.999954 179.999969 0.000000 -0.000000 0.000000 91.000015 -179.999985 -179.999985 71.468460 -179.999954 179.999924 107.717995 -179.999939 -179.999985 0.000000 -0.000000 0.000000 90.984810 179.826370 170.001495 70.000008 179.999985 179.999985 100.000008 180.000000 180.000000 0.000000 -0.000000 0.000000 90.939728 179.657990 160.002792 69.999992 180.000000 -179.999985 100.000008 -179.999985 -179.999985
-11.760158 89.594040 -118.516769 1.800176 -10.255844 -10.067191 179.608368 -173.174011 -176.709854 177.997879 175.967834 -144.115524 0.364368 4.435440 -16.018785 1.567352 17.353128 -17.030525 0.386679 -1.763001 30.062904 172.565216 -166.605301 178.329010 179.434204 179.558029 -177.724426 179.045670 179.543304 -177.768417 178.833786 177.942245 -178.357773 1.624009 0.152801 -5.372576 1.679330 0.184532 -6.267822 1.032461 -0.048203 -4.604129 6.662408 13.885462 6.297001 60.915409 13.611224 -11.195539 86.671829 58.780613 81.746193 171.260895 159.733536 176.174240 28.170591 29.059525 83.687798 9.593487 0.000366 -0.000262 6.389264 0.000263 -0.000143 0.000000 -0.000000 0.000000 78.806053 2.977328 14.708120 64.163223 -0.000107 -0.000260 44.914253 0.000075 -0.000191 0.000000 -0.000000 0.000000 89.000000 0.000001 0.000001 96.202988 0.000203 -0.000480 64.071190 0.000349 -0.000020 0.000000 -0.000000 0.000000 89.015190 -0.173639 -9.998502 103.505836 0.000369 -0.000613 68.934891 0.000471 0.000095 0.000000 -0.000000 0.000000 89.060257 -0.342003 -19.997206 110.000015 0.000002 0.000003 80.000000 -0.000005 0.000000 171.064743 -178.905869 -178.414185 120.375839 158.721207 178.950424 100.527969 -119.497482 -102.351372 17.015162 -21.266479 -3.935035 156.502533 -146.084137 -109.494568 169.796539 179.999710 179.999512 173.204498 179.999847 179.999664 0.000000 -0.000000 0.000000 90.965935 -179.741196 -165.002197 92.484772 -179.999985 179.999847 118.739326 -179.999893 179.999954 0.000000 -0.000000 0.000000 91.000015 180.000000 180.000000 71.413826 -179.999847 179.999847 107.681641 -179.999863 -179.999939 0.000000 -0.000000 0.000000 90.984825 179.826370 170.001495 69.999992 179.999985 179.999985 100.000023 179.999985 -179.999985 0.000000 -0.000000 0.000000 90.939705 179.658005 160.002792 69.999992 180.000000 -179.999985 100.000008 -180.000000 179.999985
-11.947493 89.602516 -117.500671 1.752492 -10.371597 -10.028783 179.578461 -172.766159 -176.115723 177.830948 175.848984 -144.214386 0.527682 4.859730 -15.381458 1.497752 17.262959 -16.702126 179.907593 -177.952820 -152.922287 171.496033 -166.240585 179.201187 179.456451 179.520859 -177.788010 179.082016 179.507065 -177.830750 178.885574 177.768219 -178.401398 1.616851 0.151522 -5.353269 1.671939 0.183008 -6.245291 1.039051 -0.187906 -4.587741 6.585406 13.862257 6.587211 60.760162 14.086716 -11.322526 87.387268 58.953205 82.392532 171.274261 159.782730 176.184235 28.038721 28.668165 83.484268 9.840832 0.000341 -0.000173 6.553999 0.000239 -0.000089 180.000000 180.000000 -180.000000 78.726410 2.998095 14.703955 64.095940 -0.000140 -0.000349 44.867180 0.000102 -0.000239 180.000000 180.000000 -180.000000 89.000000 0.000001 0.000001 96.081520 0.000255 -0.000610 63.990253 0.000445 -0.000028 180.000000 180.000000 -180.000000 89.015228 -0.173639 -9.998508 103.339478 0.000458 -0.000758 68.824135 0.000587 0.000104 180.000000 180.000000 -180.000000 89.060295 -0.342002 -19.997190 110.000000 0.000009 0.000006 79.999985 0.000010 -0.000001 171.158264 -178.940445 -178.233353 120.235481 158.479752 178.871262 100.337860 -119.530098 -102.306290 17.175293 -21.171511 -3.939661 156.404144 -145.763184 -109.297615 170.001709 179.998978 179.999512 173.341156 179.999344 179.999603 0.000003 -0.000000 0.000000 90.965919 -179.741196 -165.002182 92.405533 -179.999985 179.999847 118.683853 -179.999893 179.999969 0.000003 -0.000000 0.000000 91.000015 -179.999985 179.999985 71.324074 -179.999786 179.999863 107.621834 -179.999878 -179.999893 0.000003 -0.000000 0.000000 90.984818 179.826370 170.001480 70.000008 179.999985 179.999985 100.000008 -179.999985 179.999985 0.000003 -0.000000 0.000000 90.939751 179.658005 160.002792 69.999969 179.999985 -179.999985 100.000038 -179.999985 179.999985
-12.157248 89.599403 -116.459724 1.664630 -10.502119 -9.983474 179.585541 -172.335358 -175.516739 177.569214 175.851456 -144.218872 0.705487 5.458170 -14.589342 1.468536 17.431341 -16.210669 179.324127 -177.147049 -156.083694 170.381119 -165.795746 179.878342 179.483810 179.512924 -177.861404 179.127762 179.500275 -177.902710 178.944229 177.730911 -178.453995 1.632824 0.152167 -5.323241 1.688492 0.183781 -6.210259 1.043836 -0.129331 -4.561593 6.517467 14.041298 6.874449 60.675625 14.492684 -11.462800 87.996933 59.098362 82.922737 171.306137 159.799957 176.262665 27.985620 28.609964 83.503387 9.862168 0.000136 -0.000031 6.568214 0.000092 -0.000017 0.000000 -0.000000 0.000000 78.654037 3.017050 14.700169 64.034843 -0.000153 -0.000341 44.824398 0.000094 -0.000246 0.000000 -0.000000 0.000000 89.000000 -0.000001 0.000004 95.970810 0.000225 -0.000602 63.916576 0.000427 -0.000043 0.000000 -0.000000 0.000000 89.015205 -0.173634 -9.998513 103.208252 0.000457 -0.000885 68.736694 0.000670 0.000070 0.000000 -0.000000 0.000000 89.060280 -0.342007 -19.997190 109.999969 0.000002 -0.000010 80.000015 -0.000009 -0.000003 171.279831 -179.192368 -178.106323 120.093315 158.306793 178.880264 100.126404 -119.538445 -102.257828 17.365301 -21.060751 -3.946903 156.259232 -145.301102 -108.922539 170.325195 179.998718 179.999969 173.556564 179.999161 179.999893 180.000000 -179.999985 -179.999985 90.965950 -179.741196 -165.002182 92.319237 179.999985 -179.999985 118.623505 179.999985 -179.999985 180.000000 -179.999985 -179.999985 91.000000 179.999985 -179.999985 71.216652 -179.999847 -179.999939 107.550308 179.999985 -179.999893 180.000000 -179.999985 -179.999985 90.984810 179.826355 170.001480 69.999985 179.999985 -179.999985 100.000031 -179.999985 179.999985 180.000000 -179.999985 -179.999985 90.939728 179.657990 160.002808 70.000015 179.999985 179.999985 100.000053 180.000000 179.999985
-12.384384 89.567963 -115.357956 1.515556 -10.625842 -9.964588 179.561569 -171.987366 -175.030640 177.305740 176.058624 -143.938980 0.896474 6.217128 -13.615791 1.499886 18.110292 -15.558375 178.809265 -175.859360 -158.782928 169.436584 -165.040451 -179.999115 179.522858 179.494659 -177.928162 179.192825 179.483215 -177.968231 179.029556 177.645996 -178.502228 1.630545 0.151369 -5.301957 1.686158 0.182811 -6.185435 1.046347 -0.184524 -4.543459 6.482885 14.079553 7.040932 60.717068 14.609500 -11.641881 88.476616 59.066628 83.357300 171.332016 159.788559 176.348724 27.821089 28.373396 83.207764 10.052068 0.000002 0.000002 6.694674 0.000002 -0.000003 0.000000 -0.000000 0.000000 78.600891 3.031435 14.697379 63.989891 -0.000002 0.000003 44.792912 -0.000000 0.000000 0.000000 -0.000000 0.000000 88.999985 0.000004 0.000004 95.893791 -0.000000 0.000005 63.865295 0.000005 -0.000001 0.000000 -0.000000 0.000000 89.015175 -0.173638 -9.998506 103.088852 -0.000003 0.000002 68.657173 0.000004 0.000003 0.000000 -0.000000 0.000000 89.060280 -0.342002 -19.997208 110.000000 -0.000011 -0.000009 80.000000 -0.000005 -0.000004 171.389755 -179.294785 -178.032974 119.950829 158.240707 178.900269 99.939697 -119.491768 -102.160431 17.457333 -20.976944 -3.937603 156.023834 -145.033691 -108.567619 170.526947 -179.999985 -180.000000 173.690948 -179.999985 -180.000000 0.000000 -0.000000 0.000000 90.965919 -179.741196 -165.002182 92.206841 179.999985 179.999985 118.544815 180.000000 -179.999985 0.000000 -0.000000 0.000000 91.000000 -179.999985 179.999985 71.083984 179.999985 179.999985 107.461945 -180.000000 -179.999985 0.000000 -0.000000 0.000000 90.984802 179.826370 170.001480 69.999992 -179.999985 -179.999985 100.000008 -180.000000 -179.999985 0.000000 -0.000000 0.000000 90.939705 179.657990 160.002808 70.000015 179.999985 179.999985 100.000008 180.000000 180.000000
-12.611820 89.540733 -114.263847 1.373107 -10.751584 -9.940395 179.546249 -171.643402 -174.528107 177.029739 176.263214 -143.698059 1.072531 6.962818 -12.660423 1.530524 18.770779 -14.919071 178.323669 -174.530823 -161.541321 168.430878 -164.366257 -179.822617 179.561035 179.476151 -177.996658 179.256317 179.465942 -178.035370 179.113037 177.559296 -178.551376 1.627922 0.150506 -5.279333 1.683473 0.181759 -6.159044 1.048739 -0.244047 -4.524219 6.443268 14.126781 7.221657 60.742661 14.761432 -11.822915 88.969833 59.051521 83.799820 171.360153 159.778992 176.437134 27.657940 28.137663 82.918999 10.239764 -0.000046 0.000039 6.819685 -0.000034 0.000024 0.000000 -0.000003 0.000000 78.544640 3.046126 14.694390 63.942371 -0.000017 -0.000031 44.759647 0.000009 -0.000022 0.000000 -0.000003 0.000000 89.000015 -0.000004 0.000001 95.811897 0.000020 -0.000055 63.810749 0.000040 -0.000003 0.000000 -0.000003 0.000000 89.015213 -0.173642 -9.998507 102.963768 0.000038 -0.000095 68.573898 0.000062 -0.000003 0.000000 -0.000003 0.000000 89.060310 -0.342006 -19.997210 109.999985 -0.000007 -0.000004 80.000015 -0.000001 0.000004 171.502228 -179.405151 -177.951477 119.806351 158.159485 178.918411 99.753998 -119.447701 -102.077614 17.554518 -20.894033 -3.926112 155.779465 -144.754700 -108.205734 170.734970 179.999786 -179.999954 173.829483 179.999863 -179.999985 0.000000 0.000003 0.000000 90.965912 -179.741196 -165.002182 92.088425 180.000000 -179.999969 118.461914 179.999985 -179.999985 0.000000 0.000003 0.000000 91.000015 179.999985 179.999985 70.943810 179.999985 -179.999969 107.368584 179.999985 -179.999985 0.000000 0.000003 0.000000 90.984810 179.826370 170.001480 70.000008 179.999985 -179.999985 100.000000 -179.999985 179.999985 0.000000 0.000003 0.000000 90.939728 179.657990 160.002792 69.999992 -179.999985 -179.999985 100.000023 180.000000 180.000000
-12.841628 89.502251 -113.146843 1.206854 -10.873318 -9.924479 179.497101 -171.281509 -174.074417 176.770676 176.479431 -143.345078 1.247442 7.754072 -11.626512 1.587086 19.561399 -14.222487 177.921890 -173.100601 -164.097610 167.500534 -163.563782 -179.881027 179.602707 179.458191 -178.062424 179.325653 179.449188 -178.099854 179.203873 177.474945 -178.598984 1.627300 0.149900 -5.259649 1.682850 0.181020 -6.136073 1.051224 -0.287700 -4.507414 6.420584 14.140422 7.358845 60.820343 14.810431 -12.004292 89.410042 58.970657 84.206009 171.383469 159.761383 176.518768 27.484798 27.900888 82.593307 10.436777 -0.000222 0.000180 6.950893 -0.000160 0.000103 0.000000 -0.000000 0.000000 78.500763 3.057608 14.692063 63.905304 -0.000037 -0.000031 44.733700 0.000007 -0.000027 0.000000 -0.000000 0.000000 89.000015 -0.000005 0.000005 95.746422 -0.000001 -0.000068 63.767097 0.000033 -0.000011 0.000000 -0.000000 0.000000 89.015190 -0.173640 -9.998502 102.858971 0.000011 -0.000123 68.504097 0.000078 -0.000021 0.000000 -0.000000 0.000000 89.060318 -0.342012 -19.997192 110.000000 -0.000003 0.000002 79.999969 0.000001 -0.000004 171.612061 -179.482620 -177.894958 119.659668 158.114197 178.922913 99.551277 -119.408745 -101.929222 17.630945 -20.811256 -3.919680 155.545471 -144.505173 -107.853828 170.927933 179.999542 -179.999847 173.957993 179.999695 -179.999924 0.000000 -0.000000 0.000000 90.965950 -179.741180 -165.002197 91.985390 179.999985 -179.999893 118.389771 179.999924 -179.999985 0.000000 -0.000000 0.000000 91.000015 -179.999985 180.000000 70.823090 179.999954 -179.999878 107.288193 179.999924 179.999985 0.000000 -0.000000 0.000000 90.984802 179.826370 170.001495 70.000008 -179.999985 179.999985 100.000038 -180.000000 179.999985 0.000000 -0.000000 0.000000 90.939728 179.658005 160.002792 69.999992 -179.999985 -179.999985 100.000023 -179.999985 179.999985
-13.065619 89.452209 -112.005905 1.017092 -10.988562 -9.931776 179.378738 -170.882233 -173.651642 176.570953 176.654907 -142.880524 1.425119 8.556111 -10.515758 1.700466 20.421148 -13.475080 177.647568 -171.832703 -166.411133 166.682617 -162.501617 179.907516 179.646881 179.451492 -178.118576 179.399399 179.443695 -178.154877 179.298767 177.443146 -178.640625 1.633607 0.150078 -5.244454 1.689384 0.181234 -6.118354 1.052817 -0.264395 -4.494232 6.416332 14.199314 7.451759 60.949314 14.741729 -12.183616 89.816093 58.829819 84.587471 171.403275 159.739746 176.592422 27.336428 27.657972 82.278931 10.635317 -0.000541 0.000474 7.083135 -0.000395 0.000268 0.000000 -0.000000 0.000000 78.466705 3.066558 14.690273 63.876469 -0.000032 -0.000020 44.713524 -0.000000 -0.000026 0.000000 -0.000000 0.000000 89.000000 0.000006 -0.000013 95.701515 -0.000024 -0.000042 63.737221 0.000026 -0.000032 0.000000 -0.000000 0.000000 89.015228 -0.173641 -9.998505 102.770882 -0.000042 -0.000080 68.445442 0.000048 -0.000058 0.000000 -0.000000 0.000000 89.060295 -0.342009 -19.997190 110.000015 -0.000001 0.000005 80.000008 0.000008 0.000007 171.719269 -179.605896 -177.874329 119.534950 158.128357 178.971741 99.371338 -119.331589 -101.774696 17.683058 -20.732853 -3.915789 155.347168 -144.309952 -107.530602 171.091446 179.999329 -179.999680 174.066910 179.999527 -179.999832 0.000000 -0.000000 0.000000 90.965958 -179.741180 -165.002167 91.908302 179.999969 -179.999847 118.335815 179.999893 -179.999985 0.000000 -0.000000 0.000000 91.000023 -179.999985 179.999985 70.739075 179.999893 -179.999847 107.232254 179.999878 179.999985 0.000000 -0.000000 0.000000 90.984802 179.826370 170.001480 70.000015 179.999985 180.000000 100.000000 179.999985 -179.999985 0.000000 -0.000000 0.000000 90.939743 179.657990 160.002808 70.000000 -179.999985 -179.999985 100.000038 179.999985 179.999985
-13.284941 89.384216 -110.830452 0.793733 -11.095860 -9.965475 179.206711 -170.552261 -173.231155 176.429535 176.897186 -142.275238 1.622208 9.374433 -9.261263 1.865002 21.331539 -12.662436 177.418030 -170.569931 -168.565079 165.901398 -161.285706 179.401306 179.700211 179.430359 -178.165634 179.488144 179.423843 -178.200989 179.414719 177.343750 -178.676559 1.626145 0.149075 -5.239484 1.681681 0.180052 -6.112549 1.054048 -0.326965 -4.490104 6.429477 14.144073 7.484048 61.121040 14.557327 -12.329459 90.168884 58.666721 84.928169 171.416702 159.714462 176.665115 27.211735 27.334072 81.990097 10.870049 -0.000852 0.000783 7.239461 -0.000622 0.000440 0.000000 -0.000000 0.000000 78.431419 3.075865 14.688392 63.846634 -0.000009 0.000034 44.692677 -0.000022 0.000017 0.000000 -0.000000 0.000000 89.000031 -0.000007 0.000007 95.659828 -0.000047 0.000019 63.709396 -0.000020 -0.000029 0.000000 -0.000000 0.000000 89.015228 -0.173641 -9.998500 102.692909 -0.000127 0.000010 68.393486 -0.000041 -0.000073 0.000000 -0.000000 0.000000 89.060295 -0.342014 -19.997183 109.999992 0.000010 0.000002 80.000000 -0.000007 -0.000005 171.808792 -179.603790 -177.864105 119.434898 158.208588 179.081314 99.219757 -119.209915 -101.626976 17.726128 -20.651079 -3.909889 155.161911 -144.177338 -107.220497 171.221283 179.999069 -179.999481 174.153381 179.999359 -179.999725 0.000007 -0.000000 0.000000 90.965919 -179.741196 -165.002182 91.860298 179.999969 -179.999847 118.302208 179.999893 -179.999985 0.000007 -0.000000 0.000000 91.000000 -180.000000 -180.000000 70.678535 179.999893 -179.999847 107.191879 179.999893 179.999969 0.000007 -0.000000 0.000000 90.984795 179.826355 170.001495 69.999985 180.000000 -179.999985 100.000023 -180.000000 179.999985 0.000007 -0.000000 0.000000 90.939705 179.658005 160.002792 70.000008 179.999985 180.000000 99.999985 -179.999985 179.999985
-13.486661 89.267181 -109.616074 0.605261 -11.160142 -10.065172 178.965393 -170.380127 -172.973526 176.367859 177.206863 -141.354721 1.940733 10.090709 -7.921976 1.988504 21.426287 -12.036526 177.407776 -170.307785 -169.706589 165.402618 -160.508865 179.398056 179.746323 179.409042 -178.189178 179.564697 179.403412 -178.224075 179.516083 177.244400 -178.695312 1.610349 0.147762 -5.246501 1.665341 0.178474 -6.120731 1.054302 -0.449383 -4.496587 6.466921 13.967052 7.456366 61.300976 14.123086 -12.431269 90.471512 58.425423 85.246658 171.420212 159.695374 176.709625 27.113062 27.080444 81.778862 11.049202 -0.000003 -0.000004 7.358769 0.000007 -0.000003 0.000000 -0.000000 0.000000 78.391586 3.086239 14.686214 63.813072 0.000004 -0.000006 44.669140 -0.000001 0.000003 0.000000 -0.000000 0.000000 89.000031 0.000002 -0.000002 95.630455 -0.000000 0.000000 63.689861 -0.000001 0.000008 0.000000 -0.000000 0.000000 89.015205 -0.173636 -9.998513 102.632759 -0.000006 -0.000008 68.353409 -0.000005 0.000001 0.000000 -0.000000 0.000000 89.060295 -0.342005 -19.997192 110.000000 0.000008 -0.000001 80.000000 -0.000003 -0.000002 171.842041 -179.493301 -177.866959 119.359741 158.411499 179.170502 99.036621 -119.124001 -101.358498 17.833635 -20.516146 -3.936983 155.056000 -144.063461 -107.010124 171.325790 -179.999985 179.999985 174.222977 180.000000 180.000000 0.000000 -0.000000 0.000000 90.965927 -179.741180 -165.002182 91.841583 -179.999985 179.999985 118.289108 179.999985 179.999985 0.000000 -0.000000 0.000000 91.000000 -179.999985 -180.000000 70.657310 179.999985 -179.999985 107.177773 179.999985 -179.999985 0.000000 -0.000000 0.000000 90.984818 179.826370 170.001495 69.999992 179.999985 179.999985 100.000023 179.999985 -180.000000 0.000000 -0.000000 0.000000 90.939713 179.657990 160.002808 69.999992 179.999985 -179.999985 100.000000 -180.000000 179.999985
-13.690694 89.157326 -108.406235 0.410550 -11.228925 -10.158566 178.740967 -170.238693 -172.690247 176.302353 177.526474 -140.498795 2.215485 10.786988 -6.617090 2.129901 21.638197 -11.383890 177.376038 -169.926407 -170.952240 164.839828 -159.666550 179.312759 179.793900 179.385086 -178.212830 179.643585 179.380478 -178.247253 179.621155 177.132080 -178.714066 1.592777 0.146344 -5.253679 1.647164 0.176763 -6.129112 1.053973 -0.584170 -4.503299 6.499110 13.779850 7.427903 61.478054 13.723362 -12.539742 90.773903 58.187412 85.557892 171.426300 159.676880 176.757111 27.027630 26.843073 81.593407 11.214207 -0.000293 0.000241 7.468655 -0.000221 0.000134 0.000000 -0.000000 0.000007 78.356880 3.095354 14.684341 63.783798 0.000010 0.000022 44.648643 -0.000011 0.000018 0.000000 -0.000000 0.000007 88.999977 0.000001 0.000001 95.603424 -0.000018 0.000016 63.671864 -0.000017 0.000005 0.000000 -0.000000 0.000007 89.015182 -0.173639 -9.998512 102.575844 -0.000035 0.000033 68.315506 -0.000031 -0.000021 0.000000 -0.000000 0.000007 89.060280 -0.342005 -19.997194 110.000000 0.000002 0.000003 79.999985 0.000005 0.000000 171.879044 -179.376221 -177.868240 119.281792 158.592560 179.251602 98.866211 -119.041740 -101.108978 17.926107 -20.394739 -3.955970 154.956879 -143.988235 -106.823723 171.404037 179.999588 -179.999741 174.275085 179.999725 -179.999847 180.000000 180.000000 -179.999985 90.965935 -179.741196 -165.002197 91.826767 179.999985 -179.999939 118.278740 179.999969 -179.999985 180.000000 180.000000 -179.999985 91.000000 -179.999985 179.999985 70.641487 179.999969 -179.999939 107.167221 179.999954 179.999985 180.000000 180.000000 -179.999985 90.984810 179.826370 170.001495 69.999977 -179.999985 -179.999985 100.000038 -179.999985 180.000000 180.000000 180.000000 -179.999985 90.939728 179.658005 160.002792 70.000023 179.999985 -179.999985 100.000000 -179.999985 179.999985
-13.887754 89.027298 -107.179131 0.224384 -11.285302 -10.278861 178.441895 -169.985291 -172.460693 176.232956 177.761383 -139.415390 2.584407 11.525307 -5.140861 2.216660 21.388628 -10.795684 177.462204 -170.020203 -171.901627 164.419388 -159.006073 179.549774 179.839691 179.368500 -178.234680 179.719650 179.364853 -178.268661 179.721619 177.054230 -178.731720 1.580000 0.145457 -5.262258 1.633937 0.175684 -6.139122 1.053529 -0.683006 -4.511092 6.548632 13.610513 7.395316 61.665039 13.186865 -12.652394 91.066917 57.913460 85.882065 171.426193 159.655777 176.794373 26.839863 26.465616 81.228798 11.490349 -0.000393 0.000321 7.652566 -0.000294 0.000177 0.000000 -0.000000 0.000000 78.273445 3.117179 14.679801 63.713310 0.000003 0.000022 44.599319 -0.000005 0.000020 0.000000 -0.000000 0.000000 89.000015 -0.000004 -0.000004 95.540222 0.000028 -0.000025 63.629768 0.000013 -0.000008 0.000000 -0.000000 0.000000 89.015205 -0.173639 -9.998524 102.470566 -0.000021 0.000012 68.245407 -0.000021 -0.000006 0.000000 -0.000000 0.000000 89.060295 -0.342005 -19.997204 109.999992 -0.000005 -0.000001 80.000008 0.000003 -0.000006 171.901627 -179.268280 -177.874466 119.208916 158.854523 179.358765 98.660408 -118.954575 -100.793335 18.071035 -20.225376 -3.995667 154.774658 -143.644714 -106.399261 171.680923 179.999756 -179.999802 174.459488 179.999832 -179.999878 0.000000 -0.000000 0.000000 90.965958 -179.741196 -165.002182 91.792068 179.999985 -179.999847 118.254463 179.999878 -179.999969 0.000000 -0.000000 0.000000 91.000023 179.999985 -179.999985 70.596237 179.999908 -179.999847 107.137108 179.999878 179.999985 0.000000 -0.000000 0.000000 90.984810 179.826355 170.001495 69.999992 180.000000 180.000000 100.000023 180.000000 -179.999985 0.000000 -0.000000 0.000000 90.939728 179.657990 160.002792 69.999992 179.999985 179.999985 100.000008 179.999985 -179.999985
-14.081022 88.873985 -105.937561 0.066397 -11.325045 -10.408697 178.108887 -169.663208 -172.300049 176.116653 177.941223 -138.179214 3.037671 12.277509 -3.578627 2.240773 20.838825 -10.318102 177.605774 -170.357605 -172.514114 164.281967 -158.730011 -179.982056 179.878815 179.361725 -178.258499 179.784821 179.358917 -178.292007 179.806503 177.022263 -178.750702 1.573823 0.145086 -5.266275 1.627540 0.175223 -6.143816 1.053476 -0.737897 -4.514797 6.609534 13.476977 7.375501 61.852867 12.584510 -12.732429 91.314140 57.648949 86.184227 171.409805 159.633972 176.823593 26.765896 26.245064 81.048470 11.645672 -0.000770 0.000548 7.756009 -0.000565 0.000299 0.000000 0.000003 0.000000 78.241310 3.125516 14.678070 63.686161 -0.000015 -0.000034 44.580338 0.000003 -0.000025 0.000000 0.000003 0.000000 89.000008 0.000004 -0.000001 95.529869 0.000057 -0.000171 63.622879 0.000119 -0.000023 0.000000 0.000003 0.000000 89.015228 -0.173636 -9.998507 102.436462 0.000048 -0.000104 68.222679 0.000084 0.000016 0.000000 0.000003 0.000000 89.060295 -0.342002 -19.997202 110.000015 -0.000007 -0.000004 79.999985 -0.000008 0.000002 171.915482 -179.191910 -177.880478 119.142708 159.172989 179.497742 98.421257 -118.852478 -100.431763 18.255909 -20.013859 -4.050070 154.726685 -143.583725 -106.324371 171.727280 179.999344 -179.999344 174.490372 179.999542 -179.999603 0.000000 0.000000 -0.000003 90.965935 -179.741196 -165.002197 91.770699 179.999954 -179.999557 118.239426 179.999725 -179.999878 0.000000 0.000000 -0.000003 91.000015 -179.999985 179.999985 70.573769 179.999756 -179.999557 107.122131 179.999664 179.999939 0.000000 0.000000 -0.000003 90.984779 179.826355 170.001495 70.000008 -179.999985 179.999985 100.000015 -180.000000 -179.999985 0.000000 0.000000 -0.000003 90.939766 179.657990 160.002792 69.999969 180.000000 180.000000 100.000038 -179.999985 -179.999985
-14.273585 88.693932 -104.683235 179.943558 -168.648773 169.468216 177.781219 -169.332153 -172.254944 175.898575 178.142807 -136.766800 3.532841 13.088313 -1.900636 2.233552 20.091814 -9.956079 177.692780 -170.701172 -172.651840 164.174744 -158.819275 -179.511673 179.910568 179.361069 -178.290405 179.837906 179.358932 -178.323288 179.874557 177.018845 -178.775299 1.569636 0.144772 -5.264776 1.623216 0.174821 -6.142058 1.054708 -0.795496 -4.513672 6.671609 13.369024 7.381894 62.037373 11.930191 -12.804473 91.517448 57.396198 86.469849 171.390076 159.608002 176.847397 26.710470 26.006723 80.839157 11.819658 -0.001049 0.000681 7.871894 -0.000752 0.000352 0.000000 -0.000000 0.000000 78.239639 3.125789 14.677997 63.684822 -0.000098 -0.000133 44.579407 0.000016 -0.000111 0.000000 -0.000000 0.000000 88.999962 0.000009 -0.000019 95.549713 0.000095 -0.000464 63.636127 0.000316 -0.000081 0.000000 -0.000000 0.000000 89.015182 -0.173641 -9.998512 102.434158 0.000169 -0.000416 68.221146 0.000311 0.000000 0.000000 -0.000000 0.000000 89.060257 -0.342002 -19.997200 110.000015 -0.000001 0.000017 80.000000 0.000003 0.000016 171.922089 -179.118011 -177.877975 119.065796 159.536667 179.639679 98.125793 -118.752045 -99.999008 18.476952 -19.762747 -4.117651 154.681915 -143.449173 -106.261848 171.809204 179.998718 -179.998459 174.544937 179.999069 -179.999069 0.000000 -0.000000 0.000000 90.965935 -179.741211 -165.002197 91.740082 179.999985 -179.998962 118.218063 179.999359 -179.999680 0.000000 -0.000000 0.000000 90.999969 179.999985 -179.999985 70.532410 179.999573 -179.998962 107.094582 179.999268 179.999908 0.000000 -0.000000 0.000000 90.984749 179.826355 170.001511 70.000008 179.999985 179.999985 100.000015 179.999985 180.000000 0.000000 -0.000000 0.000000 90.939705 179.657990 160.002808 70.000008 179.999985 180.000000 99.999977 -180.000000 179.999985
-14.420156 88.452919 -103.442039 179.945679 -168.631699 169.325409 177.312469 -168.958572 -172.574295 175.577972 178.329208 -134.918274 4.200364 13.946948 -0.036479 2.105870 19.446455 -9.813008 177.901733 -171.316132 -172.124435 164.327377 -158.899506 -178.308441 179.913803 179.400665 -178.315796 179.844193 179.398682 -178.348175 179.876877 177.203445 -178.794205 1.587116 0.146348 -5.262127 1.641294 0.176720 -6.138952 1.056670 -0.685001 -4.510748 6.751670 13.498196 7.367577 62.164993 11.149676 -12.705495 91.632584 57.236717 86.714645 171.357803 159.580322 176.849258 26.701273 25.822111 80.674469 11.958712 -0.000002 -0.000000 7.964495 0.000002 -0.000002 0.000000 -0.000000 0.000000 78.262299 3.120068 14.679215 63.703911 -0.000002 0.000003 44.592724 -0.000000 0.000000 0.000000 -0.000000 0.000000 89.000000 0.000001 -0.000004 95.605507 -0.000003 0.000002 63.673264 0.000002 -0.000003 0.000000 -0.000000 0.000000 89.015205 -0.173642 -9.998508 102.486145 -0.000002 -0.000003 68.255737 0.000002 -0.000003 0.000000 -0.000000 0.000000 89.060295 -0.342008 -19.997198 110.000015 -0.000002 -0.000003 80.000008 -0.000003 0.000006 171.885513 -179.219772 -177.947647 119.003258 159.937332 179.787537 97.603210 -118.624443 -99.363663 18.707066 -19.479916 -4.228459 154.583679 -143.204758 -106.129463 171.961975 179.999985 180.000000 174.646683 -179.999985 180.000000 0.000000 0.000003 0.000000 90.965958 -179.741196 -165.002182 91.668655 180.000000 180.000000 118.168053 180.000000 -179.999985 0.000000 0.000003 0.000000 91.000015 -179.999985 179.999985 70.455315 -180.000000 -179.999985 107.043236 -179.999985 180.000000 0.000000 0.000003 0.000000 90.984818 179.826370 170.001495 69.999992 -179.999985 179.999985 99.999985 -180.000000 179.999985 0.000000 0.000003 0.000000 90.939705 179.657990 160.002792 70.000023 -179.999985 -179.999985 99.999985 -180.000000 179.999985
-14.576133 88.218300 -102.198044 179.930542 -168.614075 169.191299 176.869095 -168.584427 -172.850616 175.237671 178.500565 -133.121796 4.805622 14.809232 1.844728 1.993154 18.748863 -9.655031 178.098297 -171.960876 -171.644226 164.367844 -158.999420 -177.154297 179.920181 179.439377 -178.345428 179.855789 179.437592 -178.377243 179.885498 177.383804 -178.816345 1.606230 0.147968 -5.258419 1.661065 0.178683 -6.134628 1.060122 -0.573282 -4.506985 6.831631 13.624341 7.371866 62.300308 10.392319 -12.633674 91.751419 57.069435 86.965996 171.325836 159.555435 176.848953 26.689081 25.622095 80.497368 12.108600 -0.000111 0.000071 8.064322 -0.000088 0.000040 0.000000 -0.000000 0.000000 78.285629 3.113931 14.680492 63.723595 -0.000013 -0.000024 44.606510 0.000004 -0.000028 0.000000 -0.000000 0.000000 89.000000 -0.000000 0.000000 95.660225 0.000017 -0.000098 63.709709 0.000065 -0.000024 0.000000 -0.000000 0.000000 89.015182 -0.173637 -9.998518 102.533478 0.000035 -0.000115 68.287254 0.000077 -0.000010 0.000000 -0.000000 0.000000 89.060295 -0.342005 -19.997196 109.999992 -0.000001 -0.000008 80.000000 -0.000003 -0.000002 171.860291 -179.334030 -178.006699 118.938293 160.344727 179.949738 97.113106 -118.496704 -98.756950 18.940067 -19.194996 -4.329191 154.495178 -142.965515 -106.007759 172.110153 179.999771 -179.999649 174.745361 179.999832 -179.999786 0.000003 -0.000007 -0.000003 90.965919 -179.741196 -165.002167 91.602272 -179.999985 -179.999741 118.121590 179.999847 -179.999908 0.000003 -0.000007 -0.000003 91.000000 -179.999985 -179.999985 70.383781 179.999908 -179.999741 106.995598 179.999832 179.999985 0.000003 -0.000007 -0.000003 90.984802 179.826355 170.001511 70.000008 -179.999985 -180.000000 100.000008 179.999985 -179.999985 0.000003 -0.000007 -0.000003 90.939705 179.657990 160.002808 69.999985 -179.999985 -179.999985 100.000038 179.999985 -179.999985
-14.713058 87.940445 -100.949921 179.954346 -168.591782 169.042770 176.345947 -168.129974 -173.264877 174.848740 178.575729 -131.120773 5.546211 15.644982 3.848097 1.845833 18.224880 -9.554391 178.387222 -172.672516 -171.030167 164.850693 -158.904480 -175.592453 179.920303 179.481094 -178.371826 179.857040 179.479385 -178.403152 179.880508 177.578293 -178.835709 1.623353 0.149402 -5.254942 1.678774 0.180421 -6.130571 1.061823 -0.456117 -4.503491 6.910889 13.769262 7.372017 62.406181 9.582081 -12.496762 91.838631 56.940792 87.205566 171.283188 159.526596 176.844116 26.715242 25.482737 80.403366 12.208482 -0.000260 0.000152 8.130847 -0.000184 0.000078 180.000000 -180.000000 179.999985 78.320717 3.104837 14.682367 63.753231 0.000023 0.000034 44.627228 -0.000001 0.000029 180.000000 -180.000000 179.999985 89.000000 0.000004 0.000004 95.729362 0.000028 -0.000173 63.755787 0.000114 -0.000038 180.000000 -180.000000 179.999985 89.015205 -0.173645 -9.998502 102.610291 0.000065 -0.000236 68.338448 0.000167 -0.000006 180.000000 -180.000000 179.999985 89.060265 -0.342006 -19.997202 110.000000 -0.000007 -0.000004 80.000015 0.000008 -0.000002 171.805817 -179.418976 -178.079834 118.856110 160.738403 -179.971176 96.468605 -118.418816 -97.981636 19.167643 -18.907032 -4.436400 154.335663 -142.655792 -105.812904 172.306488 179.999680 -179.999451 174.876129 179.999756 -179.999649 180.000000 180.000000 -179.999985 90.965919 -179.741196 -165.002182 91.502213 -179.999924 -179.999496 118.051529 179.999725 -179.999786 180.000000 180.000000 -179.999985 91.000000 179.999985 179.999985 70.279350 179.999847 -179.999420 106.926048 179.999603 -179.999985 180.000000 180.000000 -179.999985 90.984818 179.826355 170.001480 69.999992 179.999985 180.000000 100.000008 179.999985 -179.999985 180.000000 180.000000 -179.999985 90.939728 179.657990 160.002792 69.999992 180.000000 -179.999985 100.000053 179.999985 -180.000000
-14.777329 87.670799 -99.725754 0.005928 -11.445722 -11.113117 175.826050 -167.836197 -173.773193 174.433075 178.698807 -129.142380 6.315691 16.422985 5.756692 1.552318 18.087681 -9.438078 178.746765 -173.019943 -170.386963 165.491898 -158.885117 -174.047745 179.918594 179.525604 -178.386292 179.855103 179.523880 -178.417267 179.871979 177.785324 -178.845734 1.630301 0.149897 -5.253013 1.685960 0.181033 -6.128325 1.056851 -0.338404 -4.501476 6.981912 13.982366 7.365935 62.439621 8.808060 -12.335320 91.924248 56.849487 87.421364 171.234024 159.496780 176.857040 26.800686 25.554647 80.511040 12.150655 -0.002760 0.001374 8.092343 -0.001954 0.000639 0.000000 -0.000000 0.000000 78.367096 3.093486 14.684741 63.792191 0.000390 0.000536 44.654530 -0.000068 0.000452 0.000000 -0.000000 0.000000 89.000000 0.000001 -0.000004 95.806938 -0.000007 0.000043 63.807430 -0.000034 0.000007 0.000000 -0.000000 0.000000 89.015228 -0.173642 -9.998515 102.718971 -0.000030 0.000077 68.410851 -0.000056 0.000007 0.000000 -0.000000 0.000000 89.060257 -0.341999 -19.997202 110.000015 0.000003 0.000010 80.000000 0.000008 -0.000002 171.691345 -179.468475 -178.183701 118.813683 161.056824 -179.881424 95.795181 -118.283401 -97.235191 19.354263 -18.661346 -4.536803 154.278900 -142.572754 -105.776405 172.352371 179.998718 -179.997864 174.906677 179.999023 -179.998657 180.000000 180.000000 -180.000000 90.965950 -179.741196 -165.002182 91.444908 -179.999710 -179.998749 118.011436 179.999313 -179.999420 180.000000 180.000000 -180.000000 91.000023 -180.000000 179.999985 70.196617 179.999756 -179.998764 106.885597 179.998917 -179.999878 180.000000 180.000000 -180.000000 90.984818 179.826370 170.001480 70.000031 179.999985 179.999985 100.000038 -180.000000 -179.999985 180.000000 180.000000 -180.000000 90.939728 179.658005 160.002792 70.000008 179.999985 179.999985 100.000038 179.999985 -180.000000
-14.814843 87.435349 -98.484818 0.201911 -11.434680 -11.407450 175.069321 -167.678406 -174.450363 173.988907 178.838303 -126.780479 7.273678 17.081408 7.733436 1.077358 18.001236 -9.351755 179.034805 -172.845337 -169.284607 166.481186 -159.165329 -173.311829 179.888229 179.576920 -178.338181 179.805191 179.574677 -178.369995 179.801682 178.025055 -178.810272 1.617471 0.148801 -5.260750 1.672676 0.179713 -6.137394 1.042427 -0.256913 -4.508193 7.068673 14.123490 6.973913 62.392590 7.682872 -11.825958 91.972107 56.860065 87.557793 171.221298 159.429459 176.898483 26.707251 25.071585 80.047234 12.516949 -0.003067 0.001790 8.336288 -0.002199 0.000872 179.999985 180.000000 180.000000 78.318947 3.107337 14.682004 63.751328 0.000943 0.001375 44.625919 -0.000196 0.001152 179.999985 180.000000 180.000000 89.000000 0.000011 -0.000013 95.841507 -0.000137 0.000694 63.830482 -0.000455 0.000127 179.999985 180.000000 180.000000 89.015167 -0.173636 -9.998518 102.744316 -0.000227 0.000662 68.427711 -0.000464 0.000027 179.999985 180.000000 180.000000 89.060280 -0.341999 -19.997198 110.000008 -0.000006 -0.000008 80.000015 0.000000 -0.000009 171.515701 -179.472870 -178.430313 118.826027 161.357391 -179.695190 94.923866 -118.081703 -96.298058 19.533066 -18.406870 -4.710511 153.961823 -141.732788 -105.213020 172.916992 -179.999481 179.998749 175.282715 -179.999588 179.999207 0.000000 -0.000003 -0.000003 90.965942 -179.741180 -165.002182 91.220085 179.999878 179.999496 117.854080 -179.999725 179.999741 0.000000 -0.000003 -0.000003 91.000038 -179.999985 179.999985 70.000008 -179.999985 -179.999985 106.700897 -179.999710 179.999954 0.000000 -0.000003 -0.000003 90.984802 179.826370 170.001480 70.000008 -179.999985 -179.999985 100.000000 179.999985 -179.999985 0.000000 -0.000003 -0.000003 90.939728 179.658005 160.002792 70.000023 -179.999985 179.999985 100.000008 -179.999985 -179.999985
-14.849141 87.248283 -97.419777 0.654114 -11.338479 -11.801057 174.183441 -167.537613 -175.230026 173.711334 178.588013 -124.421524 8.221471 16.977766 8.974185 0.832372 17.326952 -9.442135 178.609375 -172.465317 -167.645020 168.142944 -160.228256 -173.325989 179.782150 179.622345 -178.216690 179.628769 179.617950 -178.251038 179.567917 178.240799 -178.723755 1.604278 0.149061 -5.306151 1.658964 0.180049 -6.190367 1.036112 -0.268946 -4.547760 7.252806 14.012149 6.184953 62.222225 6.137393 -11.389262 92.067062 56.569439 87.583313 171.285965 159.294144 176.985519 26.470953 24.887741 79.598442 12.709840 0.000004 -0.000003 8.464753 0.000005 -0.000003 0.000000 -0.000000 0.000000 78.190437 3.138856 14.675290 63.643219 0.000002 -0.000003 44.550228 0.000006 0.000003 0.000000 -0.000000 0.000000 89.000015 0.000006 -0.000009 95.795822 -0.000005 -0.000005 63.800011 -0.000000 0.000000 0.000000 -0.000000 0.000000 89.015182 -0.173639 -9.998506 102.699654 0.000002 0.000003 68.397942 0.000001 -0.000008 0.000000 -0.000000 0.000000 89.060287 -0.342012 -19.997196 110.000023 -0.000002 -0.000003 80.000000 -0.000004 0.000002 171.409668 -179.266846 -178.827545 118.839088 161.758652 -179.631180 94.201630 -117.939392 -95.473991 19.724789 -18.104750 -5.014278 153.917801 -141.991669 -105.135559 172.795319 180.000000 -180.000000 175.201691 180.000000 -180.000000 0.000003 0.000003 0.000000 90.965958 -179.741196 -165.002182 91.245621 -179.999985 179.999985 117.871933 180.000000 -179.999985 0.000003 0.000003 0.000000 91.000046 -180.000000 -180.000000 69.999985 -179.999985 -180.000000 106.715607 -179.999985 -179.999985 0.000003 0.000003 0.000000 90.984825 179.826355 170.001480 70.000008 -180.000000 -179.999985 99.999985 -180.000000 -179.999985 0.000003 0.000003 0.000000 90.939728 179.657990 160.002808 70.000008 -179.999985 179.999985 100.000008 -180.000000 -180.000000
-14.879674 87.055382 -96.326271 1.089187 -11.266129 -12.189770 173.284500 -167.430038 -176.015625 173.412323 178.363266 -122.034126 9.190342 16.976694 10.352296 0.571261 16.682808 -9.470321 178.232513 -172.172211 -166.109894 169.700119 -161.249695 -173.144775 179.682190 179.667923 -178.101303 179.462784 179.661148 -178.137939 179.347488 178.455612 -178.640961 1.591828 0.149419 -5.355423 1.646036 0.180481 -6.247849 1.028712 -0.259549 -4.590416 7.434577 13.938391 5.417472 62.022713 4.620326 -10.920897 92.182556 56.311478 87.649193 171.339371 159.166519 177.065475 26.268702 24.710167 79.192650 12.890356 -0.000841 0.000510 8.584977 -0.000601 0.000249 0.000000 -0.000000 0.000000 78.077026 3.169119 14.668992 63.547295 0.000255 0.000399 44.483101 -0.000068 0.000330 0.000000 -0.000000 0.000000 89.000008 -0.000002 0.000007 95.762253 -0.000068 0.000287 63.777664 -0.000187 0.000045 0.000000 -0.000000 0.000000 89.015205 -0.173635 -9.998507 102.673119 -0.000143 0.000329 68.380302 -0.000242 0.000001 0.000000 -0.000000 0.000000 89.060295 -0.342003 -19.997206 110.000015 -0.000002 -0.000003 79.999985 -0.000006 0.000004 171.296860 -179.096771 -179.230408 118.856094 162.118713 -179.539215 93.422752 -117.792992 -94.592422 19.916981 -17.812586 -5.300953 153.873413 -142.213730 -105.058670 172.693954 -179.999863 179.999680 175.134186 -179.999893 179.999802 0.000003 0.000000 -0.000007 90.965958 -179.741180 -165.002182 91.263031 179.999954 179.999817 117.884117 -179.999908 179.999924 0.000003 0.000000 -0.000007 91.000000 -179.999985 -179.999985 69.985359 -179.999985 179.999802 106.723015 -179.999847 179.999985 0.000003 0.000000 -0.000007 90.984810 179.826370 170.001495 69.999992 179.999985 179.999985 100.000008 179.999985 179.999985 0.000003 0.000000 -0.000007 90.939743 179.658005 160.002792 69.999969 180.000000 180.000000 100.000038 179.999985 -179.999985
-14.916288 86.877869 -95.312805 1.612722 -11.106530 -12.596730 172.371674 -167.273773 -176.820480 173.199249 177.937027 -119.690735 10.173505 16.644062 11.423251 0.366195 16.019733 -9.682837 177.480865 -171.527664 -164.263199 171.582886 -162.646927 -173.279404 179.552155 179.713150 -177.967621 179.246902 179.702911 -178.007111 179.062088 178.668671 -178.545975 1.580348 0.150013 -5.410562 1.634139 0.181184 -6.312160 1.028786 -0.329761 -4.638547 7.663549 13.737803 4.536931 61.769337 2.989270 -10.473129 92.238350 55.977787 87.605156 171.431213 159.009338 177.167816 25.950226 24.437670 78.596275 13.156713 -0.001824 0.001154 8.762375 -0.001309 0.000569 0.000000 -0.000000 0.000000 77.894524 3.217894 14.658783 63.392994 0.000681 0.001171 44.375069 -0.000229 0.000914 0.000000 -0.000000 0.000000 88.999985 -0.000002 -0.000007 95.670868 -0.000248 0.000805 63.716835 -0.000560 0.000098 0.000000 -0.000000 0.000000 89.015205 -0.173644 -9.998501 102.561684 -0.000485 0.000989 68.306046 -0.000735 -0.000057 0.000000 -0.000000 0.000000 89.060257 -0.342008 -19.997200 110.000046 -0.000004 -0.000006 80.000000 -0.000001 -0.000001 171.220459 -178.789322 -179.661835 118.862091 162.530609 -179.553360 92.743423 -117.712723 -93.781151 20.129728 -17.490391 -5.637572 153.859833 -142.631638 -105.035301 172.477951 -179.999634 179.999298 174.990326 -179.999725 179.999557 0.000000 -0.000000 0.000000 90.965919 -179.741196 -165.002197 91.331886 179.999924 179.999725 117.932289 -179.999847 179.999863 0.000000 -0.000000 0.000000 91.000023 179.999985 -179.999985 70.052193 -179.999939 179.999710 106.774796 -179.999786 179.999985 0.000000 -0.000000 0.000000 90.984795 179.826355 170.001495 70.000015 179.999985 179.999985 100.000000 180.000000 179.999985 0.000000 -0.000000 0.000000 90.939743 179.657990 160.002823 69.999992 -179.999985 -179.999985 100.000023 179.999985 -179.999985
-14.952413 86.747566 -94.410500 2.178722 -10.830230 -13.014698 171.517990 -166.882584 -177.563187 173.084061 177.242645 -117.505180 10.911073 15.981461 12.006837 0.106535 15.007506 -10.208911 176.385071 -170.745499 -161.863403 173.282272 -164.602280 -174.122421 179.404953 179.759888 -177.815201 179.002640 179.745270 -177.858032 178.739243 178.888229 -178.438828 1.551307 0.147479 -5.419799 1.604104 0.178106 -6.322935 1.023082 -0.497948 -4.648005 7.917108 13.408783 3.589565 61.502316 1.257207 -10.185899 92.197380 55.472496 87.433144 171.564728 158.832230 177.305649 25.539057 24.108023 77.826004 13.484379 -0.000314 0.000214 8.980588 -0.000217 0.000104 0.000000 -0.000000 0.000000 77.663307 3.279003 14.645753 63.197567 0.000905 0.001716 44.238300 -0.000388 0.001309 0.000000 -0.000000 0.000000 89.000000 0.000002 0.000007 95.531197 -0.000281 0.000758 63.623779 -0.000534 0.000051 0.000000 -0.000000 0.000000 89.015236 -0.173639 -9.998507 102.379044 -0.000490 0.000867 68.184471 -0.000665 -0.000087 0.000000 -0.000000 0.000000 89.060287 -0.342001 -19.997196 110.000015 -0.000004 -0.000006 79.999969 0.000003 -0.000020 171.174545 -178.333405 179.970947 118.884056 163.184479 -179.506485 92.423508 -117.465637 -93.367432 20.316355 -17.119694 -6.020843 153.780655 -143.189362 -104.994331 172.183853 -179.999847 179.999817 174.794464 -179.999893 179.999878 0.000000 -0.000000 0.000003 90.965927 -179.741196 -165.002182 91.387344 179.999985 179.999847 117.971107 -179.999908 179.999924 0.000000 -0.000000 0.000003 91.000023 180.000000 180.000000 70.122742 -179.999985 179.999908 106.821724 -179.999939 179.999985 0.000000 -0.000000 0.000003 90.984818 179.826370 170.001495 70.000008 180.000000 180.000000 100.000000 -180.000000 -180.000000 0.000000 -0.000000 0.000003 90.939743 179.657990 160.002792 69.999992 179.999985 179.999985 100.000023 180.000000 -179.999985
-15.070150 86.595573 -93.595596 2.771800 -10.425286 -13.489917 170.783524 -166.349014 -178.217789 173.064545 176.407455 -115.377151 11.447532 14.887074 12.022859 0.001853 13.614723 -11.049996 174.931122 -170.199829 -158.891068 174.932404 -166.701950 -175.407730 179.240326 179.810516 -177.622696 178.729584 179.790344 -177.669434 178.377304 179.125885 -178.304443 1.526202 0.143380 -5.366646 1.578158 0.173167 -6.260949 1.021570 -0.716128 -4.603317 8.192920 12.904252 2.596308 61.270088 -0.565063 -10.032165 91.993782 54.787697 87.094574 171.729080 158.637711 177.469315 25.123531 24.001265 77.128349 13.673256 0.003215 -0.002389 9.106384 0.002363 -0.001232 0.000000 -0.000003 0.000000 77.435120 3.337590 14.632709 63.005116 0.000505 0.001098 44.103611 -0.000279 0.000797 0.000000 -0.000003 0.000000 88.999977 -0.000002 -0.000007 95.403061 0.000325 -0.000729 63.538368 0.000521 -0.000015 0.000000 -0.000003 0.000000 89.015228 -0.173636 -9.998506 102.219666 0.000568 -0.000884 68.078285 0.000684 0.000153 0.000000 -0.000003 0.000000 89.060280 -0.342001 -19.997196 109.999977 -0.000007 -0.000004 80.000015 -0.000005 0.000014 171.203568 -177.801270 179.743744 118.877396 164.145264 -179.674545 92.257240 -117.413040 -93.057198 20.566008 -16.681034 -6.468549 153.664230 -143.720871 -104.875412 171.921432 179.997101 -179.996902 174.619675 179.997894 -179.998123 180.000000 -179.999985 -179.999985 90.965919 -179.741180 -165.002182 91.447670 -179.999893 -179.999329 118.013321 179.999619 -179.999741 180.000000 -179.999985 -179.999985 91.000000 -179.999985 -180.000000 70.192047 179.999710 -179.998962 106.867905 179.999283 -179.999985 180.000000 -179.999985 -179.999985 90.984818 179.826355 170.001480 69.999992 179.999985 179.999985 100.000008 179.999985 -179.999985 180.000000 -179.999985 -179.999985 90.939728 179.658005 160.002792 69.999992 180.000000 -179.999985 100.000008 180.000000 180.000000
-15.207425 86.461845 -92.970428 2.983702 -10.078831 -13.782691 170.775574 -165.557602 -178.616577 173.194290 175.424088 -114.172943 10.830863 13.568897 10.534374 179.941315 167.090408 168.186783 174.225815 -170.275482 -156.482895 175.959427 -167.324844 -176.369110 179.153519 179.858780 -177.444702 178.586990 179.834717 -177.495102 178.181503 179.352844 -178.184265 1.528039 0.141551 -5.302658 1.580125 0.170968 -6.186288 1.026709 -0.778772 -4.548099 8.367534 12.635665 2.266110 61.376312 -1.854320 -10.646621 91.583626 53.901768 86.543442 171.848862 158.458847 177.673706 24.898111 24.386915 76.855171 13.523554 0.000003 0.000001 9.006684 -0.000007 -0.000001 0.000000 0.000000 -0.000003 77.378082 3.350921 14.629306 62.957294 -0.000001 -0.000005 44.070107 0.000005 0.000006 0.000000 0.000000 -0.000003 89.000000 -0.000001 -0.000001 95.433426 -0.000005 -0.000005 63.558640 -0.000002 0.000011 0.000000 0.000000 -0.000003 89.015190 -0.173636 -9.998507 102.259438 -0.000009 -0.000006 68.104790 -0.000002 0.000003 0.000000 0.000000 -0.000003 89.060295 -0.342006 -19.997194 109.999992 -0.000002 -0.000003 80.000000 0.000002 0.000006 171.243607 -177.395248 179.749039 118.906242 165.531784 179.915436 92.438911 -117.575371 -93.113770 20.812342 -16.329136 -6.834322 153.428558 -143.526932 -104.373230 172.137985 -180.000000 180.000000 174.763885 -180.000000 180.000000 0.000000 -0.000000 0.000000 90.965904 -179.741196 -165.002182 91.413193 -179.999985 -179.999985 117.989197 180.000000 180.000000 0.000000 -0.000000 0.000000 91.000000 -179.999985 -179.999985 70.135406 -179.999985 -179.999985 106.830193 179.999985 179.999985 0.000000 -0.000000 0.000000 90.984802 179.826355 170.001495 70.000015 180.000000 180.000000 100.000008 -180.000000 -179.999985 0.000000 -0.000000 0.000000 90.939705 179.657990 160.002792 70.000015 179.999985 179.999985 100.000000 179.999985 -180.000000
-15.345873 86.316727 -92.336388 3.238643 -9.716170 -14.090805 170.701080 -164.794876 -179.028549 173.336945 174.459198 -112.871681 10.423071 12.222470 9.236576 179.921539 167.904297 167.374954 173.352890 -170.359894 -153.994385 176.995667 -168.155899 -177.281769 179.056900 179.906143 -177.267441 178.427612 179.877594 -177.321091 177.964081 179.574570 -178.062897 1.527506 0.139659 -5.236404 1.579646 0.168681 -6.108989 1.032910 -0.873028 -4.490886 8.561430 12.325519 1.889593 61.447365 -3.170297 -11.221204 91.195572 53.010899 86.047844 171.972336 158.284088 177.873810 24.684254 24.771458 76.588676 13.370042 0.000559 -0.000396 8.904452 0.000410 -0.000206 0.000000 -0.000000 0.000000 77.317673 3.366863 14.625778 62.906254 0.000055 0.000146 44.034378 -0.000044 0.000100 0.000000 -0.000000 0.000000 89.000000 0.000002 0.000002 95.457527 0.000122 -0.000231 63.574730 0.000171 0.000009 0.000000 -0.000000 0.000000 89.015205 -0.173636 -9.998499 102.294914 0.000177 -0.000200 68.128403 0.000175 0.000052 0.000000 -0.000000 0.000000 89.060280 -0.342004 -19.997198 110.000031 0.000002 0.000003 79.999969 0.000004 -0.000002 171.296814 -176.957764 179.755402 118.951294 166.872467 179.515930 92.618111 -117.729004 -93.176636 21.067955 -15.964911 -7.203275 153.228668 -143.454620 -103.954185 172.272476 179.998169 -179.998138 174.853470 179.998672 -179.998856 0.000000 -0.000003 0.000000 90.965935 -179.741196 -165.002182 91.398766 -179.999954 -179.999588 117.979126 179.999756 -179.999847 0.000000 -0.000003 0.000000 91.000023 179.999985 -179.999985 70.077553 179.999939 -179.999832 106.810509 179.999603 179.999985 0.000000 -0.000003 0.000000 90.984818 179.826355 170.001495 69.999992 -179.999985 180.000000 100.000023 -179.999985 -179.999985 0.000000 -0.000003 0.000000 90.939705 179.657990 160.002792 69.999992 -179.999985 179.999985 100.000000 179.999985 180.000000
-15.487555 86.195412 -91.745712 3.319455 -9.366477 -14.344968 170.901794 -163.885651 -179.399323 173.532852 173.433487 -111.837540 9.441367 10.798760 7.328439 179.730698 168.306107 166.598434 173.025070 -170.568008 -151.623795 177.939041 -168.332642 -178.351135 178.998581 179.958618 -177.078979 178.332123 179.926285 -177.136047 177.827011 179.819382 -177.934692 1.531756 0.138208 -5.166112 1.584146 0.166919 -6.026975 1.036777 -0.883896 -4.429928 8.698000 12.134489 1.689328 61.702015 -4.389765 -12.014144 90.661339 52.088768 85.408073 172.079178 158.094208 178.104492 24.305353 25.066227 75.963844 13.335286 0.002045 -0.001814 8.881303 0.001522 -0.000989 0.000000 -0.000000 0.000000 77.208794 3.394002 14.619180 62.814606 -0.000249 -0.000772 43.970215 0.000250 -0.000510 0.000000 -0.000000 0.000000 89.000000 -0.000000 -0.000010 95.459572 0.000927 -0.001489 63.576042 0.001163 0.000114 0.000000 -0.000000 0.000000 89.015182 -0.173636 -9.998512 102.277206 0.001502 -0.001706 68.116653 0.001433 0.000503 0.000000 -0.000000 0.000000 89.060265 -0.342010 -19.997198 110.000000 0.000003 -0.000002 80.000000 -0.000006 0.000013 171.308060 -176.583527 179.792847 119.051483 168.448578 179.063278 92.837646 -117.947311 -93.281952 21.322639 -15.623957 -7.553253 152.687042 -142.501740 -102.843803 173.032654 179.999405 -179.999176 175.359741 179.999557 -179.999481 0.000000 -0.000003 0.000000 90.965935 -179.741196 -165.002182 91.249992 -179.999969 -179.999557 117.874992 179.999725 -179.999832 0.000000 -0.000003 0.000000 91.000000 179.999985 -179.999985 70.000008 -179.999985 -180.000000 106.670944 179.999527 179.999985 0.000000 -0.000003 0.000000 90.984818 179.826355 170.001480 69.999985 179.999985 179.999985 100.000008 -179.999985 180.000000 0.000000 -0.000003 0.000000 90.939743 179.657990 160.002808 69.999977 -179.999985 -179.999985 100.000000 179.999985 -179.999985
-15.614975 86.117744 -91.163612 3.261559 -9.116984 -14.568601 171.273102 -162.898163 -179.729279 173.757385 172.383453 -111.042145 8.020738 9.381216 4.998793 179.469238 168.472565 166.131348 173.159286 -170.880463 -149.698486 178.781876 -168.087143 -179.477707 178.974411 -179.986404 -176.881256 178.293640 179.978317 -176.942108 177.762268 -179.923874 -177.800980 1.543328 0.137472 -5.096848 1.596171 0.166066 -5.946164 1.030943 -0.731538 -4.369845 8.788806 12.129218 1.614970 62.084671 -5.523131 -12.990930 90.139549 51.107647 84.782341 172.163528 157.898727 178.347916 24.317987 25.755671 76.111534 12.947063 0.002469 -0.002339 8.622734 0.001848 -0.001296 0.000000 -0.000000 0.000000 77.309814 3.367233 14.625014 62.900013 -0.000318 -0.001135 44.029995 0.000390 -0.000727 0.000000 -0.000000 0.000000 88.999977 -0.000004 0.000001 95.640259 0.001397 -0.002044 63.696392 0.001644 0.000221 0.000000 -0.000000 0.000000 89.015190 -0.173644 -9.998507 102.507805 0.002168 -0.002313 68.270180 0.001966 0.000764 0.000000 -0.000000 0.000000 89.060280 -0.342008 -19.997196 110.000000 -0.000002 -0.000003 80.000000 -0.000004 0.000002 171.290314 -176.377319 179.814148 119.190628 170.094040 178.632248 92.987930 -118.179771 -93.319832 21.526869 -15.338122 -7.863350 152.419632 -142.263611 -102.400742 173.256104 -179.999847 179.999771 175.508575 -179.999878 179.999847 0.000003 -0.000000 0.000000 90.965935 -179.741196 -165.002197 91.179596 -179.999985 -179.999680 117.825691 179.999802 -179.999893 0.000003 -0.000000 0.000000 91.000000 -179.999985 179.999985 69.999992 -179.999985 -179.999985 106.599701 179.999557 179.999969 0.000003 -0.000000 0.000000 90.984818 179.826370 170.001480 69.999992 179.999985 179.999985 100.000023 180.000000 179.999985 0.000003 -0.000000 0.000000 90.939735 179.657990 160.002792 69.999977 -179.999985 -179.999985 100.000008 -180.000000 -180.000000
-15.740117 86.092827 -90.567314 3.130831 -8.987778 -14.750533 171.732590 -162.064133 179.894562 173.974106 171.458145 -110.417946 6.330405 8.073664 2.483905 179.229797 168.316971 166.133408 173.664215 -171.236771 -148.412262 179.492233 -167.440796 179.470276 178.967117 -179.930115 -176.687881 178.283630 -179.967758 -176.752502 177.733017 -179.660004 -177.670578 1.584623 0.141288 -5.092861 1.638836 0.170711 -5.941486 1.032718 -0.430241 -4.365041 8.849238 12.313281 1.628547 62.538078 -6.564778 -13.900852 89.665657 50.272236 84.179092 172.231094 157.690536 178.573395 24.439941 26.287041 76.394730 12.617595 0.002481 -0.002585 8.403318 0.001885 -0.001468 0.000000 -0.000000 0.000000 77.431847 3.335823 14.632233 63.002853 -0.000242 -0.000841 44.102028 0.000294 -0.000544 0.000000 -0.000000 0.000000 89.000000 -0.000005 -0.000005 95.828293 0.001305 -0.001938 63.821629 0.001542 0.000212 0.000000 -0.000000 0.000000 89.015228 -0.173643 -9.998498 102.745995 0.001956 -0.002109 68.428818 0.001782 0.000708 0.000000 -0.000000 0.000000 89.060280 -0.342011 -19.997208 110.000000 0.000002 0.000003 80.000000 0.000009 -0.000010 171.249268 -176.378952 179.729706 119.338074 171.639435 178.171143 92.856972 -118.580879 -93.009651 21.737301 -15.106384 -8.136391 152.106903 -142.211288 -101.966858 173.374359 -179.998215 179.997192 175.587311 -179.998672 179.998230 180.000000 179.999985 179.999985 90.965958 -179.741180 -165.002182 91.115082 179.999954 179.999268 117.780586 -179.999557 179.999725 180.000000 179.999985 179.999985 91.000000 180.000000 -179.999985 69.999977 179.999985 179.999985 106.538300 -179.999725 -179.999969 180.000000 179.999985 179.999985 90.984779 179.826355 170.001511 70.000008 -179.999985 -179.999985 100.000023 179.999985 -179.999985 180.000000 179.999985 179.999985 90.939720 179.658005 160.002808 69.999992 -179.999985 -179.999985 100.000031 -179.999985 179.999985
-15.808339 86.227760 -89.975067 3.030293 -9.026889 -14.703568 172.156204 -161.535080 179.277359 174.001831 170.917694 -110.426155 4.746758 7.176541 0.256382 178.953735 167.829697 166.597885 174.293961 -171.245300 -148.191849 179.937759 -166.862015 178.708496 178.966614 -179.880295 -176.613693 178.285019 -179.918686 -176.679749 177.720367 -179.426559 -177.623627 1.628811 0.147488 -5.168951 1.684391 0.178268 -6.030191 1.037045 -0.113632 -4.428561 8.863545 12.592490 1.717327 62.884949 -7.494796 -14.282481 89.308762 49.927269 83.681145 172.274673 157.477249 178.746063 24.560648 26.545200 76.700905 12.418860 -0.000004 0.000002 8.270959 -0.000000 0.000000 0.000000 0.000000 -0.000007 77.476418 3.325296 14.635026 63.040302 0.000003 0.000002 44.128216 -0.000000 0.000000 0.000000 0.000000 -0.000007 89.000000 0.000001 -0.000004 95.922859 -0.000005 -0.000005 63.884624 -0.000002 0.000003 0.000000 0.000000 -0.000007 89.015205 -0.173642 -9.998504 102.859871 -0.000009 -0.000006 68.504662 -0.000002 0.000003 0.000000 0.000000 -0.000007 89.060295 -0.342008 -19.997202 110.000000 -0.000002 -0.000003 80.000008 0.000005 -0.000005 171.170914 -176.521317 179.490753 119.365120 172.938965 178.099716 92.707008 -118.592712 -92.537109 21.799337 -14.964668 -8.314606 151.929108 -142.584671 -101.749542 173.217667 180.000000 -180.000000 175.482971 179.999985 -179.999985 0.000000 -0.000000 0.000000 90.965927 -179.741196 -165.002182 91.142570 179.999985 -180.000000 117.799835 179.999985 -179.999985 0.000000 -0.000000 0.000000 90.999992 180.000000 -179.999985 70.000008 -179.999985 -180.000000 106.548874 -179.999985 180.000000 0.000000 -0.000000 0.000000 90.984802 179.826355 170.001495 69.999992 180.000000 180.000000 100.000008 -180.000000 -180.000000 0.000000 -0.000000 0.000000 90.939705 179.657990 160.002808 70.000008 -180.000000 -179.999985 100.000008 -179.999985 179.999985
-15.882717 86.346626 -89.378807 2.918359 -9.056620 -14.680320 172.593887 -160.961105 178.678482 174.069168 170.310638 -110.354149 3.128414 6.180276 -1.995814 178.684586 167.341415 167.038895 174.951599 -171.305771 -147.889084 0.425718 -13.761730 -2.106505 178.966766 -179.830200 -176.523499 178.287521 -179.869476 -176.591309 177.709442 -179.191040 -177.564987 1.675157 0.154018 -5.247041 1.732237 0.186142 -6.121281 1.041225 0.215446 -4.494429 8.879281 12.880914 1.800748 63.265247 -8.432435 -14.735165 88.942177 49.529938 83.181816 172.319839 157.262756 178.923660 24.693441 26.818058 77.018562 12.211630 0.000316 -0.000353 8.132944 0.000240 -0.000204 0.000000 -0.000000 0.000000 77.528580 3.311641 14.638041 63.084343 -0.000015 -0.000041 44.159039 0.000010 -0.000025 0.000000 -0.000000 0.000000 89.000000 -0.000000 0.000000 96.026604 0.000109 -0.000185 63.953712 0.000152 0.000014 0.000000 -0.000000 0.000000 89.015205 -0.173648 -9.998509 102.984444 0.000183 -0.000203 68.587669 0.000174 0.000073 0.000000 -0.000000 0.000000 89.060295 -0.342007 -19.997198 110.000015 0.000005 0.000001 80.000000 -0.000002 0.000003 171.092560 -176.665359 179.246292 119.418182 174.261627 177.999390 92.549866 -118.659973 -92.073898 21.877176 -14.820165 -8.499962 151.717468 -142.930695 -101.500015 173.084320 -179.999588 179.999329 175.394165 -179.999695 179.999573 0.000000 0.000000 -0.000007 90.965942 -179.741180 -165.002182 91.157310 179.999985 179.999649 117.810120 -179.999786 179.999863 0.000000 0.000000 -0.000007 91.000000 -179.999985 180.000000 69.999992 -179.999985 -179.999985 106.549873 -179.999771 -179.999985 0.000000 0.000000 -0.000007 90.984810 179.826370 170.001495 69.999992 180.000000 -179.999985 100.000008 -180.000000 179.999985 0.000000 0.000000 -0.000007 90.939743 179.658005 160.002792 69.999985 179.999985 179.999985 100.000038 180.000000 179.999985
-15.932724 86.522392 -88.788101 2.836297 -9.142905 -14.574908 173.019714 -160.507431 177.972870 174.041504 169.864655 -110.517502 1.589321 5.312784 -4.108584 178.385574 166.777115 167.601624 175.592712 -171.214706 -147.933624 0.831934 -14.257038 -2.810563 178.965591 -179.782593 -176.480957 178.287766 -179.822266 -176.549591 177.696899 -178.967560 -177.539703 1.721221 0.160777 -5.332021 1.779818 0.194248 -6.220432 1.046201 0.532593 -4.566435 8.883848 13.180391 1.900278 63.591484 -9.369633 -14.983704 88.604980 49.305347 82.715317 172.362534 157.040665 179.082840 24.822845 27.033186 77.361214 12.025815 0.000554 -0.000601 8.009193 0.000422 -0.000348 0.000000 -0.000000 0.000000 77.554459 3.305048 14.639545 63.106167 0.000027 0.000081 44.174320 -0.000027 0.000048 0.000000 -0.000000 0.000000 89.000008 -0.000000 -0.000010 96.100761 0.000079 -0.000172 64.003090 0.000135 0.000004 0.000000 -0.000000 0.000000 89.015190 -0.173642 -9.998506 103.076759 0.000132 -0.000179 68.649094 0.000145 0.000045 0.000000 -0.000000 0.000000 89.060280 -0.342002 -19.997200 110.000015 -0.000002 -0.000003 80.000000 -0.000004 0.000015 171.002365 -176.827820 178.969238 119.413193 175.525528 178.020721 92.396812 -118.590195 -91.540352 21.909752 -14.690098 -8.655941 151.611710 -143.484344 -101.394379 172.811523 -179.999344 179.998810 175.212479 -179.999496 179.999252 0.000000 -0.000000 0.000000 90.965942 -179.741180 -165.002167 91.234100 179.999985 179.999207 117.863861 -179.999512 179.999725 0.000000 -0.000000 0.000000 91.000000 180.000000 180.000000 70.000008 -179.999985 -179.999985 106.595970 -179.999466 -179.999939 0.000000 -0.000000 0.000000 90.984779 179.826355 170.001495 70.000031 -180.000000 179.999985 100.000000 179.999985 -179.999985 0.000000 -0.000000 0.000000 90.939713 179.657990 160.002808 70.000015 180.000000 180.000000 100.000000 179.999985 180.000000
-15.967080 86.744324 -88.214912 2.818562 -9.235608 -14.408913 173.378250 -160.237549 177.251038 173.875000 169.657501 -110.867546 0.506117 4.627039 -5.829401 178.105515 166.239090 168.151764 176.064575 -170.951675 -148.236481 1.086295 -14.514043 -3.309467 178.957138 -179.740219 -176.498978 178.275452 -179.779892 -176.567276 177.670303 -178.769165 -177.557159 1.758467 0.165864 -5.385637 1.818303 0.200361 -6.283006 1.051625 0.767390 -4.611653 8.891971 13.415096 2.045679 63.795525 -10.159460 -14.944983 88.295891 49.341248 82.309219 172.410736 156.842133 179.216507 24.934958 27.259327 77.669350 11.840316 0.000414 -0.000382 7.885645 0.000292 -0.000212 0.000000 -0.000000 0.000000 77.574478 3.300521 14.640727 63.122948 0.000276 0.000575 44.186073 -0.000149 0.000422 0.000000 -0.000000 0.000000 89.000000 -0.000000 -0.000010 96.157333 -0.000101 0.000205 64.040848 -0.000157 0.000006 0.000000 -0.000000 0.000000 89.015190 -0.173643 -9.998493 103.148872 -0.000251 0.000365 68.697151 -0.000280 -0.000071 0.000000 -0.000000 0.000000 89.060257 -0.342005 -19.997192 110.000038 0.000010 0.000002 79.999969 0.000003 -0.000006 170.928101 -176.963089 178.782501 119.345947 176.645737 178.211853 92.367027 -118.305939 -91.088333 21.901302 -14.573802 -8.772539 151.645065 -144.137970 -101.475693 172.446640 179.999985 -179.999954 174.969452 179.999985 -179.999969 0.000003 -0.000000 0.000000 90.965935 -179.741196 -165.002182 91.361031 179.999985 179.999588 117.952751 -179.999756 179.999847 0.000003 -0.000000 0.000000 91.000000 -179.999985 179.999985 70.000008 179.999985 179.999985 106.685806 -179.999847 -179.999985 0.000003 -0.000000 0.000000 90.984802 179.826370 170.001465 70.000008 180.000000 180.000000 100.000038 -179.999985 180.000000 0.000003 -0.000000 0.000000 90.939743 179.658005 160.002792 70.000015 -179.999985 -179.999985 100.000008 -179.999985 179.999985
-15.990867 87.003960 -87.670364 2.841460 -9.299311 -14.145779 173.839584 -160.409485 176.407135 173.472198 169.972656 -111.570084 179.689514 175.863388 172.594406 177.808289 165.915695 168.677521 176.347076 -170.501358 -148.700134 1.203524 -14.359479 -3.681372 178.947418 -179.690353 -176.580292 178.261032 -179.729385 -176.647018 177.641281 -178.536514 -177.620422 1.777845 0.168288 -5.405959 1.838351 0.203266 -6.306719 1.052730 0.910472 -4.628752 8.883048 13.516626 2.182176 63.906563 -10.981269 -14.675455 87.951706 49.419724 81.875198 172.412003 156.642822 179.349960 24.663048 27.119577 77.209038 12.000415 0.002667 -0.002995 7.992279 0.002028 -0.001733 0.000000 -0.000000 0.000000 77.441307 3.334072 14.632965 63.010715 -0.000132 -0.000269 44.107529 0.000065 -0.000187 0.000000 -0.000000 0.000000 89.000000 -0.000002 -0.000002 96.079536 0.000367 -0.000771 63.988926 0.000566 0.000015 0.000000 -0.000000 0.000000 89.015213 -0.173636 -9.998503 103.033134 0.000620 -0.000850 68.620064 0.000668 0.000179 0.000000 -0.000000 0.000000 89.060280 -0.342005 -19.997194 110.000015 0.000008 -0.000001 79.999969 0.000003 0.000003 170.868713 -177.007004 178.696304 119.214287 177.792984 178.412766 92.362968 -117.889366 -90.604683 21.891706 -14.430940 -8.911453 151.483994 -143.874435 -101.198288 172.648148 -179.999756 179.997879 175.103668 -179.999710 179.998596 0.000000 0.000003 0.000003 90.965942 -179.741196 -165.002167 91.345589 179.999847 179.998535 117.941933 -179.999146 179.999420 0.000000 0.000003 0.000003 91.000000 179.999985 -179.999985 69.973259 -179.999802 179.999451 106.657593 -179.998947 -179.999954 0.000000 0.000003 0.000003 90.984802 179.826355 170.001495 70.000015 -179.999985 179.999985 100.000000 180.000000 -179.999985 0.000000 0.000003 0.000003 90.939751 179.657990 160.002808 70.000008 -179.999985 179.999985 100.000023 179.999985 179.999985
-16.016731 87.307617 -87.191513 2.861305 -9.251971 -13.833951 174.223022 -160.654312 175.662521 173.126465 170.567093 -112.786705 179.487564 176.163757 171.527451 177.647995 165.934189 169.030975 176.359848 -170.131393 -149.186310 1.164890 -14.025765 -3.828446 178.944733 -179.625946 -176.704346 178.258438 -179.663559 -176.768661 177.627518 -178.236633 -177.714447 1.765069 0.166190 -5.377213 1.825225 0.200676 -6.273214 1.045143 0.903419 -4.604733 8.852453 13.391298 2.242725 63.900593 -11.717391 -14.436960 87.647606 49.240932 81.420670 172.398178 156.486145 179.469879 24.594364 27.571539 77.198738 11.763984 -0.000000 0.000003 7.834811 -0.000007 0.000001 0.000000 -0.000007 -0.000003 77.459595 3.329668 14.634044 63.026115 -0.000000 0.000000 44.118286 -0.000003 -0.000001 0.000000 -0.000007 -0.000003 88.999985 -0.000006 -0.000001 96.123421 0.000003 -0.000007 64.018188 -0.000003 -0.000002 0.000000 -0.000007 -0.000003 89.015182 -0.173639 -9.998506 103.085922 -0.000003 0.000002 68.655205 0.000007 -0.000004 0.000000 -0.000007 -0.000003 89.060280 -0.342002 -19.997196 110.000015 0.000003 -0.000002 80.000000 0.000000 0.000005 170.882935 -176.882782 178.752655 118.972237 178.759003 178.491745 92.267906 -117.467941 -90.166290 21.907099 -14.281843 -9.068514 151.686020 -144.060913 -101.592720 172.457245 179.999985 -179.999985 174.976517 180.000000 -179.999985 0.000003 -0.000000 0.000000 90.965942 -179.741196 -165.002182 91.411301 180.000000 180.000000 117.987915 -180.000000 179.999985 0.000003 -0.000000 0.000000 91.000015 180.000000 180.000000 70.000061 179.999985 180.000000 106.704163 179.999985 -179.999985 0.000003 -0.000000 0.000000 90.984802 179.826355 170.001495 69.999992 -179.999985 -180.000000 100.000023 -179.999985 179.999985 0.000003 -0.000000 0.000000 90.939728 179.658005 160.002808 70.000008 -179.999985 -179.999985 100.000008 -179.999985 179.999985
-16.039442 87.607307 -86.706718 2.886156 -9.219285 -13.522429 174.603394 -160.879425 174.900620 172.771179 171.105606 -113.948975 179.243683 176.482269 170.407227 177.457626 165.904007 169.388138 176.398361 -169.708023 -149.662781 1.140236 -13.674268 -3.997176 178.941360 -179.564041 -176.826843 178.254349 -179.600296 -176.888779 177.612534 -177.948212 -177.807404 1.754825 0.164486 -5.353241 1.814684 0.198597 -6.245267 1.038118 0.909102 -4.584691 8.822959 13.284246 2.308310 63.892853 -12.466307 -14.171332 87.328735 49.104885 80.968262 172.382797 156.323090 179.591599 24.530542 28.007280 77.180161 11.536922 0.000497 -0.000568 7.683590 0.000371 -0.000331 180.000000 -179.999985 180.000000 77.473793 3.325871 14.634867 63.038139 -0.000036 -0.000078 44.126690 0.000026 -0.000056 180.000000 -179.999985 180.000000 89.000000 0.000002 -0.000002 96.166351 0.000067 -0.000129 64.046822 0.000101 -0.000001 180.000000 -179.999985 180.000000 89.015182 -0.173641 -9.998507 103.137863 0.000106 -0.000141 68.689842 0.000113 0.000044 180.000000 -179.999985 180.000000 89.060295 -0.342007 -19.997194 110.000000 -0.000001 0.000005 80.000015 0.000001 0.000001 170.887512 -176.772034 178.794846 118.750572 179.749908 178.595520 92.198357 -117.043335 -89.714462 21.926607 -14.128486 -9.229764 151.902817 -144.270935 -102.003197 172.249771 180.000000 179.999786 174.838348 -179.999985 179.999847 0.000000 -0.000000 0.000000 90.965935 -179.741196 -165.002197 91.483017 179.999985 179.999847 118.038116 -179.999924 179.999939 0.000000 -0.000000 0.000000 91.000000 180.000000 180.000000 70.022469 -179.999985 179.999847 106.754959 -179.999893 179.999985 0.000000 -0.000000 0.000000 90.984795 179.826355 170.001495 70.000031 -179.999985 -179.999985 100.000008 -179.999985 180.000000 0.000000 -0.000000 0.000000 90.939720 179.657990 160.002792 69.999992 180.000000 180.000000 100.000008 180.000000 180.000000
-16.067617 87.921402 -86.246323 2.906235 -9.138006 -13.196797 174.976517 -161.206482 174.178635 172.433853 171.831711 -115.275726 179.170807 176.727325 169.465317 177.340622 166.050018 169.696732 176.354492 -169.410965 -150.146851 1.070724 -13.315880 -4.100179 178.939957 -179.495178 -176.961624 178.253510 -179.529877 -177.020920 177.601852 -177.627213 -177.909546 1.733185 0.161149 -5.310052 1.792356 0.194562 -6.194894 1.028003 0.861857 -4.548347 8.787732 13.096354 2.344547 63.845631 -13.183426 -13.974710 87.038734 48.813725 80.518875 172.368576 156.175415 179.705917 24.458746 28.512560 77.149277 11.276184 0.001189 -0.001439 7.509940 0.000901 -0.000849 180.000000 -180.000000 179.999985 77.505310 3.317488 14.636663 63.064713 -0.000069 -0.000207 44.145317 0.000067 -0.000139 180.000000 -180.000000 179.999985 89.000015 0.000006 -0.000009 96.214745 0.000177 -0.000269 64.079018 0.000211 0.000036 180.000000 -180.000000 179.999985 89.015213 -0.173637 -9.998512 103.195435 0.000257 -0.000286 68.728157 0.000230 0.000096 180.000000 -180.000000 179.999985 89.060295 -0.341998 -19.997202 110.000015 -0.000005 -0.000001 80.000000 0.000002 -0.000003 170.925079 -176.603333 178.887192 118.492378 -179.324509 178.644379 92.079910 -116.635872 -89.277168 21.956659 -13.973063 -9.398881 152.101852 -144.373718 -102.390755 172.104141 179.999954 179.999664 174.741364 179.999985 179.999771 0.000000 -0.000000 0.000000 90.965958 -179.741196 -165.002182 91.533363 179.999939 179.999832 118.073372 -179.999908 179.999908 0.000000 -0.000000 0.000000 91.000000 180.000000 180.000000 70.078735 -179.999985 179.999847 106.792419 -179.999893 179.999985 0.000000 -0.000000 0.000000 90.984772 179.826355 170.001495 70.000031 179.999985 179.999985 100.000008 180.000000 179.999985 0.000000 -0.000000 0.000000 90.939728 179.658005 160.002792 69.999992 -179.999985 179.999985 100.000008 180.000000 179.999985
-16.111172 88.249062 -85.797874 2.905047 -8.999413 -12.872351 175.341019 -161.658829 173.526001 172.150253 172.784637 -116.743561 179.186554 176.893005 168.675354 177.353943 166.375931 170.024353 176.259918 -169.334549 -150.684174 0.946057 -13.064503 -4.131378 178.943100 -179.415344 -177.098862 178.260437 -179.448257 -177.155457 177.600388 -177.254868 -178.014099 1.704551 0.156808 -5.254084 1.762789 0.189337 -6.129602 1.015715 0.785347 -4.501113 8.743703 12.864305 2.361497 63.770771 -13.861331 -13.883354 86.795990 48.355343 80.072327 172.358902 156.045822 179.806320 24.372341 29.069530 77.127441 10.984399 0.001890 -0.002421 7.315610 0.001451 -0.001446 0.000000 -0.000000 0.000000 77.532600 3.310036 14.638106 63.087833 -0.000100 -0.000502 44.161522 0.000180 -0.000299 0.000000 -0.000000 0.000000 88.999969 0.000005 0.000005 96.256172 0.000376 -0.000470 64.106598 0.000385 0.000100 0.000000 -0.000000 0.000000 89.015205 -0.173634 -9.998516 103.244125 0.000531 -0.000451 68.760651 0.000410 0.000223 0.000000 -0.000000 0.000000 89.060257 -0.342007 -19.997198 110.000023 0.000004 0.000006 79.999969 -0.000002 -0.000006 170.991623 -176.405029 179.020676 118.197083 -178.476578 178.593292 91.872444 -116.298195 -88.870544 21.972420 -13.848467 -9.540617 152.239227 -144.409470 -102.687859 172.013794 179.999893 179.999481 174.681183 179.999969 179.999664 0.000003 -0.000000 0.000000 90.965912 -179.741196 -165.002197 91.563759 179.999908 179.999847 118.094643 -179.999924 179.999893 0.000003 -0.000000 0.000000 91.000000 180.000000 180.000000 70.106865 179.999985 179.999847 106.811157 -179.999908 179.999969 0.000003 -0.000000 0.000000 90.984787 179.826355 170.001465 70.000031 179.999985 179.999985 100.000008 -179.999985 179.999985 0.000003 -0.000000 0.000000 90.939728 179.657990 160.002808 70.000000 -180.000000 -179.999985 100.000000 -179.999985 -179.999985
-16.172371 88.588837 -85.358948 2.865818 -8.803863 -12.568371 175.675125 -162.178406 172.969910 171.975616 173.924866 -118.419960 179.239471 176.964996 167.969788 177.519806 166.709381 170.447266 176.127045 -169.343323 -151.318558 0.759397 -12.965714 -4.108233 178.954758 -179.319794 -177.229446 178.281937 -179.350784 -177.283478 177.615906 -176.809235 -178.114777 1.670850 0.151878 -5.192494 1.727977 0.183413 -6.057734 1.001255 0.694503 -4.449081 8.685780 12.615724 2.379446 63.675941 -14.533370 -13.931950 86.634544 47.673687 79.651344 172.326904 155.930817 179.880112 24.335333 29.725735 77.213791 10.618971 0.002108 -0.002750 7.072235 0.001625 -0.001653 0.000000 -0.000000 0.000000 77.587791 3.295455 14.641166 63.134499 -0.000069 -0.000684 44.194149 0.000295 -0.000382 0.000000 -0.000000 0.000000 89.000008 -0.000007 -0.000002 96.310585 0.000557 -0.000540 64.142792 0.000495 0.000194 0.000000 -0.000000 0.000000 89.015213 -0.173634 -9.998494 103.311134 0.000678 -0.000453 68.805183 0.000443 0.000308 0.000000 -0.000000 0.000000 89.060310 -0.342012 -19.997198 110.000015 -0.000005 -0.000001 80.000000 -0.000004 0.000015 171.076035 -176.188904 179.183563 117.859665 -177.697128 178.358154 91.490623 -116.111588 -88.414452 21.960707 -13.763397 -9.651527 152.341980 -144.501816 -102.936867 171.904190 179.999924 179.999664 174.608200 179.999985 179.999771 180.000000 180.000000 -180.000000 90.965958 -179.741196 -165.002182 91.593056 -179.999985 -179.999985 118.115120 179.999985 -179.999985 180.000000 180.000000 -180.000000 91.000015 -179.999985 179.999985 70.136192 -179.999985 -179.999847 106.830727 179.999893 -179.999954 180.000000 180.000000 -180.000000 90.984818 179.826370 170.001480 69.999985 179.999985 179.999985 100.000023 179.999985 -179.999985 180.000000 180.000000 -180.000000 90.939758 179.657990 160.002792 70.000015 -179.999985 -179.999985 99.999985 -180.000000 -179.999985
-16.272488 88.918671 -84.922188 2.744680 -8.645965 -12.398373 175.832825 -162.448883 172.823105 172.155212 174.905533 -120.271408 179.495636 176.917419 167.587906 177.898636 167.201050 171.024063 176.216187 -170.049667 -152.115280 0.516484 -13.437923 -3.956537 178.984253 -179.231781 -177.300735 178.333221 -179.261002 -177.353271 177.670456 -176.398849 -178.169342 1.641879 0.147858 -5.143619 1.698115 0.178508 -6.000757 0.988686 0.616978 -4.408119 8.629021 12.457895 2.512223 63.556767 -14.956367 -14.067625 86.702637 47.096489 79.349487 172.339767 155.856583 179.908432 24.358711 30.174526 77.352257 10.354313 -0.000011 0.000004 6.895977 0.000003 0.000002 0.000000 -0.000000 0.000000 77.646751 3.280862 14.644848 63.184162 -0.000002 0.000003 44.228912 0.000003 0.000001 0.000000 -0.000000 0.000000 88.999985 -0.000010 0.000000 96.362122 -0.000000 0.000000 64.177139 -0.000002 0.000003 0.000000 -0.000000 0.000000 89.015182 -0.173643 -9.998502 103.362480 -0.000003 0.000007 68.839417 0.000000 -0.000012 0.000000 -0.000000 0.000000 89.060280 -0.342010 -19.997198 110.000000 -0.000001 0.000005 80.000000 0.000005 -0.000000 171.156952 -176.003830 179.397003 117.493408 -177.078064 178.236542 91.058357 -115.894455 -88.129410 21.884136 -13.811927 -9.607800 152.279312 -144.555435 -102.913551 171.874115 -179.999985 180.000000 174.588165 -180.000000 -179.999985 0.000003 0.000000 -0.000003 90.965935 -179.741180 -165.002182 91.592171 -179.999985 -179.999985 118.114517 -179.999985 179.999985 0.000003 0.000000 -0.000003 90.999992 -179.999985 179.999985 70.127335 179.999985 179.999985 106.824783 180.000000 179.999985 0.000003 0.000000 -0.000003 90.984802 179.826370 170.001480 69.999992 179.999985 179.999985 100.000000 -179.999985 180.000000 0.000003 0.000000 -0.000003 90.939690 179.658005 160.002808 70.000008 -179.999985 179.999985 100.000008 179.999985 180.000000
-16.369314 89.251274 -84.486954 2.634786 -8.478874 -12.220879 175.992310 -162.714508 172.634674 172.327652 175.853363 -122.068306 179.743576 176.909378 167.181671 178.251770 167.688568 171.561066 176.273392 -170.719788 -152.868164 0.283698 -13.877770 -3.816991 179.011795 -179.145264 -177.376236 178.381073 -179.172775 -177.427246 177.721222 -175.995407 -178.227646 1.611111 0.143718 -5.095192 1.666325 0.173514 -5.944261 0.975812 0.527061 -4.367352 8.568360 12.280087 2.625998 63.439590 -15.398733 -14.215002 86.736641 46.489616 79.032188 172.348602 155.778992 179.938202 24.385839 30.650385 77.491585 10.075163 0.000274 -0.000344 6.710054 0.000200 -0.000207 0.000000 -0.000000 0.000000 77.706123 3.265255 14.648175 63.234287 0.000001 -0.000100 44.263988 0.000047 -0.000051 0.000000 -0.000000 0.000000 89.000000 -0.000005 0.000000 96.416351 0.000073 -0.000056 64.213264 0.000060 0.000026 0.000000 -0.000000 0.000000 89.015213 -0.173648 -9.998504 103.417038 0.000074 -0.000054 68.875801 0.000047 0.000040 0.000000 -0.000000 0.000000 89.060295 -0.342004 -19.997194 110.000015 0.000002 0.000003 79.999962 0.000002 -0.000003 171.233215 -175.806198 179.601273 117.140800 -176.453400 178.092941 90.632553 -115.698540 -87.830643 21.815029 -13.847164 -9.581055 152.250214 -144.647247 -102.931419 171.816605 -179.999985 -179.999817 174.549866 179.999985 -179.999863 0.000000 -0.000000 0.000000 90.965927 -179.741196 -165.002167 91.608612 -179.999863 -179.999817 118.126076 179.999924 -179.999847 0.000000 -0.000000 0.000000 91.000000 179.999985 -179.999985 70.137939 -179.999954 -179.999725 106.831879 179.999847 -179.999908 0.000000 -0.000000 0.000000 90.984802 179.826355 170.001495 70.000008 179.999985 179.999985 100.000000 179.999985 180.000000 0.000000 -0.000000 0.000000 90.939705 179.657990 160.002808 70.000008 -180.000000 179.999985 100.000008 180.000000 -179.999985
-16.480436 89.581863 -84.046547 2.483127 -8.334973 -12.072705 176.155807 -163.063782 172.585434 172.583801 176.966095 -124.111176 0.032973 3.236627 -13.153975 178.713684 168.254364 172.238739 176.374069 -171.619568 -153.772598 179.999298 -165.530945 176.386444 179.047699 -179.047760 -177.436798 178.443207 -179.073517 -177.486603 177.788437 -175.540802 -178.274612 1.586084 0.140053 -5.044156 1.640492 0.169099 -5.884718 0.962332 0.493101 -4.324055 8.514755 12.191014 2.813651 63.294346 -15.776084 -14.335782 86.866508 45.936344 78.747864 172.368546 155.708038 179.957214 24.331285 31.057642 77.480247 9.861439 0.000205 -0.000509 6.567727 0.000169 -0.000321 0.000000 -0.000000 0.000000 77.742722 3.255444 14.650124 63.265213 0.000009 -0.000347 44.285637 0.000171 -0.000166 0.000000 -0.000000 0.000000 89.000015 -0.000005 0.000000 96.436928 0.000306 -0.000237 64.227051 0.000225 0.000117 0.000000 -0.000000 0.000000 89.015205 -0.173641 -9.998507 103.426338 0.000421 -0.000232 68.881912 0.000236 0.000224 0.000000 -0.000000 0.000000 89.060295 -0.342014 -19.997194 110.000015 0.000005 0.000001 79.999985 -0.000007 0.000008 171.317215 -175.665833 179.840210 116.759491 -175.811508 178.028915 90.148521 -115.423477 -87.544456 21.712271 -13.934461 -9.490313 152.023819 -144.354935 -102.717728 172.005646 179.999847 179.999329 174.675781 179.999924 179.999542 0.000000 -0.000000 0.000003 90.965919 -179.741196 -165.002182 91.495094 179.999939 179.999893 118.046623 -179.999969 179.999924 0.000000 -0.000000 0.000003 91.000000 -179.999985 179.999985 70.000862 179.999985 179.999908 106.740601 -179.999954 179.999985 0.000000 -0.000000 0.000003 90.984802 179.826370 170.001495 70.000008 -180.000000 179.999985 100.000008 -179.999985 179.999985 0.000000 -0.000000 0.000003 90.939713 179.658005 160.002792 70.000008 179.999985 180.000000 100.000008 179.999985 180.000000
-16.599421 89.896698 -83.599701 2.304220 -8.224732 -11.954702 176.292877 -163.384033 172.661636 172.934280 178.062790 -126.263367 0.360374 3.472770 -13.418876 179.206039 168.804855 172.994934 176.513336 -172.588547 -154.751541 179.685684 -164.875839 176.638748 179.089844 -178.954285 -177.483093 178.515671 -178.978317 -177.531967 177.869461 -175.105255 -178.309708 1.562982 0.136661 -4.995088 1.616637 0.165009 -5.827471 0.949231 0.469987 -4.282403 8.465311 12.135726 3.042623 63.141834 -16.090427 -14.412762 87.065109 45.489372 78.521217 172.413437 155.650192 179.977005 24.555849 31.355913 77.859886 9.634679 0.000071 -0.000562 6.416692 0.000099 -0.000369 0.000003 -0.000000 0.000000 77.861969 3.224321 14.656874 63.365917 -0.000001 -0.000317 44.356144 0.000156 -0.000165 0.000003 -0.000000 0.000000 89.000038 -0.000010 0.000000 96.538673 0.000274 -0.000221 64.294815 0.000215 0.000095 0.000003 -0.000000 0.000000 89.015236 -0.173647 -9.998502 103.542549 0.000433 -0.000228 68.959335 0.000248 0.000212 0.000003 -0.000000 0.000000 89.060295 -0.342010 -19.997185 109.999992 0.000001 0.000008 80.000023 -0.000008 0.000002 171.397827 -175.533737 -179.889145 116.390388 -175.191544 178.022369 89.608986 -115.102699 -87.242294 21.580332 -14.056436 -9.346425 151.893402 -144.626038 -102.611855 171.878601 179.999695 179.998672 174.591156 179.999878 179.999084 0.000000 -0.000000 0.000000 90.965965 -179.741180 -165.002182 91.507683 179.999847 179.999802 118.055397 -179.999939 179.999847 0.000000 -0.000000 0.000000 91.000023 179.999985 -179.999985 70.009895 179.999985 179.999832 106.746529 -179.999893 179.999939 0.000000 -0.000000 0.000000 90.984818 179.826355 170.001511 69.999985 -179.999985 -179.999985 100.000008 -179.999985 179.999985 0.000000 -0.000000 0.000000 90.939743 179.657990 160.002808 69.999992 179.999985 179.999985 100.000038 179.999985 -179.999985
-16.721455 90.197823 -83.148773 2.103122 -8.151611 -11.854546 176.363647 -163.522003 172.857895 173.444321 178.950226 -128.535278 0.721999 3.736901 -13.590168 179.719025 169.120453 173.806259 176.629593 -173.372253 -155.774246 179.361755 -164.207489 176.938324 179.136932 -178.866745 -177.518829 178.596222 -178.889053 -177.566971 177.961685 -174.697388 -178.335388 1.538761 0.133243 -4.946839 1.591617 0.160882 -5.771177 0.934222 0.462884 -4.241523 8.415790 12.097921 3.299163 62.997185 -16.343014 -14.420872 87.322029 45.157372 78.384178 172.471695 155.611145 -179.999039 24.816238 31.532583 78.288658 9.460759 -0.000092 -0.000630 6.300870 -0.000021 -0.000424 180.000000 -180.000000 179.999985 77.968430 3.196721 14.662968 63.455826 -0.000010 -0.000139 44.419044 0.000061 -0.000078 180.000000 -180.000000 179.999985 89.000038 0.000007 -0.000012 96.628418 0.000093 -0.000096 64.354538 0.000090 0.000036 180.000000 -180.000000 179.999985 89.015213 -0.173633 -9.998503 103.652206 0.000218 -0.000137 69.032387 0.000142 0.000089 180.000000 -180.000000 179.999985 89.060295 -0.341999 -19.997202 109.999992 0.000001 -0.000005 79.999985 -0.000002 -0.000006 171.482956 -175.401978 -179.597137 116.033371 -174.591537 178.109100 89.011482 -114.713875 -86.845085 21.442234 -14.176875 -9.202705 151.740295 -144.924088 -102.486763 171.740524 179.999527 179.997742 174.499191 179.999847 179.998474 180.000000 -179.999985 180.000000 90.965897 -179.741196 -165.002182 91.529160 179.999847 179.999756 118.070335 -179.999893 179.999802 180.000000 -179.999985 180.000000 91.000015 -179.999985 179.999985 70.027603 179.999985 179.999771 106.758408 -179.999863 179.999954 180.000000 -179.999985 180.000000 90.984795 179.826355 170.001495 70.000008 -180.000000 179.999985 100.000000 179.999985 -179.999985 180.000000 -179.999985 180.000000 90.939705 179.657990 160.002823 69.999985 -179.999985 -179.999985 100.000008 -179.999985 179.999985
-16.832253 90.432121 -82.700714 1.911884 -8.136822 -11.731494 176.362854 -163.367691 173.220123 174.064819 179.468979 -130.922348 1.054310 3.979048 -13.433142 0.058935 10.607870 -5.448980 176.807404 -173.946014 -156.760406 179.050125 -163.793243 177.267319 179.177002 -178.798279 -177.555801 178.664490 -178.819092 -177.603195 178.042038 -174.378296 -178.360519 1.520910 0.130743 -4.911680 1.573205 0.157845 -5.730189 0.922450 0.467309 -4.211832 8.360452 12.046643 3.546017 62.946667 -16.464424 -14.330408 87.568993 45.085052 78.428123 172.562042 155.620956 -179.943924 24.972120 31.619684 78.620522 9.344934 0.000003 0.000002 6.223722 -0.000000 0.000000 0.000000 0.000000 -0.000003 77.993851 3.190244 14.664432 63.477188 -0.000006 0.000004 44.434044 0.000003 0.000001 0.000000 0.000000 -0.000003 89.000000 -0.000002 0.000002 96.647362 0.000007 0.000003 64.367126 0.000001 0.000005 0.000000 0.000000 -0.000003 89.015182 -0.173642 -9.998509 103.684296 -0.000002 -0.000003 69.053741 0.000001 0.000001 0.000000 0.000000 -0.000003 89.060295 -0.342005 -19.997204 110.000015 -0.000007 -0.000004 80.000015 -0.000000 0.000009 171.587646 -175.264542 -179.305496 115.777359 -174.068970 178.370087 88.355545 -114.246010 -86.277328 21.300650 -14.268977 -9.070669 151.621475 -145.263885 -102.393936 171.572983 -180.000000 180.000000 174.387604 -180.000000 -179.999985 0.000007 -0.000000 0.000000 90.965950 -179.741196 -165.002182 91.547516 179.999985 -180.000000 118.083260 179.999985 -179.999985 0.000007 -0.000000 0.000000 91.000000 -179.999985 179.999985 70.042244 180.000000 180.000000 106.768127 -180.000000 -180.000000 0.000007 -0.000000 0.000000 90.984825 179.826370 170.001480 70.000008 179.999985 179.999985 100.000008 180.000000 -179.999985 0.000007 -0.000000 0.000000 90.939728 179.657990 160.002792 69.999992 179.999985 179.999985 100.000008 -180.000000 179.999985
-16.944290 90.675545 -82.251862 1.715659 -8.115858 -11.612159 176.368179 -163.240845 173.567123 174.715897 179.993744 -133.308807 1.404917 4.205303 -13.312675 0.414979 10.307324 -4.692449 176.968140 -174.575394 -157.757629 178.732803 -163.347809 177.604050 179.219208 -178.727493 -177.592056 178.736252 -178.746811 -177.638718 178.126572 -174.048676 -178.385086 1.501487 0.128088 -4.874751 1.553125 0.154651 -5.687104 0.909727 0.470335 -4.180609 8.302721 11.997330 3.796663 62.879917 -16.599297 -14.239644 87.820198 44.990738 78.450722 172.650314 155.625427 -179.891754 25.146198 31.706749 78.974358 9.225767 -0.000034 -0.000090 6.144361 -0.000017 -0.000061 180.000000 179.999985 -180.000000 78.027237 3.181529 14.666298 63.505386 0.000005 -0.000001 44.453773 -0.000009 0.000004 180.000000 179.999985 -180.000000 89.000000 -0.000000 0.000000 96.674515 -0.000008 0.000012 64.385246 -0.000013 -0.000004 180.000000 179.999985 -180.000000 89.015205 -0.173637 -9.998503 103.724838 0.000006 0.000008 69.080742 -0.000008 -0.000001 180.000000 179.999985 -180.000000 89.060272 -0.342004 -19.997185 110.000000 0.000005 0.000001 80.000000 0.000003 0.000002 171.686905 -175.126450 -179.009445 115.509262 -173.532227 178.622314 87.674950 -113.780739 -85.687057 21.157902 -14.362482 -8.937808 151.497223 -145.605133 -102.299484 171.406937 179.999924 179.999603 174.277023 179.999985 179.999741 0.000003 -0.000000 0.000000 90.965919 -179.741196 -165.002182 91.563004 179.999969 179.999954 118.094093 -179.999985 179.999969 0.000003 -0.000000 0.000000 91.000000 -179.999985 179.999985 70.054375 179.999985 179.999954 106.776192 -179.999969 179.999985 0.000003 -0.000000 0.000000 90.984810 179.826370 170.001495 70.000008 -179.999985 -179.999985 100.000008 -179.999985 180.000000 0.000003 -0.000000 0.000000 90.939705 179.658005 160.002792 70.000023 179.999985 -179.999985 100.000000 -180.000000 -179.999985
-17.050236 90.892960 -81.803444 1.523193 -8.111327 -11.475507 176.346802 -163.008102 173.979248 175.428635 -179.619385 -135.787292 1.749566 4.417191 -13.049571 0.709926 10.027634 -3.952116 177.138763 -175.112381 -158.751068 178.415176 -163.007919 177.953690 179.257706 -178.657745 -177.630951 178.801712 -178.675690 -177.676819 178.203674 -173.723801 -178.411575 1.487509 0.126027 -4.841943 1.538665 0.152197 -5.648820 0.898332 0.501501 -4.152946 8.244654 11.966969 4.047560 62.849979 -16.687622 -14.117160 88.065765 44.984394 78.544144 172.753586 155.649765 -179.823853 25.265251 31.788561 79.267975 9.118699 -0.000112 -0.000185 6.073059 -0.000044 -0.000134 0.000000 -0.000000 0.000003 78.030800 3.180624 14.666477 63.508385 0.000036 0.000014 44.455879 -0.000002 0.000014 0.000000 -0.000000 0.000003 89.000000 0.000002 0.000002 96.669098 -0.000010 0.000041 64.381638 -0.000022 0.000010 0.000000 -0.000000 0.000003 89.015205 -0.173644 -9.998509 103.733612 -0.000020 0.000024 69.086578 -0.000025 -0.000000 0.000000 -0.000000 0.000003 89.060265 -0.342006 -19.997202 110.000000 0.000002 0.000003 80.000000 0.000002 -0.000003 171.799576 -175.007202 -178.713943 115.279991 -173.011856 178.933945 86.941208 -113.284286 -84.997688 21.006350 -14.444866 -8.807523 151.405243 -145.973007 -102.233719 171.222458 179.999847 179.999222 174.154160 179.999954 179.999466 0.000000 -0.000000 0.000000 90.965919 -179.741196 -165.002182 91.596840 179.999954 179.999893 118.117783 -179.999969 179.999939 0.000000 -0.000000 0.000000 90.999992 180.000000 179.999985 70.080963 -180.000000 179.999908 106.793968 -179.999939 179.999985 0.000000 -0.000000 0.000000 90.984802 179.826370 170.001480 70.000015 179.999985 -179.999985 100.000008 -179.999985 179.999985 0.000000 -0.000000 0.000000 90.939743 179.658005 160.002808 69.999985 -179.999985 -179.999985 100.000038 -180.000000 179.999985
-17.153275 91.079292 -81.363251 1.364194 -8.111899 -11.327744 176.294586 -162.693558 174.396927 176.076218 -179.342606 -138.040726 2.001880 4.659873 -12.653196 0.929618 9.980230 -3.336467 177.262314 -175.317581 -159.599487 178.138199 -162.808258 178.267075 179.287094 -178.610519 -177.672256 178.851303 -178.627365 -177.717300 178.264557 -173.503998 -178.439270 1.471257 0.124105 -4.820774 1.521861 0.149875 -5.624126 0.889788 0.476505 -4.135122 8.182850 11.861826 4.251033 62.888542 -16.741793 -14.063424 88.271484 44.999184 78.724380 172.860321 155.693268 -179.748734 25.318050 31.864777 79.427979 9.042535 -0.000336 -0.000468 6.022327 -0.000201 -0.000333 0.000000 -0.000000 0.000003 78.031967 3.180373 14.666449 63.509327 0.000120 0.000026 44.456520 0.000053 0.000070 0.000000 -0.000000 0.000003 88.999985 -0.000000 -0.000005 96.667213 0.000020 0.000120 64.380386 -0.000064 0.000044 0.000000 -0.000000 0.000003 89.015175 -0.173645 -9.998493 103.738739 -0.000031 0.000098 69.090034 -0.000067 0.000004 0.000000 -0.000000 0.000003 89.060249 -0.342014 -19.997198 110.000038 -0.000000 0.000000 79.999969 0.000005 -0.000000 171.911392 -174.823502 -178.445358 115.126045 -172.579712 179.236862 86.232643 -112.841255 -84.293816 20.862198 -14.508413 -8.690213 151.384949 -146.289902 -102.212486 171.060593 179.999710 179.998642 174.046341 179.999893 179.999069 180.000000 180.000000 -179.999985 90.965927 -179.741196 -165.002182 91.658730 -179.999908 -179.999832 118.161095 179.999924 -179.999863 180.000000 180.000000 -179.999985 91.000000 179.999985 -179.999985 70.147987 179.999985 -179.999725 106.838524 179.999832 -179.999985 180.000000 180.000000 -179.999985 90.984810 179.826355 170.001495 69.999962 179.999985 -179.999985 100.000023 179.999985 -179.999985 180.000000 180.000000 -179.999985 90.939743 179.657990 160.002792 70.000023 -179.999985 180.000000 99.999969 -179.999985 179.999985
-17.258600 91.243439 -80.929176 1.232179 -8.139423 -11.168506 176.230957 -162.325150 174.906113 176.690811 -179.122208 -140.469223 2.271138 4.889774 -12.084816 1.129565 10.195740 -2.737368 177.350433 -175.230820 -160.391678 177.858780 -162.705460 178.563339 179.305893 -178.571655 -177.715286 178.882919 -178.587692 -177.759491 178.304001 -173.323013 -178.469269 1.461591 0.122946 -4.807462 1.511868 0.148499 -5.608587 0.886388 0.438229 -4.123907 8.117063 11.729251 4.434430 62.985600 -16.738338 -14.027542 88.436592 45.047504 78.926834 172.940613 155.754715 -179.672287 25.236921 32.014671 79.592888 8.913208 -0.000431 -0.000530 5.936192 -0.000240 -0.000379 0.000000 0.000000 -0.000003 77.898987 3.215031 14.659113 63.397091 -0.000003 -0.000002 44.377930 0.000006 -0.000005 0.000000 0.000000 -0.000003 89.000000 0.000000 0.000005 96.534851 0.000016 0.000018 64.292198 -0.000011 0.000017 0.000000 0.000000 -0.000003 89.015205 -0.173637 -9.998512 103.613297 0.000001 -0.000010 69.006416 0.000004 -0.000018 0.000000 0.000000 -0.000003 89.060249 -0.341997 -19.997213 110.000015 -0.000001 -0.000008 79.999947 -0.000010 -0.000004 172.028076 -174.626144 -178.189255 115.047256 -172.168243 179.564789 85.476624 -112.431877 -83.521820 20.706930 -14.571638 -8.564061 151.093216 -146.415543 -102.056732 171.004288 179.998871 179.997559 174.008850 179.999435 179.998291 0.000000 0.000000 -0.000003 90.965958 -179.741196 -165.002182 91.519691 179.999603 179.999344 118.063812 -179.999725 179.999542 0.000000 0.000000 -0.000003 91.000015 179.999985 179.999985 69.974510 -179.999863 179.999237 106.723000 -179.999481 179.999939 0.000000 0.000000 -0.000003 90.984795 179.826370 170.001480 70.000023 -179.999985 -179.999985 100.000000 -179.999985 179.999985 0.000000 0.000000 -0.000003 90.939713 179.657990 160.002808 69.999962 180.000000 -179.999985 100.000053 180.000000 180.000000
-17.371420 91.319138 -80.493759 1.191381 -8.257334 -11.068665 176.213272 -162.117722 175.441147 177.018524 -178.803329 -142.613373 2.557898 5.008592 -11.524632 1.221025 10.404269 -2.256001 177.477554 -175.213608 -160.868988 177.627243 -162.647079 178.713852 179.302612 -178.556610 -177.746552 178.877380 -178.572525 -177.790131 178.298172 -173.252731 -178.492981 1.461902 0.122833 -4.802237 1.512194 0.148363 -5.602488 0.889549 0.396732 -4.119478 8.059280 11.622868 4.538531 63.148399 -16.694822 -14.092280 88.525055 45.077522 79.070862 172.976151 155.816650 -179.612198 25.241520 32.174690 79.670853 8.810540 -0.000000 0.000003 5.867818 -0.000000 0.000001 180.000000 -179.999985 180.000000 77.898117 3.215256 14.659063 63.396355 -0.000011 0.000005 44.377441 0.000003 -0.000006 180.000000 -179.999985 180.000000 89.000000 0.000000 0.000005 96.522827 0.000007 0.000008 64.284180 0.000001 0.000005 180.000000 -179.999985 180.000000 89.015182 -0.173637 -9.998509 103.614037 -0.000004 -0.000005 69.006935 -0.000003 0.000002 180.000000 -179.999985 180.000000 89.060280 -0.342004 -19.997202 109.999992 0.000003 0.000010 80.000000 0.000007 -0.000008 172.093918 -174.495773 -178.024475 115.099831 -171.906967 179.823715 84.874420 -112.222771 -82.897591 20.555740 -14.618126 -8.458361 151.176300 -146.750336 -102.235367 170.784164 -180.000000 -179.999985 173.862244 -180.000000 180.000000 0.000000 -0.000000 0.000003 90.965950 -179.741196 -165.002197 91.602417 -179.999985 -179.999985 118.121727 180.000000 180.000000 0.000000 -0.000000 0.000003 91.000000 180.000000 179.999985 70.067841 -179.999985 -180.000000 106.785179 180.000000 180.000000 0.000000 -0.000000 0.000003 90.984810 179.826370 170.001480 70.000015 179.999985 -179.999985 100.000008 179.999985 -179.999985 0.000000 -0.000000 0.000003 90.939713 179.657990 160.002808 69.999992 -179.999985 180.000000 100.000038 -180.000000 179.999985
-17.483665 91.405861 -80.059753 1.139379 -8.361910 -10.958926 176.188812 -161.891907 175.977463 177.407455 -178.512375 -144.804596 2.843408 5.124857 -10.952950 1.320684 10.593118 -1.763609 177.602524 -175.206757 -161.389008 177.389679 -162.587692 178.888275 179.301788 -178.538742 -177.779724 178.875854 -178.554443 -177.822647 178.297287 -173.169495 -178.517792 1.461373 0.122643 -4.796227 1.511649 0.148123 -5.595471 0.892284 0.353697 -4.114293 7.999516 11.510223 4.652837 63.308834 -16.657949 -14.156662 88.624603 45.101746 79.229713 173.018204 155.878708 -179.547546 25.242983 32.339870 79.750153 8.704500 -0.000073 -0.000073 5.797193 -0.000035 -0.000054 0.000000 -0.000000 0.000000 77.895912 3.215828 14.658971 63.394470 -0.000006 0.000004 44.376137 -0.000000 0.000000 0.000000 -0.000000 0.000000 88.999985 -0.000005 0.000000 96.508835 -0.000002 -0.000003 64.274864 0.000002 -0.000003 0.000000 -0.000000 0.000000 89.015205 -0.173639 -9.998511 103.614334 -0.000005 -0.000001 69.007133 -0.000002 0.000007 0.000000 -0.000000 0.000000 89.060295 -0.342009 -19.997190 110.000000 -0.000003 0.000002 80.000008 -0.000002 0.000007 172.165314 -174.353882 -177.846802 115.141472 -171.624771 -179.907654 84.237473 -111.990578 -82.233749 20.402029 -14.665523 -8.348613 151.247314 -147.084991 -102.398033 170.567368 179.999741 179.999634 173.717850 179.999847 179.999725 0.000000 -0.000000 0.000000 90.965958 -179.741196 -165.002182 91.682327 179.999939 179.999893 118.177628 -179.999969 179.999939 0.000000 -0.000000 0.000000 91.000038 179.999985 -179.999985 70.157906 -179.999985 179.999878 106.845192 -179.999924 179.999985 0.000000 -0.000000 0.000000 90.984818 179.826355 170.001495 70.000008 -179.999985 -180.000000 100.000008 -180.000000 -180.000000 0.000000 -0.000000 0.000000 90.939743 179.658005 160.002792 70.000031 179.999985 180.000000 99.999985 -179.999985 -179.999985
-17.598522 91.458992 -79.623749 1.122895 -8.504774 -10.876698 176.176453 -161.733032 176.522156 177.709946 -178.183517 -146.867340 3.145081 5.176784 -10.415854 1.399538 10.860561 -1.304368 177.725021 -175.152878 -161.784851 177.169937 -162.541092 179.000519 179.292969 -178.529861 -177.806854 178.860901 -178.545609 -177.849258 178.279861 -173.128143 -178.539139 1.464053 0.122788 -4.793270 1.514423 0.148305 -5.592017 0.896819 0.313847 -4.111643 7.942334 11.412201 4.733933 63.482170 -16.597504 -14.225296 88.688988 45.141068 79.340462 173.041306 155.939423 -179.491959 25.252504 32.494476 79.821091 8.606945 -0.000130 -0.000137 5.732228 -0.000081 -0.000099 0.000000 -0.000000 0.000000 77.896675 3.215641 14.659014 63.395126 -0.000006 0.000004 44.376617 -0.000013 -0.000005 0.000000 -0.000000 0.000000 88.999985 -0.000002 0.000002 96.500984 0.000003 -0.000002 64.269638 -0.000005 0.000009 0.000000 -0.000000 0.000000 89.015182 -0.173636 -9.998507 103.614235 0.000006 0.000008 69.007088 0.000002 -0.000003 0.000000 -0.000000 0.000000 89.060265 -0.342003 -19.997189 110.000000 -0.000001 -0.000008 80.000000 -0.000003 -0.000002 172.214813 -174.242172 -177.705963 115.229309 -171.400818 -179.669678 83.670319 -111.836220 -81.638939 20.249332 -14.706137 -8.251245 151.366745 -147.425476 -102.639114 170.329514 179.999313 179.999313 173.559433 179.999588 179.999481 0.000000 -0.000000 0.000000 90.965965 -179.741180 -165.002182 91.774010 179.999847 179.999832 118.241806 -179.999954 179.999847 0.000000 -0.000000 0.000000 91.000000 -179.999985 179.999985 70.257996 -179.999985 179.999786 106.911835 -179.999863 179.999969 0.000000 -0.000000 0.000000 90.984810 179.826370 170.001511 70.000015 -179.999985 -180.000000 100.000008 -180.000000 179.999985 0.000000 -0.000000 0.000000 90.939720 179.657990 160.002792 70.000023 179.999985 179.999985 100.000008 -179.999985 179.999985
-17.714542 91.478058 -79.184166 1.139488 -8.687568 -10.830415 176.168167 -161.610107 177.068893 177.906418 -177.733871 -148.774826 3.422820 5.261328 -9.922869 1.464141 11.242988 -0.869974 177.844421 -175.026321 -162.053360 176.970352 -162.491058 179.044022 179.277298 -178.528961 -177.827362 178.834427 -178.544937 -177.869385 178.248032 -173.123825 -178.556534 1.469027 0.123172 -4.792054 1.519570 0.148770 -5.590604 0.902354 0.280260 -4.110441 7.889132 11.339988 4.782429 63.667610 -16.537619 -14.314127 88.734360 45.178875 79.417961 173.042892 155.998398 -179.447952 25.261805 32.625195 79.880562 8.524760 -0.000179 -0.000175 5.677490 -0.000117 -0.000126 180.000000 -179.999985 180.000000 77.894501 3.216247 14.658925 63.393272 -0.000011 0.000037 44.375298 -0.000023 0.000020 180.000000 -179.999985 180.000000 89.000000 0.000002 -0.000017 96.494881 -0.000010 0.000009 64.265610 -0.000019 0.000004 180.000000 -179.999985 180.000000 89.015190 -0.173639 -9.998510 103.612556 0.000017 0.000021 69.005959 -0.000012 0.000012 180.000000 -179.999985 180.000000 89.060257 -0.342002 -19.997204 110.000015 0.000005 0.000001 79.999985 -0.000001 0.000004 172.243164 -174.173096 -177.601700 115.346077 -171.236053 -179.448517 83.200768 -111.756821 -81.144150 20.103489 -14.740682 -8.170168 151.523972 -147.728043 -102.938919 170.098572 179.998749 179.999130 173.405640 179.999237 179.999329 0.000000 -0.000000 0.000000 90.965912 -179.741196 -165.002197 91.862732 179.999680 179.999832 118.303917 179.999985 179.999741 0.000000 -0.000000 0.000000 91.000000 179.999985 -179.999985 70.368004 179.999939 179.999756 106.985100 -179.999847 179.999908 0.000000 -0.000000 0.000000 90.984779 179.826355 170.001495 69.999992 -179.999985 -179.999985 100.000038 -179.999985 180.000000 0.000000 -0.000000 0.000000 90.939690 179.657990 160.002808 70.000008 -179.999985 -179.999985 99.999985 -179.999985 -179.999985
-17.830088 91.463234 -78.730843 1.190687 -8.926830 -10.825707 176.154816 -161.557205 177.642975 178.085236 -177.374573 -150.615814 3.868863 5.148153 -9.483141 1.475715 11.526713 -0.430389 178.014954 -175.065872 -162.217575 176.789490 -162.414078 179.007858 179.254913 -178.536026 -177.841812 178.796677 -178.552460 -177.883606 178.202118 -173.156570 -178.570435 1.476430 0.123790 -4.791842 1.527231 0.149512 -5.590359 0.909164 0.250165 -4.110055 7.839842 11.299162 4.810285 63.852959 -16.456423 -14.370703 88.756195 45.258778 79.446251 173.012985 156.057892 -179.425446 25.290255 32.763176 79.921967 8.445488 -0.000181 -0.000140 5.624690 -0.000104 -0.000107 180.000000 179.999985 179.999985 77.925156 3.208265 14.660662 63.419186 -0.000013 0.000096 44.393421 -0.000031 0.000039 180.000000 179.999985 179.999985 89.000031 0.000005 -0.000019 96.508080 -0.000025 0.000049 64.274414 -0.000030 -0.000011 180.000000 179.999985 179.999985 89.015205 -0.173645 -9.998511 103.631538 0.000003 0.000059 69.018600 -0.000035 -0.000003 180.000000 179.999985 179.999985 89.060287 -0.342006 -19.997202 110.000023 -0.000010 -0.000002 79.999985 -0.000011 0.000013 172.246170 -174.148315 -177.533218 115.497894 -171.149780 -179.278320 82.783150 -111.791000 -80.711006 19.960915 -14.768661 -8.106865 151.750854 -148.025085 -103.268539 169.872131 179.998062 179.999130 173.254837 179.998795 179.999268 0.000000 -0.000000 0.000000 90.965912 -179.741180 -165.002167 91.998909 179.999634 -179.999985 118.399239 179.999847 179.999786 0.000000 -0.000000 0.000000 90.999992 179.999985 179.999985 70.519402 179.999786 179.999954 107.085907 -180.000000 179.999847 0.000000 -0.000000 0.000000 90.984795 179.826370 170.001495 69.999992 -179.999985 179.999985 100.000000 179.999985 -180.000000 0.000000 -0.000000 0.000000 90.939713 179.657990 160.002808 70.000000 -179.999985 -179.999985 100.000038 -179.999985 179.999985
-17.945271 91.368874 -78.249504 1.290987 -9.264787 -10.873397 176.185776 -161.636185 178.054092 178.001404 -176.912811 -151.808350 4.042439 5.076300 -8.806612 1.425453 11.734989 -0.157029 178.228668 -175.247345 -161.937973 176.660736 -162.293594 178.700363 179.226730 -178.559250 -177.848740 178.749054 -178.576309 -177.890259 178.144791 -173.264694 -178.578049 1.480913 0.124229 -4.793723 1.531860 0.150047 -5.592543 0.912109 0.248436 -4.111549 7.814059 11.333726 4.769374 63.986401 -16.328217 -14.300613 88.704933 45.438915 79.388008 172.945618 156.114578 -179.474319 25.349289 32.812546 79.991730 8.407473 -0.000000 0.000001 5.599374 0.000000 -0.000001 0.000000 -0.000000 0.000000 77.956558 3.199984 14.662360 63.445717 -0.000004 0.000006 44.411999 0.000004 -0.000002 0.000000 -0.000000 0.000000 88.999985 -0.000002 -0.000002 96.529053 0.000002 0.000003 64.288361 0.000002 -0.000003 0.000000 -0.000000 0.000000 89.015182 -0.173639 -9.998506 103.654716 0.000004 0.000005 69.034042 0.000003 -0.000010 0.000000 -0.000000 0.000000 89.060280 -0.342006 -19.997198 110.000000 0.000008 0.000011 80.000000 0.000000 0.000005 172.234680 -174.230591 -177.584351 115.629082 -171.321259 -179.194946 82.583794 -111.997238 -80.520271 19.876507 -14.774244 -8.092778 151.918152 -148.301514 -103.552979 169.664398 180.000000 -180.000000 173.116486 -180.000000 -180.000000 0.000000 -0.000000 0.000000 90.965912 -179.741196 -165.002182 92.089088 180.000000 180.000000 118.462364 -180.000000 -179.999985 0.000000 -0.000000 0.000000 91.000000 179.999985 179.999985 70.631180 179.999985 -179.999985 107.160339 180.000000 180.000000 0.000000 -0.000000 0.000000 90.984802 179.826355 170.001495 70.000008 -179.999985 179.999985 100.000000 179.999985 -180.000000 0.000000 -0.000000 0.000000 90.939713 179.657990 160.002808 70.000015 -179.999985 -179.999985 100.000000 180.000000 179.999985
-18.059587 91.283424 -77.772339 1.385966 -9.583113 -10.917959 176.198288 -161.695282 178.481781 177.978500 -176.454056 -153.052475 4.252295 4.965295 -8.078437 1.373162 11.914809 0.137956 178.440964 -175.443268 -161.730865 176.533676 -162.173370 178.433105 179.199661 -178.580078 -177.856323 178.703278 -178.597733 -177.897720 178.089645 -173.361557 -178.586685 1.485335 0.124641 -4.795096 1.536431 0.150544 -5.594138 0.915246 0.243477 -4.112619 7.784980 11.362576 4.736927 64.126060 -16.215490 -14.254467 88.664474 45.601440 79.339523 172.885910 156.168304 -179.512909 25.403557 32.863041 80.039116 8.374393 -0.000063 -0.000030 5.577344 -0.000043 -0.000023 0.000000 -0.000000 0.000003 77.993820 3.190256 14.664428 63.477188 0.000004 -0.000006 44.434021 -0.000001 0.000003 0.000000 -0.000000 0.000003 89.000000 -0.000002 -0.000007 96.555450 -0.000005 0.000005 64.305916 0.000005 -0.000001 0.000000 -0.000000 0.000003 89.015175 -0.173636 -9.998510 103.681221 0.000005 0.000001 69.051659 -0.000006 0.000008 0.000000 -0.000000 0.000003 89.060295 -0.342008 -19.997196 110.000000 0.000008 -0.000001 80.000000 -0.000002 0.000003 172.222778 -174.301270 -177.623810 115.759682 -171.458527 -179.105011 82.374908 -112.183243 -80.316254 19.784569 -14.781734 -8.074210 152.083832 -148.553070 -103.806793 169.478195 179.999359 179.999878 172.992493 179.999588 179.999863 180.000000 180.000000 -179.999985 90.965935 -179.741196 -165.002182 92.186852 179.999954 -179.999969 118.530777 179.999969 179.999985 180.000000 180.000000 -179.999985 91.000000 -180.000000 -180.000000 70.750732 179.999969 -179.999985 107.239998 179.999985 179.999985 180.000000 180.000000 -179.999985 90.984810 179.826370 170.001495 69.999992 179.999985 179.999985 100.000008 -180.000000 -180.000000 180.000000 180.000000 -179.999985 90.939720 179.657990 160.002792 69.999992 179.999985 179.999985 100.000008 -180.000000 179.999985
-18.173336 91.171127 -77.282402 1.506382 -9.974712 -10.977957 176.250443 -161.828125 178.869308 177.817993 -175.919617 -154.194000 4.300195 4.967999 -7.471021 1.313027 12.204832 0.378778 178.671036 -175.579636 -161.298080 176.411026 -162.043472 178.016586 179.167770 -178.609467 -177.863464 178.649307 -178.627853 -177.904724 178.025055 -173.498352 -178.595032 1.490112 0.125135 -4.798664 1.541372 0.151141 -5.598311 0.917898 0.248664 -4.115577 7.765946 11.415788 4.668973 64.248360 -16.056009 -14.112876 88.583504 45.835114 79.249931 172.794220 156.236176 -179.590149 25.459360 32.952297 80.202431 8.291297 -0.000017 -0.000007 5.522004 -0.000017 -0.000005 0.000000 -0.000003 0.000000 77.985664 3.192453 14.664008 63.470276 0.000004 0.000059 44.429184 -0.000033 0.000027 0.000000 -0.000003 0.000000 89.000000 0.000005 -0.000000 96.538826 -0.000017 0.000038 64.294884 -0.000030 0.000009 0.000000 -0.000003 0.000000 89.015182 -0.173642 -9.998509 103.672852 -0.000013 0.000067 69.046066 -0.000035 -0.000003 0.000000 -0.000003 0.000000 89.060295 -0.342003 -19.997192 110.000000 -0.000004 -0.000006 79.999954 0.000001 0.000001 172.211395 -174.418518 -177.712280 115.889839 -171.712509 -179.013962 82.228378 -112.429794 -80.182503 19.711433 -14.781436 -8.069268 152.250412 -149.013000 -104.298958 169.109833 179.999390 179.999954 172.747147 179.999603 179.999924 0.000000 -0.000000 0.000000 90.965935 -179.741196 -165.002182 92.237183 179.999863 -179.999847 118.566048 179.999863 179.999969 0.000000 -0.000000 0.000000 91.000000 180.000000 180.000000 70.820572 179.999847 -179.999847 107.286491 179.999878 179.999939 0.000000 -0.000000 0.000000 90.984795 179.826370 170.001480 70.000008 179.999985 -179.999985 100.000038 -179.999985 180.000000 0.000000 -0.000000 0.000000 90.939705 179.658005 160.002808 70.000023 -180.000000 179.999985 100.000038 180.000000 180.000000
-18.291027 91.030769 -76.778061 1.640763 -10.406835 -11.047668 176.356567 -161.957245 179.206543 177.572708 -175.464462 -155.149216 4.241534 5.077604 -6.918570 1.249354 12.555363 0.550827 178.893768 -175.670197 -160.674606 176.298309 -161.920059 177.493073 179.133698 -178.644806 -177.870422 178.591553 -178.663971 -177.911575 177.956314 -173.662796 -178.603073 1.494782 0.125655 -4.803582 1.546197 0.151766 -5.604044 0.920153 0.258616 -4.119709 7.760270 11.480540 4.584587 64.355400 -15.864088 -13.929391 88.469566 46.098236 79.139664 172.697510 156.306915 -179.685471 25.599791 32.923038 80.336014 8.285298 -0.000044 -0.000010 5.518010 -0.000030 -0.000011 180.000000 179.999985 -180.000000 78.051582 3.175195 14.667663 63.525909 0.000005 0.000015 44.468132 -0.000009 0.000004 180.000000 179.999985 -180.000000 89.000000 -0.000002 -0.000002 96.593582 -0.000014 -0.000006 64.331284 0.000002 0.000009 180.000000 179.999985 -180.000000 89.015236 -0.173636 -9.998502 103.746399 -0.000024 0.000036 69.095169 -0.000018 -0.000004 180.000000 179.999985 -180.000000 89.060295 -0.342001 -19.997194 110.000000 0.000003 -0.000002 79.999969 -0.000004 0.000010 172.206314 -174.560562 -177.825958 116.014206 -172.059326 -178.959869 82.113632 -112.739174 -80.090637 19.664360 -14.778531 -8.074003 152.434311 -149.253906 -104.541977 168.937119 179.999130 -179.999969 172.632126 179.999435 179.999939 180.000000 -179.999985 180.000000 90.965958 -179.741196 -165.002182 92.331940 179.999832 -179.999741 118.632324 179.999786 179.999985 180.000000 -179.999985 180.000000 91.000015 -180.000000 -180.000000 70.939522 179.999725 -179.999725 107.365715 179.999771 179.999878 180.000000 -179.999985 180.000000 90.984795 179.826355 170.001495 69.999992 -179.999985 -180.000000 100.000038 179.999985 -179.999985 180.000000 -179.999985 180.000000 90.939743 179.657990 160.002792 70.000008 -180.000000 -179.999985 99.999977 -179.999985 -179.999985
-18.419256 90.861977 -76.254944 1.787204 -10.879734 -11.124681 176.575150 -162.149078 179.488098 177.191193 -175.004745 -155.810547 4.044381 5.269577 -6.729579 1.211065 12.962389 0.644056 179.077362 -175.719788 -159.821014 176.188248 -161.805679 176.853729 179.097641 -178.686493 -177.877243 178.530426 -178.706467 -177.918320 177.883972 -173.856796 -178.610580 1.497478 0.125914 -4.805326 1.548987 0.152079 -5.606071 0.920452 0.277997 -4.121177 7.767840 11.548225 4.495014 64.447029 -15.623010 -13.707563 88.311905 46.396931 79.003616 172.608109 156.374741 -179.790024 25.725582 32.869305 80.526459 8.275489 -0.000078 -0.000011 5.511476 -0.000054 -0.000011 0.000003 0.000003 0.000003 78.073143 3.169441 14.668803 63.544247 -0.000009 -0.000050 44.480949 0.000036 -0.000033 0.000003 0.000003 0.000003 88.999962 0.000000 0.000014 96.605965 0.000065 -0.000076 64.339554 0.000050 0.000003 0.000003 0.000003 0.000003 89.015190 -0.173644 -9.998507 103.779259 0.000038 -0.000030 69.116928 0.000026 0.000010 0.000003 0.000003 0.000003 89.060234 -0.342008 -19.997185 110.000023 0.000007 0.000004 79.999985 0.000002 -0.000007 172.206635 -174.716354 -177.948898 116.140671 -172.493790 -178.962158 82.011246 -113.119286 -80.015533 19.654676 -14.772145 -8.093555 152.618195 -149.409912 -104.786903 168.808655 179.998795 -179.999847 172.546555 179.999191 179.999985 0.000000 -0.000000 0.000000 90.965897 -179.741196 -165.002197 92.411049 179.999847 -179.999710 118.687737 179.999756 180.000000 0.000000 -0.000000 0.000000 90.999992 179.999985 -179.999985 71.040596 179.999634 -179.999603 107.433006 179.999680 179.999847 0.000000 -0.000000 0.000000 90.984779 179.826370 170.001495 70.000008 180.000000 180.000000 100.000008 -179.999985 -180.000000 0.000000 -0.000000 0.000000 90.939728 179.657990 160.002792 70.000008 -180.000000 -179.999985 100.000023 179.999985 179.999985
-18.577225 90.629311 -75.720612 1.902435 -11.430777 -11.211539 176.865845 -162.552948 179.613770 176.764114 -174.875488 -155.822647 3.579209 5.398405 -7.486897 1.343900 13.447593 0.406858 179.173660 -175.860352 -158.277283 175.950943 -161.555710 176.228195 179.069870 -178.738312 -177.862442 178.482895 -178.759155 -177.903671 177.828476 -174.098480 -178.599396 1.504579 0.126668 -4.810837 1.556325 0.152995 -5.612494 0.920381 0.341305 -4.125549 7.791719 11.612427 4.383460 64.509857 -15.247223 -13.408604 88.147057 46.731445 78.912811 172.441452 156.467102 -179.923096 25.799177 32.824436 80.672783 8.267138 -0.000003 0.000001 5.505915 0.000000 -0.000001 0.000000 -0.000000 0.000003 78.062485 3.172307 14.668238 63.535198 0.000002 -0.000003 44.474621 -0.000002 -0.000004 0.000000 -0.000000 0.000003 88.999977 0.000005 -0.000005 96.589882 0.000005 -0.000005 64.328842 -0.000004 0.000006 0.000000 -0.000000 0.000003 89.015175 -0.173639 -9.998517 103.771004 0.000002 0.000007 69.111465 0.000004 -0.000006 0.000000 -0.000000 0.000003 89.060265 -0.342005 -19.997194 110.000015 0.000003 -0.000002 80.000008 -0.000000 -0.000005 172.203369 -174.885117 -178.087082 116.315704 -173.103851 -179.113708 81.851814 -113.661491 -79.923965 19.714617 -14.753035 -8.165283 152.790237 -149.480118 -105.060394 168.715500 -180.000000 179.999985 172.484512 -180.000000 -180.000000 0.000000 -0.000000 0.000003 90.965935 -179.741196 -165.002197 92.446068 179.999985 179.999985 118.712242 -180.000000 -179.999985 0.000000 -0.000000 0.000003 91.000000 180.000000 -179.999985 71.098564 -179.999985 180.000000 107.471649 -179.999985 180.000000 0.000000 -0.000000 0.000003 90.984818 179.826370 170.001495 69.999985 179.999985 179.999985 100.000023 180.000000 179.999985 0.000000 -0.000000 0.000003 90.939728 179.657990 160.002808 69.999992 -179.999985 -179.999985 100.000023 -179.999985 179.999985
-18.730822 90.403351 -75.185791 2.026492 -11.973238 -11.298168 177.156555 -162.949524 179.756699 176.317352 -174.662506 -155.884827 3.103163 5.556786 -8.166209 1.453818 13.943882 0.216572 179.279007 -175.957092 -156.815811 175.743607 -161.319534 175.582809 179.040161 -178.789337 -177.851639 178.432175 -178.811050 -177.893158 177.769211 -174.336288 -178.592209 1.510689 0.127299 -4.815223 1.562642 0.153754 -5.617609 0.920111 0.398982 -4.129161 7.814576 11.674989 4.274286 64.579941 -14.888834 -13.120382 87.976494 47.057724 78.814735 172.282181 156.558487 179.947922 25.872534 32.764275 80.825874 8.265203 -0.000048 -0.000006 5.504620 -0.000031 -0.000004 180.000000 179.999985 179.999985 78.045837 3.176675 14.667324 63.521107 0.000010 0.000010 44.464775 -0.000009 0.000004 180.000000 179.999985 179.999985 88.999985 0.000002 -0.000012 96.569489 -0.000007 -0.000003 64.315285 0.000002 -0.000003 180.000000 179.999985 179.999985 89.015190 -0.173636 -9.998504 103.756577 -0.000016 0.000008 69.101891 -0.000010 -0.000003 180.000000 179.999985 179.999985 89.060265 -0.342013 -19.997204 110.000015 -0.000006 0.000004 80.000008 0.000004 -0.000002 172.202347 -175.051590 -178.223648 116.484123 -173.699265 -179.262497 81.703674 -114.201691 -79.834702 19.767904 -14.736199 -8.229325 152.962845 -149.554031 -105.327835 168.622086 179.999771 -179.999969 172.422302 179.999847 -179.999985 0.000000 -0.000000 0.000000 90.965927 -179.741196 -165.002182 92.486229 179.999985 -179.999985 118.740349 179.999985 -179.999985 0.000000 -0.000000 0.000000 91.000000 -179.999985 179.999985 71.161591 179.999954 -179.999954 107.513618 179.999954 179.999985 0.000000 -0.000000 0.000000 90.984802 179.826370 170.001511 69.999992 -179.999985 -179.999985 100.000000 179.999985 -179.999985 0.000000 -0.000000 0.000000 90.939713 179.657990 160.002808 69.999992 179.999985 -179.999985 100.000008 -179.999985 179.999985
-18.893993 90.154404 -74.644829 2.141248 -12.556118 -11.391871 177.438858 -163.387268 179.845932 175.882599 -174.709137 -155.758469 2.671499 5.636905 -9.291091 1.630838 14.477233 -0.107048 179.361649 -176.086411 -155.054565 175.472229 -161.018692 174.953049 179.012680 -178.845749 -177.832169 178.385223 -178.868347 -177.874176 177.714798 -174.599045 -178.577881 1.519446 0.128180 -4.820623 1.571701 0.154814 -5.623916 0.920697 0.468105 -4.133664 7.845176 11.734353 4.157254 64.641792 -14.462577 -12.777678 87.792732 47.425159 78.722916 172.088562 156.664520 179.809464 25.938761 32.736141 80.939217 8.256323 -0.000293 0.000032 5.498702 -0.000205 0.000003 0.000000 0.000007 0.000000 78.041573 3.177934 14.667136 63.517414 0.000010 0.000130 44.462219 -0.000059 0.000072 0.000000 0.000007 0.000000 89.000015 -0.000010 0.000000 96.554619 -0.000038 0.000080 64.305374 -0.000071 -0.000009 0.000000 0.000007 0.000000 89.015228 -0.173641 -9.998507 103.757614 -0.000069 0.000111 69.102577 -0.000087 -0.000018 0.000000 0.000007 0.000000 89.060295 -0.342005 -19.997198 110.000015 0.000005 0.000001 80.000000 -0.000003 0.000006 172.200592 -175.222534 -178.365616 116.665932 -174.355194 -179.414108 81.555855 -114.758842 -79.752029 19.842535 -14.712747 -8.321907 153.131592 -149.605911 -105.624023 168.531174 179.999405 -179.999863 172.361755 179.999588 -179.999969 0.000000 -0.000000 0.000000 90.965942 -179.741196 -165.002182 92.509872 -179.999985 179.999985 118.756912 -179.999985 -180.000000 0.000000 -0.000000 0.000000 91.000015 -179.999985 -180.000000 71.209496 179.999939 -179.999939 107.545486 179.999969 179.999969 0.000000 -0.000000 0.000000 90.984818 179.826370 170.001480 69.999992 -180.000000 179.999985 100.000023 179.999985 -179.999985 0.000000 -0.000000 0.000000 90.939728 179.658005 160.002792 70.000008 -179.999985 -179.999985 100.000008 180.000000 -179.999985
-19.071514 89.876877 -74.101540 2.237194 -13.091685 -11.493462 177.671219 -163.672974 179.893570 175.559067 -175.062515 -155.413422 2.305908 5.654731 -10.413330 1.832969 14.876925 -0.525430 179.470901 -176.502533 -153.189896 175.186996 -160.502930 174.465958 178.989960 -178.900299 -177.800964 178.346481 -178.923843 -177.843567 177.669739 -174.852966 -178.553955 1.529131 0.129125 -4.825662 1.581732 0.155937 -5.629795 0.921954 0.537144 -4.137945 7.889048 11.778854 4.064079 64.692627 -14.026148 -12.486078 87.645744 47.716824 78.699997 171.861115 156.763504 179.671646 26.022375 32.745632 80.961914 8.253059 -0.001582 0.000245 5.496540 -0.001063 0.000064 0.000000 -0.000003 0.000000 78.108826 3.160348 14.670836 63.574253 0.000028 0.000126 44.501987 -0.000037 0.000073 0.000000 -0.000003 0.000000 88.999977 0.000000 0.000005 96.608269 -0.000008 0.000048 64.341110 -0.000025 0.000008 0.000000 -0.000003 0.000000 89.015190 -0.173636 -9.998504 103.815689 -0.000095 0.000161 69.141228 -0.000115 -0.000013 0.000000 -0.000003 0.000000 89.060280 -0.341999 -19.997204 110.000000 -0.000002 -0.000003 79.999969 0.000003 0.000007 172.201935 -175.359741 -178.485031 116.837326 -174.984253 -179.581100 81.411652 -115.280357 -79.680588 19.921099 -14.688396 -8.445848 153.272858 -149.517761 -105.833214 168.535309 179.996933 -179.999176 172.364502 179.997894 -179.999725 180.000000 -180.000000 179.999985 90.965958 -179.741196 -165.002197 92.504677 -179.999985 179.999985 118.753304 -179.999985 179.999985 180.000000 -180.000000 179.999985 91.000000 -179.999985 179.999985 71.220718 179.999832 -179.999832 107.553001 179.999847 179.999924 180.000000 -180.000000 179.999985 90.984795 179.826370 170.001480 70.000008 -179.999985 -179.999985 100.000023 179.999985 179.999985 180.000000 -180.000000 179.999985 90.939690 179.657990 160.002808 69.999992 179.999985 -179.999985 100.000038 180.000000 -179.999985